-- =====================================================
-- 2_Data.sql  –  Hệ thống Quản lý Nhân Khẩu
-- Dữ liệu mẫu thực tế:
--   hokhau       : 300 hộ
--   nhankhau     : 1 000 nhân khẩu
--   tienantiensu :   150 bản ghi
--   tamtru       :   400 bản ghi
--   kethon       :   200 cặp
--   chungtu      :   120 khai tử
--   canbo        :    30 tài khoản
-- Tổng: 2 200 bản ghi
-- =====================================================

USE project;

SET NAMES utf8mb4;
SET FOREIGN_KEY_CHECKS = 0;   -- tắt FK khi load hàng loạt

-- =====================================================
-- BẢNG: canbo  (30 tài khoản)
-- =====================================================
INSERT INTO canbo VALUES ('quantri01','Pass@71615');
INSERT INTO canbo VALUES ('truongphong02','Pass@33816');
INSERT INTO canbo VALUES ('canbo03','Pass@85805');
INSERT INTO canbo VALUES ('nhanvien04','Pass@49813');
INSERT INTO canbo VALUES ('giamdoc05','Pass@36240');
INSERT INTO canbo VALUES ('phogiamdoc06','Pass@63751');
INSERT INTO canbo VALUES ('ketoan07','Pass@44763');
INSERT INTO canbo VALUES ('thongke08','Pass@79885');
INSERT INTO canbo VALUES ('kythuat09','Pass@42134');
INSERT INTO canbo VALUES ('hanhdong10','Pass@93381');
INSERT INTO canbo VALUES ('quantri11','Pass@75313');
INSERT INTO canbo VALUES ('truongphong12','Pass@56422');
INSERT INTO canbo VALUES ('canbo13','Pass@64509');
INSERT INTO canbo VALUES ('nhanvien14','Pass@79118');
INSERT INTO canbo VALUES ('giamdoc15','Pass@90694');
INSERT INTO canbo VALUES ('phogiamdoc16','Pass@38590');
INSERT INTO canbo VALUES ('ketoan17','Pass@50570');
INSERT INTO canbo VALUES ('thongke18','Pass@81281');
INSERT INTO canbo VALUES ('kythuat19','Pass@53285');
INSERT INTO canbo VALUES ('hanhdong20','Pass@78072');
INSERT INTO canbo VALUES ('quantri21','Pass@19787');
INSERT INTO canbo VALUES ('truongphong22','Pass@37050');
INSERT INTO canbo VALUES ('canbo23','Pass@71411');
INSERT INTO canbo VALUES ('nhanvien24','Pass@95527');
INSERT INTO canbo VALUES ('giamdoc25','Pass@29447');
INSERT INTO canbo VALUES ('phogiamdoc26','Pass@79678');
INSERT INTO canbo VALUES ('ketoan27','Pass@37867');
INSERT INTO canbo VALUES ('thongke28','Pass@63989');
INSERT INTO canbo VALUES ('kythuat29','Pass@17665');
INSERT INTO canbo VALUES ('hanhdong30','Pass@55802');

-- =====================================================
-- BẢNG: hokhau  (300 hộ)
-- =====================================================
INSERT INTO hokhau VALUES ('HK00000001','Mai Trung Sơn','055356659363','Xã Tân Hòa','Số 239, Đường Nguyễn Huệ, Xã Tân Hòa, Lạng Sơn','2004-03-04');
INSERT INTO hokhau VALUES ('HK00000002','Lâm Tuấn Bảo','085969159337','Phường 1','Số 384, Đường Lý Thường Kiệt, Phường 1, Nam Định','2011-05-28');
INSERT INTO hokhau VALUES ('HK00000003','Võ Gia Hưng','055722539112','Phường 3','Số 104, Đường Đinh Tiên Hoàng, Phường 3, Hải Dương','1995-03-12');
INSERT INTO hokhau VALUES ('HK00000004','Vũ Thanh Lan','043794786631','Phường 3','Số 225, Đường Bà Triệu, Phường 3, Bắc Ninh','2008-07-08');
INSERT INTO hokhau VALUES ('HK00000005','Đinh Bích Vân','033628355098','Phường 5','Số 143, Đường Trần Phú, Phường 5, Thái Nguyên','2011-11-29');
INSERT INTO hokhau VALUES ('HK00000006','Đoàn Công Linh','091823792212','Phường 2','Số 61, Đường Lý Thường Kiệt, Phường 2, Hà Nội','2022-09-17');
INSERT INTO hokhau VALUES ('HK00000007','Lưu Hữu Đạt','028501402019','Phường 2','Số 416, Đường Lê Duẩn, Phường 2, Vĩnh Phúc','2022-10-21');
INSERT INTO hokhau VALUES ('HK00000008','Dương Thành Vinh','054773697692','Phường 4','Số 297, Đường Lý Thường Kiệt, Phường 4, Quảng Ninh','2004-05-25');
INSERT INTO hokhau VALUES ('HK00000009','Đỗ Khắc Quang','001503860397','Phường 3','Số 160, Đường Hai Bà Trưng, Phường 3, Bắc Ninh','2019-11-16');
INSERT INTO hokhau VALUES ('HK00000010','Bùi Thị Xuân','058423916122','Xã Long Phú','Số 281, Đường Hùng Vương, Xã Long Phú, Hà Nội','1996-02-19');
INSERT INTO hokhau VALUES ('HK00000011','Đỗ Khắc Linh','067952011562','Xã An Bình','Số 158, Đường Phan Bội Châu, Xã An Bình, Hải Dương','2017-08-31');
INSERT INTO hokhau VALUES ('HK00000012','Vương Tuấn Long','015892399161','Phường 2','Số 28, Đường Hoàng Diệu, Phường 2, Cần Thơ','2021-10-31');
INSERT INTO hokhau VALUES ('HK00000013','Nguyễn Xuân Dũng','036896792384','Phường 5','Số 223, Đường Trần Hưng Đạo, Phường 5, Bắc Giang','2007-05-26');
INSERT INTO hokhau VALUES ('HK00000014','Hồ Gia Phúc','045883353679','Xã Hùng Sơn','Số 183, Đường Ngô Quyền, Xã Hùng Sơn, Quảng Ninh','2008-11-04');
INSERT INTO hokhau VALUES ('HK00000015','Dương Đình Bình','046346825482','Phường 5','Số 492, Đường Hoàng Diệu, Phường 5, Quảng Ninh','1999-03-06');
INSERT INTO hokhau VALUES ('HK00000016','Đặng Hương Nhung','086427509612','Thị trấn Bắc Giang','Số 113, Đường Ngô Quyền, Thị trấn Bắc Giang, Thái Nguyên','1999-07-19');
INSERT INTO hokhau VALUES ('HK00000017','Mai Tất Mạnh','004836237417','Xã Tân Hòa','Số 314, Đường Đinh Tiên Hoàng, Xã Tân Hòa, Bắc Ninh','2000-07-27');
INSERT INTO hokhau VALUES ('HK00000018','Vương Kiều Hằng','013932426125','Phường 2','Số 304, Đường Phan Bội Châu, Phường 2, Bắc Giang','2013-07-01');
INSERT INTO hokhau VALUES ('HK00000019','Nguyễn Ngọc Mạnh','062942843826','Xã An Bình','Số 323, Đường Bà Triệu, Xã An Bình, Đà Nẵng','2019-04-28');
INSERT INTO hokhau VALUES ('HK00000020','Võ Văn Thắng','091686072457','Phường 4','Số 65, Đường Trần Phú, Phường 4, Quảng Ninh','2010-08-03');
INSERT INTO hokhau VALUES ('HK00000021','Quách Tú Nhung','004267587521','Phường 5','Số 247, Đường Hoàng Diệu, Phường 5, Thái Nguyên','2017-10-07');
INSERT INTO hokhau VALUES ('HK00000022','Dương Thúy Linh','002160411773','Thị trấn Bắc Giang','Số 138, Đường Lý Thường Kiệt, Thị trấn Bắc Giang, Bắc Giang','2018-08-16');
INSERT INTO hokhau VALUES ('HK00000023','Hà Trung Thắng','084749038734','Thị trấn Bắc Giang','Số 346, Đường Bà Triệu, Thị trấn Bắc Giang, Ninh Bình','2009-01-28');
INSERT INTO hokhau VALUES ('HK00000024','Đỗ Kim Hà','005095532478','Phường 5','Số 169, Đường Lê Lợi, Phường 5, Bắc Giang','1997-03-31');
INSERT INTO hokhau VALUES ('HK00000025','Hồ Ngọc Trang','032250756315','Phường 3','Số 52, Đường Hùng Vương, Phường 3, Hải Dương','2022-05-20');
INSERT INTO hokhau VALUES ('HK00000026','Đào Phương Lan','021867677307','Xã Long Phú','Số 168, Đường Lê Lợi, Xã Long Phú, Lạng Sơn','2023-09-16');
INSERT INTO hokhau VALUES ('HK00000027','Đỗ Đình Bảo','051579974668','Thị trấn Bắc Giang','Số 419, Đường Nguyễn Huệ, Thị trấn Bắc Giang, Hải Phòng','2023-09-25');
INSERT INTO hokhau VALUES ('HK00000028','Lâm Xuân Kiên','062230040152','Phường 5','Số 462, Đường Nguyễn Huệ, Phường 5, Hà Nội','2005-04-15');
INSERT INTO hokhau VALUES ('HK00000029','Hoàng Quốc Mạnh','051858215409','Phường 4','Số 459, Đường Trần Hưng Đạo, Phường 4, Hải Phòng','2017-10-13');
INSERT INTO hokhau VALUES ('HK00000030','Vương Quốc Quang','025480735702','Thị trấn Bắc Giang','Số 222, Đường Ngô Quyền, Thị trấn Bắc Giang, Thái Nguyên','2004-05-17');
INSERT INTO hokhau VALUES ('HK00000031','Dương Minh Lộc','013012733376','Xã An Bình','Số 35, Đường Lê Duẩn, Xã An Bình, Nam Định','2022-11-20');
INSERT INTO hokhau VALUES ('HK00000032','Mai Mỹ Nhi','068423532702','Xã Hùng Sơn','Số 41, Đường Hùng Vương, Xã Hùng Sơn, Quảng Ninh','2007-05-13');
INSERT INTO hokhau VALUES ('HK00000033','Hồ Thu Thảo','067914849251','Xã Tân Hòa','Số 348, Đường Lý Thường Kiệt, Xã Tân Hòa, Quảng Ninh','2023-04-21');
INSERT INTO hokhau VALUES ('HK00000034','Cao Công Giang','082719967996','Xã An Bình','Số 42, Đường Đinh Tiên Hoàng, Xã An Bình, Hải Dương','2014-08-22');
INSERT INTO hokhau VALUES ('HK00000035','Đoàn Thành Long','096087850429','Xã Long Phú','Số 166, Đường Lê Duẩn, Xã Long Phú, Đà Nẵng','2007-04-14');
INSERT INTO hokhau VALUES ('HK00000036','Tạ Phương Quyên','081784509373','Phường 4','Số 113, Đường Lê Duẩn, Phường 4, Quảng Ninh','2023-11-11');
INSERT INTO hokhau VALUES ('HK00000037','Hoàng Viết Thắng','086448512318','Phường 5','Số 225, Đường Hai Bà Trưng, Phường 5, Vĩnh Phúc','2023-04-15');
INSERT INTO hokhau VALUES ('HK00000038','Hà Lan Thư','022146285455','Thị trấn Bắc Giang','Số 17, Đường Lê Duẩn, Thị trấn Bắc Giang, Quảng Ninh','2017-01-25');
INSERT INTO hokhau VALUES ('HK00000039','Dương Thanh Xuân','000642301923','Phường 3','Số 226, Đường Lý Thường Kiệt, Phường 3, Nam Định','1998-08-17');
INSERT INTO hokhau VALUES ('HK00000040','Nguyễn Bích Yến','039987373045','Phường 3','Số 437, Đường Nguyễn Huệ, Phường 3, TP. Hồ Chí Minh','2012-05-18');
INSERT INTO hokhau VALUES ('HK00000041','Đỗ Thúy Trang','083721412395','Phường 5','Số 15, Đường Nguyễn Huệ, Phường 5, Ninh Bình','2018-09-11');
INSERT INTO hokhau VALUES ('HK00000042','Mai Lan Hà','061230419937','Phường 4','Số 204, Đường Trần Phú, Phường 4, Ninh Bình','2010-04-07');
INSERT INTO hokhau VALUES ('HK00000043','Võ Công Khải','057930931837','Xã Tân Hòa','Số 462, Đường Lý Thường Kiệt, Xã Tân Hòa, Hà Nội','2006-05-19');
INSERT INTO hokhau VALUES ('HK00000044','Trần Tú Châu','007656611259','Xã Long Phú','Số 265, Đường Trần Phú, Xã Long Phú, Quảng Ninh','2006-11-04');
INSERT INTO hokhau VALUES ('HK00000045','Tô Tất Linh','057306265206','Phường 3','Số 420, Đường Hoàng Diệu, Phường 3, Nam Định','2003-03-11');
INSERT INTO hokhau VALUES ('HK00000046','Hà Tuấn Giang','040756659004','Xã An Bình','Số 308, Đường Nguyễn Huệ, Xã An Bình, Bắc Ninh','1996-11-03');
INSERT INTO hokhau VALUES ('HK00000047','Đinh Công Hưng','038729801101','Xã Long Phú','Số 465, Đường Lê Lợi, Xã Long Phú, Ninh Bình','2016-12-08');
INSERT INTO hokhau VALUES ('HK00000048','Mai Mai Châu','069908081396','Phường 1','Số 412, Đường Lê Duẩn, Phường 1, Ninh Bình','1998-03-19');
INSERT INTO hokhau VALUES ('HK00000049','Trần Nhật Mạnh','011968907771','Phường 1','Số 33, Đường Đinh Tiên Hoàng, Phường 1, TP. Hồ Chí Minh','2012-02-12');
INSERT INTO hokhau VALUES ('HK00000050','Huỳnh Hoài Nhung','092330484607','Xã Tân Hòa','Số 265, Đường Trần Phú, Xã Tân Hòa, Bắc Ninh','2011-02-14');
INSERT INTO hokhau VALUES ('HK00000051','Đoàn Ngọc Thư','004525370248','Phường 1','Số 460, Đường Lê Duẩn, Phường 1, Thái Nguyên','2003-11-27');
INSERT INTO hokhau VALUES ('HK00000052','Phan Hương Vân','000169006324','Xã Hùng Sơn','Số 204, Đường Phan Bội Châu, Xã Hùng Sơn, Bắc Ninh','2014-04-09');
INSERT INTO hokhau VALUES ('HK00000053','Trần Phương Bích','029997591763','Xã Hùng Sơn','Số 249, Đường Hùng Vương, Xã Hùng Sơn, Cần Thơ','2003-05-20');
INSERT INTO hokhau VALUES ('HK00000054','Lê Thúy Trâm','085646914715','Phường 1','Số 449, Đường Bà Triệu, Phường 1, Cần Thơ','2014-01-14');
INSERT INTO hokhau VALUES ('HK00000055','Đỗ Diệu Bích','010795730111','Xã Long Phú','Số 48, Đường Phan Bội Châu, Xã Long Phú, Nam Định','1996-07-17');
INSERT INTO hokhau VALUES ('HK00000056','Đinh Hương Dung','000111509039','Xã An Bình','Số 365, Đường Hoàng Diệu, Xã An Bình, Ninh Bình','2007-06-17');
INSERT INTO hokhau VALUES ('HK00000057','Tống Bích Quỳnh','086755376171','Phường 5','Số 8, Đường Bà Triệu, Phường 5, Cần Thơ','2023-03-28');
INSERT INTO hokhau VALUES ('HK00000058','Nguyễn Thu Hoa','022315036017','Phường 1','Số 242, Đường Hùng Vương, Phường 1, TP. Hồ Chí Minh','1996-03-26');
INSERT INTO hokhau VALUES ('HK00000059','Võ Kim Trâm','037620294845','Xã Tân Hòa','Số 30, Đường Đinh Tiên Hoàng, Xã Tân Hòa, Đà Nẵng','2015-10-08');
INSERT INTO hokhau VALUES ('HK00000060','Vũ Thu Chi','086048611470','Thị trấn Bắc Giang','Số 470, Đường Hai Bà Trưng, Thị trấn Bắc Giang, Thái Nguyên','2023-05-14');
INSERT INTO hokhau VALUES ('HK00000061','Hoàng Bích Oanh','013705889576','Xã Tân Hòa','Số 297, Đường Lê Duẩn, Xã Tân Hòa, Cần Thơ','2001-06-23');
INSERT INTO hokhau VALUES ('HK00000062','Hồ Phương Nhi','051635335532','Xã An Bình','Số 422, Đường Hai Bà Trưng, Xã An Bình, Thái Nguyên','2021-06-03');
INSERT INTO hokhau VALUES ('HK00000063','Đỗ Bá Giang','007305336550','Phường 3','Số 380, Đường Ngô Quyền, Phường 3, Thanh Hóa','2015-03-04');
INSERT INTO hokhau VALUES ('HK00000064','Nguyễn Thùy Lam','030759240954','Xã Long Phú','Số 281, Đường Bà Triệu, Xã Long Phú, Hải Dương','2007-07-22');
INSERT INTO hokhau VALUES ('HK00000065','Đào Thành Kiên','079019111557','Phường 3','Số 93, Đường Đinh Tiên Hoàng, Phường 3, Đà Nẵng','2014-09-05');
INSERT INTO hokhau VALUES ('HK00000066','Ngô Nhật Hưng','002899919585','Phường 2','Số 455, Đường Đinh Tiên Hoàng, Phường 2, Hải Phòng','1996-02-09');
INSERT INTO hokhau VALUES ('HK00000067','Lê Thành Tài','018640141354','Phường 4','Số 65, Đường Hoàng Diệu, Phường 4, Ninh Bình','2023-03-24');
INSERT INTO hokhau VALUES ('HK00000068','Đào Quốc Nam','012087973815','Phường 2','Số 325, Đường Lê Lợi, Phường 2, TP. Hồ Chí Minh','1995-06-12');
INSERT INTO hokhau VALUES ('HK00000069','Phạm Hùng Mạnh','069941805314','Phường 4','Số 498, Đường Trần Phú, Phường 4, Hải Phòng','2017-10-28');
INSERT INTO hokhau VALUES ('HK00000070','Mai Mai Quỳnh','028060749639','Phường 2','Số 238, Đường Nguyễn Huệ, Phường 2, Vĩnh Phúc','2010-08-21');
INSERT INTO hokhau VALUES ('HK00000071','Quách Xuân Hải','049087269778','Xã Tân Hòa','Số 489, Đường Lê Duẩn, Xã Tân Hòa, Nam Định','2020-01-08');
INSERT INTO hokhau VALUES ('HK00000072','Bùi Tuấn Thọ','003813658600','Xã Long Phú','Số 402, Đường Trần Phú, Xã Long Phú, Vĩnh Phúc','2000-07-26');
INSERT INTO hokhau VALUES ('HK00000073','Quách Hoài Hà','038439606291','Xã Tân Hòa','Số 423, Đường Hùng Vương, Xã Tân Hòa, Hải Phòng','2005-04-21');
INSERT INTO hokhau VALUES ('HK00000074','Huỳnh Mai Dung','075415337693','Phường 1','Số 261, Đường Trần Phú, Phường 1, Bắc Ninh','2004-01-03');
INSERT INTO hokhau VALUES ('HK00000075','Vương Tuyết Nhung','090119971698','Thị trấn Bắc Giang','Số 337, Đường Trần Hưng Đạo, Thị trấn Bắc Giang, Thanh Hóa','2006-07-22');
INSERT INTO hokhau VALUES ('HK00000076','Cao Đức Khánh','064355158357','Phường 3','Số 53, Đường Nguyễn Huệ, Phường 3, Cần Thơ','2001-07-12');
INSERT INTO hokhau VALUES ('HK00000077','Bùi Anh Mạnh','040743400873','Phường 3','Số 437, Đường Hoàng Diệu, Phường 3, Cần Thơ','1996-12-22');
INSERT INTO hokhau VALUES ('HK00000078','Đào Thành Tài','019299408455','Phường 2','Số 89, Đường Trần Phú, Phường 2, Hà Nội','2017-10-23');
INSERT INTO hokhau VALUES ('HK00000079','Võ Hữu Tài','097169988517','Phường 2','Số 290, Đường Hoàng Diệu, Phường 2, Vĩnh Phúc','2003-04-02');
INSERT INTO hokhau VALUES ('HK00000080','Dương Thị Ánh','013238007126','Thị trấn Bắc Giang','Số 278, Đường Ngô Quyền, Thị trấn Bắc Giang, Quảng Ninh','1996-03-14');
INSERT INTO hokhau VALUES ('HK00000081','Lâm Ngọc Đạt','072292813200','Phường 3','Số 191, Đường Đinh Tiên Hoàng, Phường 3, Quảng Ninh','2016-04-15');
INSERT INTO hokhau VALUES ('HK00000082','Lê Diệu Ánh','088713852691','Xã Long Phú','Số 139, Đường Hai Bà Trưng, Xã Long Phú, Lạng Sơn','2021-07-11');
INSERT INTO hokhau VALUES ('HK00000083','Tô Quốc Tuấn','011918308324','Phường 5','Số 279, Đường Lê Duẩn, Phường 5, Hà Nội','2007-11-19');
INSERT INTO hokhau VALUES ('HK00000084','Vũ Kiều An','011629806632','Xã Tân Hòa','Số 75, Đường Phan Bội Châu, Xã Tân Hòa, Lạng Sơn','1998-04-20');
INSERT INTO hokhau VALUES ('HK00000085','Lâm Khắc Nam','093418905062','Phường 1','Số 218, Đường Hoàng Diệu, Phường 1, TP. Hồ Chí Minh','2016-05-30');
INSERT INTO hokhau VALUES ('HK00000086','Vương Mai Dung','093877294517','Phường 5','Số 392, Đường Hùng Vương, Phường 5, TP. Hồ Chí Minh','2011-12-01');
INSERT INTO hokhau VALUES ('HK00000087','Lưu Anh Tài','069120256543','Xã Hùng Sơn','Số 52, Đường Hùng Vương, Xã Hùng Sơn, Quảng Ninh','1998-11-24');
INSERT INTO hokhau VALUES ('HK00000088','Vũ Thanh Mai','070876047153','Xã Long Phú','Số 14, Đường Hoàng Diệu, Xã Long Phú, Thái Nguyên','2003-07-19');
INSERT INTO hokhau VALUES ('HK00000089','Lê Ngọc Khoa','070427430561','Thị trấn Bắc Giang','Số 466, Đường Trần Phú, Thị trấn Bắc Giang, Thái Nguyên','1997-12-11');
INSERT INTO hokhau VALUES ('HK00000090','Đoàn Thùy Xuân','048968416361','Xã Tân Hòa','Số 309, Đường Đinh Tiên Hoàng, Xã Tân Hòa, Ninh Bình','2001-09-11');
INSERT INTO hokhau VALUES ('HK00000091','Tô Lan Loan','041298898208','Xã Long Phú','Số 493, Đường Trần Hưng Đạo, Xã Long Phú, Hải Dương','2005-06-24');
INSERT INTO hokhau VALUES ('HK00000092','Ngô Thu Vân','001515835203','Phường 3','Số 380, Đường Phan Bội Châu, Phường 3, Nam Định','2020-07-16');
INSERT INTO hokhau VALUES ('HK00000093','Hoàng Văn Quân','093486519733','Phường 1','Số 322, Đường Ngô Quyền, Phường 1, Cần Thơ','2016-11-05');
INSERT INTO hokhau VALUES ('HK00000094','Tô Thành Đạt','029616772600','Phường 1','Số 323, Đường Hai Bà Trưng, Phường 1, TP. Hồ Chí Minh','2001-09-11');
INSERT INTO hokhau VALUES ('HK00000095','Đỗ Ánh Lam','005147687730','Xã An Bình','Số 475, Đường Lý Thường Kiệt, Xã An Bình, Thanh Hóa','2021-02-10');
INSERT INTO hokhau VALUES ('HK00000096','Ngô Lan Yến','080604084682','Phường 3','Số 279, Đường Bà Triệu, Phường 3, Hải Phòng','2017-01-25');
INSERT INTO hokhau VALUES ('HK00000097','Trần Thanh Xuân','081090495319','Xã Tân Hòa','Số 287, Đường Lê Duẩn, Xã Tân Hòa, Quảng Ninh','2022-12-15');
INSERT INTO hokhau VALUES ('HK00000098','Phạm Phương Ngân','023178586761','Phường 2','Số 4, Đường Lê Duẩn, Phường 2, Cần Thơ','1998-07-12');
INSERT INTO hokhau VALUES ('HK00000099','Dương Mỹ Hoa','021469199422','Phường 5','Số 43, Đường Ngô Quyền, Phường 5, Thanh Hóa','2012-08-13');
INSERT INTO hokhau VALUES ('HK00000100','Mai Đình Quang','086544131708','Phường 4','Số 21, Đường Hoàng Diệu, Phường 4, Hải Dương','2012-01-13');
INSERT INTO hokhau VALUES ('HK00000101','Dương Hồng Trang','074809226993','Phường 2','Số 135, Đường Ngô Quyền, Phường 2, Ninh Bình','2022-09-30');
INSERT INTO hokhau VALUES ('HK00000102','Nguyễn Xuân Cường','070667993788','Xã Hùng Sơn','Số 254, Đường Lý Thường Kiệt, Xã Hùng Sơn, Thái Nguyên','2023-12-21');
INSERT INTO hokhau VALUES ('HK00000103','Tô Hùng Cường','069351711516','Phường 2','Số 167, Đường Trần Phú, Phường 2, Hải Dương','2013-02-05');
INSERT INTO hokhau VALUES ('HK00000104','Tô Trung Sơn','017262968561','Xã Tân Hòa','Số 488, Đường Lý Thường Kiệt, Xã Tân Hòa, Hải Dương','2010-09-23');
INSERT INTO hokhau VALUES ('HK00000105','Dương Đức Xuân','025959002075','Phường 1','Số 421, Đường Bà Triệu, Phường 1, Thái Nguyên','2007-05-11');
INSERT INTO hokhau VALUES ('HK00000106','Hồ Kiều Lam','069993428387','Phường 1','Số 403, Đường Ngô Quyền, Phường 1, Thái Nguyên','2021-09-21');
INSERT INTO hokhau VALUES ('HK00000107','Hà Ánh Nhung','032810214457','Phường 3','Số 242, Đường Nguyễn Huệ, Phường 3, Bắc Ninh','1997-08-22');
INSERT INTO hokhau VALUES ('HK00000108','Trịnh Thành Mạnh','084327969159','Xã An Bình','Số 423, Đường Hai Bà Trưng, Xã An Bình, TP. Hồ Chí Minh','1999-02-07');
INSERT INTO hokhau VALUES ('HK00000109','Tô Tuyết Vân','027979579510','Phường 4','Số 127, Đường Lê Duẩn, Phường 4, Hà Nội','2023-11-13');
INSERT INTO hokhau VALUES ('HK00000110','Quách Tuyết Xuân','068359994972','Phường 4','Số 113, Đường Nguyễn Huệ, Phường 4, Cần Thơ','1998-05-18');
INSERT INTO hokhau VALUES ('HK00000111','Đoàn Ngọc Ngân','090136388650','Xã Hùng Sơn','Số 243, Đường Trần Phú, Xã Hùng Sơn, Lạng Sơn','2007-07-04');
INSERT INTO hokhau VALUES ('HK00000112','Bùi Đức Linh','025743376503','Xã An Bình','Số 39, Đường Trần Phú, Xã An Bình, Hà Nội','2011-01-23');
INSERT INTO hokhau VALUES ('HK00000113','Lý Phương Thảo','052781337735','Phường 1','Số 452, Đường Hùng Vương, Phường 1, Bắc Giang','2005-09-15');
INSERT INTO hokhau VALUES ('HK00000114','Hoàng Thanh Hằng','076317729580','Phường 4','Số 106, Đường Ngô Quyền, Phường 4, Bắc Ninh','2012-12-11');
INSERT INTO hokhau VALUES ('HK00000115','Huỳnh Ánh Hằng','055625969787','Phường 5','Số 206, Đường Hoàng Diệu, Phường 5, Cần Thơ','2003-02-09');
INSERT INTO hokhau VALUES ('HK00000116','Lê Văn Quân','005894219351','Phường 4','Số 18, Đường Trần Phú, Phường 4, Ninh Bình','2005-10-08');
INSERT INTO hokhau VALUES ('HK00000117','Đoàn Viết Cường','097282432262','Xã Tân Hòa','Số 116, Đường Lý Thường Kiệt, Xã Tân Hòa, Cần Thơ','2022-09-22');
INSERT INTO hokhau VALUES ('HK00000118','Đoàn Viết Phúc','023003930033','Phường 5','Số 483, Đường Nguyễn Huệ, Phường 5, Hải Phòng','2003-05-03');
INSERT INTO hokhau VALUES ('HK00000119','Đỗ Anh Lộc','053913846568','Phường 1','Số 70, Đường Trần Hưng Đạo, Phường 1, Hà Nội','2014-06-20');
INSERT INTO hokhau VALUES ('HK00000120','Trần Kim Xuân','019782033830','Xã Tân Hòa','Số 208, Đường Nguyễn Huệ, Xã Tân Hòa, Ninh Bình','2002-12-05');
INSERT INTO hokhau VALUES ('HK00000121','Phạm Phương Loan','053989358085','Xã An Bình','Số 314, Đường Trần Phú, Xã An Bình, Đà Nẵng','2000-02-11');
INSERT INTO hokhau VALUES ('HK00000122','Quách Bá Thọ','010856614521','Phường 3','Số 184, Đường Hùng Vương, Phường 3, Quảng Ninh','2005-10-11');
INSERT INTO hokhau VALUES ('HK00000123','Ngô Thành Đạt','068441128348','Xã An Bình','Số 98, Đường Bà Triệu, Xã An Bình, TP. Hồ Chí Minh','2020-05-31');
INSERT INTO hokhau VALUES ('HK00000124','Trần Kim Trang','099126904772','Phường 3','Số 470, Đường Bà Triệu, Phường 3, Hải Dương','2010-09-11');
INSERT INTO hokhau VALUES ('HK00000125','Hoàng Anh Long','011596385803','Phường 3','Số 335, Đường Bà Triệu, Phường 3, Vĩnh Phúc','2005-07-22');
INSERT INTO hokhau VALUES ('HK00000126','Bùi Thùy Ánh','010623114626','Phường 1','Số 51, Đường Trần Hưng Đạo, Phường 1, Hải Phòng','2018-08-16');
INSERT INTO hokhau VALUES ('HK00000127','Quách Thị Hằng','081142864458','Phường 2','Số 185, Đường Nguyễn Huệ, Phường 2, Hà Nội','2000-03-13');
INSERT INTO hokhau VALUES ('HK00000128','Đoàn Thúy Oanh','019388438344','Phường 5','Số 70, Đường Trần Hưng Đạo, Phường 5, Lạng Sơn','2015-06-18');
INSERT INTO hokhau VALUES ('HK00000129','Vũ Quốc Thắng','023122534096','Phường 4','Số 72, Đường Lý Thường Kiệt, Phường 4, TP. Hồ Chí Minh','2013-05-22');
INSERT INTO hokhau VALUES ('HK00000130','Đinh Bá Mạnh','050642360188','Xã Long Phú','Số 249, Đường Phan Bội Châu, Xã Long Phú, Cần Thơ','2022-04-12');
INSERT INTO hokhau VALUES ('HK00000131','Đào Thúy Chi','085228722058','Xã An Bình','Số 108, Đường Lê Lợi, Xã An Bình, Thái Nguyên','2021-08-06');
INSERT INTO hokhau VALUES ('HK00000132','Đoàn Ngọc Thư','004983770025','Phường 4','Số 134, Đường Phan Bội Châu, Phường 4, Hải Phòng','2010-04-19');
INSERT INTO hokhau VALUES ('HK00000133','Huỳnh Gia Tuấn','077013784312','Xã An Bình','Số 483, Đường Lý Thường Kiệt, Xã An Bình, Vĩnh Phúc','2006-01-26');
INSERT INTO hokhau VALUES ('HK00000134','Lý Thành Đạt','022051131756','Phường 2','Số 326, Đường Lê Duẩn, Phường 2, Lạng Sơn','2023-06-04');
INSERT INTO hokhau VALUES ('HK00000135','Tống Tất Linh','090135484099','Xã An Bình','Số 376, Đường Trần Hưng Đạo, Xã An Bình, Lạng Sơn','2000-05-21');
INSERT INTO hokhau VALUES ('HK00000136','Đinh Văn Đạt','080772888091','Xã An Bình','Số 265, Đường Hoàng Diệu, Xã An Bình, Thái Nguyên','2009-04-19');
INSERT INTO hokhau VALUES ('HK00000137','Lưu Khắc Quang','063990821605','Phường 5','Số 496, Đường Lê Duẩn, Phường 5, Quảng Ninh','2013-08-02');
INSERT INTO hokhau VALUES ('HK00000138','Vương Minh An','012862455151','Xã Tân Hòa','Số 78, Đường Ngô Quyền, Xã Tân Hòa, Bắc Giang','2010-07-23');
INSERT INTO hokhau VALUES ('HK00000139','Đỗ Trung Giang','044332380184','Xã Tân Hòa','Số 431, Đường Bà Triệu, Xã Tân Hòa, Bắc Ninh','2016-06-22');
INSERT INTO hokhau VALUES ('HK00000140','Phạm Lan Phương','058604148187','Phường 3','Số 424, Đường Trần Phú, Phường 3, Hải Dương','1995-01-25');
INSERT INTO hokhau VALUES ('HK00000141','Trịnh Thanh Chi','070427202551','Phường 4','Số 266, Đường Hai Bà Trưng, Phường 4, Bắc Giang','2018-05-15');
INSERT INTO hokhau VALUES ('HK00000142','Lưu Ngọc Hoa','019023843035','Xã Tân Hòa','Số 1, Đường Trần Phú, Xã Tân Hòa, Đà Nẵng','1998-02-17');
INSERT INTO hokhau VALUES ('HK00000143','Lâm Tuyết Lam','026648302274','Phường 3','Số 179, Đường Nguyễn Huệ, Phường 3, Bắc Giang','2002-01-11');
INSERT INTO hokhau VALUES ('HK00000144','Huỳnh Đình Đạt','042583509186','Phường 1','Số 300, Đường Hùng Vương, Phường 1, Đà Nẵng','2021-12-10');
INSERT INTO hokhau VALUES ('HK00000145','Tống Hoài Lam','083768402086','Xã Long Phú','Số 173, Đường Bà Triệu, Xã Long Phú, Hải Phòng','2023-09-18');
INSERT INTO hokhau VALUES ('HK00000146','Trịnh Hoài Thư','053399326683','Phường 3','Số 453, Đường Trần Hưng Đạo, Phường 3, Đà Nẵng','2008-08-31');
INSERT INTO hokhau VALUES ('HK00000147','Tạ Văn An','065118614725','Phường 2','Số 478, Đường Bà Triệu, Phường 2, Lạng Sơn','2021-03-20');
INSERT INTO hokhau VALUES ('HK00000148','Hà Quốc Thọ','037343346455','Xã Tân Hòa','Số 499, Đường Hai Bà Trưng, Xã Tân Hòa, Hải Dương','2008-12-21');
INSERT INTO hokhau VALUES ('HK00000149','Lý Thúy Oanh','071450829311','Xã Long Phú','Số 62, Đường Trần Hưng Đạo, Xã Long Phú, Bắc Giang','2008-07-22');
INSERT INTO hokhau VALUES ('HK00000150','Võ Kiều Uyên','099690655988','Xã Long Phú','Số 8, Đường Lý Thường Kiệt, Xã Long Phú, Quảng Ninh','2023-06-08');
INSERT INTO hokhau VALUES ('HK00000151','Lý Đình Khánh','076711927863','Xã Tân Hòa','Số 332, Đường Trần Hưng Đạo, Xã Tân Hòa, Thái Nguyên','1998-05-10');
INSERT INTO hokhau VALUES ('HK00000152','Trịnh Kim Lan','023404674058','Xã Tân Hòa','Số 230, Đường Hùng Vương, Xã Tân Hòa, Quảng Ninh','2017-01-04');
INSERT INTO hokhau VALUES ('HK00000153','Phạm Lan Phương','016707583706','Phường 1','Số 101, Đường Trần Phú, Phường 1, Thái Nguyên','1996-03-28');
INSERT INTO hokhau VALUES ('HK00000154','Cao Đình Hải','030830461620','Phường 3','Số 120, Đường Lý Thường Kiệt, Phường 3, Đà Nẵng','2016-02-13');
INSERT INTO hokhau VALUES ('HK00000155','Vương Tú Hoa','085361021232','Phường 5','Số 66, Đường Nguyễn Huệ, Phường 5, Vĩnh Phúc','2012-08-20');
INSERT INTO hokhau VALUES ('HK00000156','Hồ Hữu Phong','084373171167','Thị trấn Bắc Giang','Số 40, Đường Nguyễn Huệ, Thị trấn Bắc Giang, Vĩnh Phúc','2013-10-21');
INSERT INTO hokhau VALUES ('HK00000157','Đặng Hồng Lan','051989884345','Phường 3','Số 497, Đường Ngô Quyền, Phường 3, TP. Hồ Chí Minh','2009-08-31');
INSERT INTO hokhau VALUES ('HK00000158','Hà Ngọc Khoa','013875905490','Phường 5','Số 111, Đường Ngô Quyền, Phường 5, Hải Phòng','2021-06-05');
INSERT INTO hokhau VALUES ('HK00000159','Lưu Anh Hải','024361266337','Phường 3','Số 492, Đường Lê Lợi, Phường 3, Hà Nội','2001-04-13');
INSERT INTO hokhau VALUES ('HK00000160','Tống Quốc Khánh','070601555992','Xã Hùng Sơn','Số 144, Đường Bà Triệu, Xã Hùng Sơn, Thái Nguyên','2013-05-13');
INSERT INTO hokhau VALUES ('HK00000161','Hoàng Hoài Mai','052887748589','Xã Tân Hòa','Số 99, Đường Hoàng Diệu, Xã Tân Hòa, Ninh Bình','1998-02-26');
INSERT INTO hokhau VALUES ('HK00000162','Huỳnh Công Tuấn','099350176903','Phường 2','Số 134, Đường Hùng Vương, Phường 2, Bắc Ninh','2018-12-09');
INSERT INTO hokhau VALUES ('HK00000163','Võ Thanh Loan','044331514785','Phường 2','Số 13, Đường Hai Bà Trưng, Phường 2, Lạng Sơn','1996-10-24');
INSERT INTO hokhau VALUES ('HK00000164','Đoàn Ngọc Linh','071837382603','Phường 3','Số 55, Đường Phan Bội Châu, Phường 3, Ninh Bình','2021-04-06');
INSERT INTO hokhau VALUES ('HK00000165','Hoàng Ngọc Thảo','005258771286','Xã An Bình','Số 441, Đường Ngô Quyền, Xã An Bình, Thanh Hóa','1996-03-25');
INSERT INTO hokhau VALUES ('HK00000166','Tô Hồng Xuân','002682396973','Xã Tân Hòa','Số 221, Đường Hùng Vương, Xã Tân Hòa, Thái Nguyên','1997-03-22');
INSERT INTO hokhau VALUES ('HK00000167','Huỳnh Trung Thọ','091794373247','Thị trấn Bắc Giang','Số 437, Đường Phan Bội Châu, Thị trấn Bắc Giang, Hải Phòng','2008-03-27');
INSERT INTO hokhau VALUES ('HK00000168','Vũ Lan Loan','058019242663','Thị trấn Bắc Giang','Số 254, Đường Lê Duẩn, Thị trấn Bắc Giang, Bắc Giang','2007-06-25');
INSERT INTO hokhau VALUES ('HK00000169','Tạ Tú Loan','014870024268','Xã Tân Hòa','Số 359, Đường Trần Hưng Đạo, Xã Tân Hòa, TP. Hồ Chí Minh','2008-06-16');
INSERT INTO hokhau VALUES ('HK00000170','Nguyễn Quốc Hưng','017038388428','Phường 3','Số 466, Đường Ngô Quyền, Phường 3, Thái Nguyên','2014-08-22');
INSERT INTO hokhau VALUES ('HK00000171','Mai Hoài Châu','068685683058','Thị trấn Bắc Giang','Số 110, Đường Hùng Vương, Thị trấn Bắc Giang, Quảng Ninh','2007-03-05');
INSERT INTO hokhau VALUES ('HK00000172','Hoàng Nhật Giang','072457771674','Xã An Bình','Số 410, Đường Đinh Tiên Hoàng, Xã An Bình, Bắc Giang','2001-10-01');
INSERT INTO hokhau VALUES ('HK00000173','Hoàng Ngọc Lan','007539894874','Xã Long Phú','Số 356, Đường Đinh Tiên Hoàng, Xã Long Phú, Thái Nguyên','2003-08-08');
INSERT INTO hokhau VALUES ('HK00000174','Nguyễn Công Bảo','010268667218','Xã Long Phú','Số 135, Đường Hoàng Diệu, Xã Long Phú, Thanh Hóa','2014-01-13');
INSERT INTO hokhau VALUES ('HK00000175','Đào Hữu Vinh','074391812702','Phường 3','Số 497, Đường Ngô Quyền, Phường 3, TP. Hồ Chí Minh','2016-05-06');
INSERT INTO hokhau VALUES ('HK00000176','Trần Tất Quang','072679817455','Phường 1','Số 455, Đường Hai Bà Trưng, Phường 1, Cần Thơ','2010-03-19');
INSERT INTO hokhau VALUES ('HK00000177','Hà Minh Giang','001243160564','Xã Long Phú','Số 99, Đường Nguyễn Huệ, Xã Long Phú, Đà Nẵng','1995-07-10');
INSERT INTO hokhau VALUES ('HK00000178','Vũ Ngọc Loan','089708889514','Phường 1','Số 414, Đường Lê Lợi, Phường 1, Nam Định','2001-08-20');
INSERT INTO hokhau VALUES ('HK00000179','Tô Bích Trang','083260844448','Phường 1','Số 424, Đường Bà Triệu, Phường 1, Hà Nội','1997-09-05');
INSERT INTO hokhau VALUES ('HK00000180','Lê Hương Trang','059483149172','Xã Hùng Sơn','Số 230, Đường Lý Thường Kiệt, Xã Hùng Sơn, Hà Nội','2001-07-18');
INSERT INTO hokhau VALUES ('HK00000181','Đào Thanh Bích','006989649407','Xã Hùng Sơn','Số 281, Đường Nguyễn Huệ, Xã Hùng Sơn, Hải Dương','1995-10-28');
INSERT INTO hokhau VALUES ('HK00000182','Ngô Gia Đạt','083293711988','Xã An Bình','Số 66, Đường Đinh Tiên Hoàng, Xã An Bình, Thái Nguyên','2006-10-12');
INSERT INTO hokhau VALUES ('HK00000183','Vương Ngọc Trâm','039349761836','Phường 5','Số 283, Đường Lý Thường Kiệt, Phường 5, Hải Dương','2002-06-09');
INSERT INTO hokhau VALUES ('HK00000184','Lý Đức Bảo','041737748931','Xã Long Phú','Số 498, Đường Phan Bội Châu, Xã Long Phú, Vĩnh Phúc','2003-07-19');
INSERT INTO hokhau VALUES ('HK00000185','Đặng Công Quang','043562636848','Phường 1','Số 418, Đường Hai Bà Trưng, Phường 1, TP. Hồ Chí Minh','1999-12-15');
INSERT INTO hokhau VALUES ('HK00000186','Đặng Công Phong','047726636350','Phường 3','Số 226, Đường Ngô Quyền, Phường 3, Cần Thơ','2013-02-11');
INSERT INTO hokhau VALUES ('HK00000187','Tống Văn Kiên','070978664826','Phường 4','Số 283, Đường Nguyễn Huệ, Phường 4, Thái Nguyên','2003-08-29');
INSERT INTO hokhau VALUES ('HK00000188','Nguyễn Mai Phương','065659832962','Xã Long Phú','Số 93, Đường Hai Bà Trưng, Xã Long Phú, Thái Nguyên','2017-10-17');
INSERT INTO hokhau VALUES ('HK00000189','Tạ Thùy Hoa','001343132712','Xã Hùng Sơn','Số 244, Đường Phan Bội Châu, Xã Hùng Sơn, Bắc Giang','2006-04-27');
INSERT INTO hokhau VALUES ('HK00000190','Cao Bá Mạnh','034145532122','Phường 4','Số 39, Đường Trần Phú, Phường 4, Bắc Giang','2009-07-11');
INSERT INTO hokhau VALUES ('HK00000191','Lưu Kiều Ngân','061976939961','Phường 5','Số 408, Đường Trần Hưng Đạo, Phường 5, Hà Nội','2002-06-18');
INSERT INTO hokhau VALUES ('HK00000192','Đoàn Diệu Quyên','007841226163','Xã Hùng Sơn','Số 358, Đường Nguyễn Huệ, Xã Hùng Sơn, Hải Dương','2012-05-12');
INSERT INTO hokhau VALUES ('HK00000193','Quách Thùy Chi','082637131678','Phường 5','Số 206, Đường Lý Thường Kiệt, Phường 5, Nam Định','1999-05-15');
INSERT INTO hokhau VALUES ('HK00000194','Lưu Đức Cường','072719946845','Phường 3','Số 210, Đường Nguyễn Huệ, Phường 3, Ninh Bình','2007-08-11');
INSERT INTO hokhau VALUES ('HK00000195','Hoàng Thu Linh','049720352191','Xã Long Phú','Số 286, Đường Ngô Quyền, Xã Long Phú, Hà Nội','2021-10-07');
INSERT INTO hokhau VALUES ('HK00000196','Lê Viết Long','021992654042','Xã An Bình','Số 262, Đường Nguyễn Huệ, Xã An Bình, Hải Dương','1998-02-18');
INSERT INTO hokhau VALUES ('HK00000197','Nguyễn Gia Dũng','034228893881','Xã Hùng Sơn','Số 252, Đường Bà Triệu, Xã Hùng Sơn, Hải Phòng','2015-04-16');
INSERT INTO hokhau VALUES ('HK00000198','Nguyễn Mai Uyên','042252546128','Phường 1','Số 34, Đường Lê Lợi, Phường 1, Hải Phòng','2000-09-15');
INSERT INTO hokhau VALUES ('HK00000199','Võ Bích Bích','039696885627','Phường 3','Số 416, Đường Ngô Quyền, Phường 3, Cần Thơ','1998-07-08');
INSERT INTO hokhau VALUES ('HK00000200','Đặng Thành Mạnh','087498533474','Xã Long Phú','Số 401, Đường Lê Lợi, Xã Long Phú, Bắc Giang','1996-06-05');
INSERT INTO hokhau VALUES ('HK00000201','Tạ Hữu Dũng','021052787002','Thị trấn Bắc Giang','Số 405, Đường Đinh Tiên Hoàng, Thị trấn Bắc Giang, Đà Nẵng','2021-07-07');
INSERT INTO hokhau VALUES ('HK00000202','Trịnh Công Vinh','061757017676','Phường 3','Số 331, Đường Hùng Vương, Phường 3, Đà Nẵng','2016-07-04');
INSERT INTO hokhau VALUES ('HK00000203','Tống Hương Dung','003445139799','Xã Long Phú','Số 190, Đường Trần Phú, Xã Long Phú, Thái Nguyên','2004-11-18');
INSERT INTO hokhau VALUES ('HK00000204','Vương Đức Hải','087473525227','Phường 5','Số 184, Đường Trần Phú, Phường 5, Cần Thơ','2020-04-17');
INSERT INTO hokhau VALUES ('HK00000205','Đinh Thành Bình','003409008615','Thị trấn Bắc Giang','Số 405, Đường Hoàng Diệu, Thị trấn Bắc Giang, Nam Định','2013-10-10');
INSERT INTO hokhau VALUES ('HK00000206','Dương Phương Ánh','037859967760','Phường 2','Số 89, Đường Lê Lợi, Phường 2, Ninh Bình','2021-07-16');
INSERT INTO hokhau VALUES ('HK00000207','Lê Ánh Chi','052395592763','Phường 3','Số 413, Đường Trần Phú, Phường 3, Cần Thơ','2001-10-23');
INSERT INTO hokhau VALUES ('HK00000208','Đào Công Quân','083682598914','Phường 5','Số 344, Đường Ngô Quyền, Phường 5, Hải Phòng','2019-12-28');
INSERT INTO hokhau VALUES ('HK00000209','Ngô Hồng An','074773789438','Xã Hùng Sơn','Số 90, Đường Hai Bà Trưng, Xã Hùng Sơn, Lạng Sơn','2015-01-21');
INSERT INTO hokhau VALUES ('HK00000210','Lưu Khắc Duy','070551134150','Xã An Bình','Số 336, Đường Lê Lợi, Xã An Bình, Hải Phòng','2012-05-01');
INSERT INTO hokhau VALUES ('HK00000211','Hoàng Thúy Thư','065350511965','Phường 2','Số 322, Đường Lê Lợi, Phường 2, Lạng Sơn','1995-04-08');
INSERT INTO hokhau VALUES ('HK00000212','Lê Thùy Nhung','049213577635','Xã Long Phú','Số 410, Đường Hùng Vương, Xã Long Phú, Hải Dương','2021-07-19');
INSERT INTO hokhau VALUES ('HK00000213','Vương Bá Khánh','019127071703','Xã Hùng Sơn','Số 327, Đường Hùng Vương, Xã Hùng Sơn, Bắc Ninh','1997-01-14');
INSERT INTO hokhau VALUES ('HK00000214','Hà Xuân Bảo','096348005454','Xã Long Phú','Số 365, Đường Nguyễn Huệ, Xã Long Phú, Hải Phòng','2007-12-21');
INSERT INTO hokhau VALUES ('HK00000215','Đinh Xuân Giang','040666797128','Phường 5','Số 414, Đường Lê Lợi, Phường 5, Cần Thơ','2006-06-19');
INSERT INTO hokhau VALUES ('HK00000216','Trần Đức Khoa','078659586210','Phường 2','Số 429, Đường Bà Triệu, Phường 2, TP. Hồ Chí Minh','1997-11-06');
INSERT INTO hokhau VALUES ('HK00000217','Lê Đình Phong','008165210266','Xã Long Phú','Số 52, Đường Bà Triệu, Xã Long Phú, Bắc Giang','1996-07-25');
INSERT INTO hokhau VALUES ('HK00000218','Cao Thùy Hoa','050884576007','Phường 1','Số 5, Đường Trần Phú, Phường 1, Hải Phòng','2000-07-15');
INSERT INTO hokhau VALUES ('HK00000219','Tống Thành An','097103110507','Phường 4','Số 176, Đường Lê Duẩn, Phường 4, TP. Hồ Chí Minh','2014-11-20');
INSERT INTO hokhau VALUES ('HK00000220','Nguyễn Trung Giang','028835442083','Xã Tân Hòa','Số 431, Đường Ngô Quyền, Xã Tân Hòa, Ninh Bình','2006-12-11');
INSERT INTO hokhau VALUES ('HK00000221','Võ Tuấn Khải','015190493334','Phường 3','Số 187, Đường Nguyễn Huệ, Phường 3, Thái Nguyên','1999-03-24');
INSERT INTO hokhau VALUES ('HK00000222','Nguyễn Minh Nam','041948171175','Phường 5','Số 202, Đường Phan Bội Châu, Phường 5, Hải Dương','2021-01-03');
INSERT INTO hokhau VALUES ('HK00000223','Ngô Lan Trang','075518368986','Phường 5','Số 434, Đường Lý Thường Kiệt, Phường 5, Bắc Ninh','1999-05-19');
INSERT INTO hokhau VALUES ('HK00000224','Hồ Hùng Nam','064518690088','Phường 5','Số 145, Đường Phan Bội Châu, Phường 5, Cần Thơ','2013-03-13');
INSERT INTO hokhau VALUES ('HK00000225','Lâm Thanh Thư','036347499548','Xã An Bình','Số 480, Đường Trần Phú, Xã An Bình, TP. Hồ Chí Minh','1997-01-29');
INSERT INTO hokhau VALUES ('HK00000226','Lê Thanh Thảo','004351154004','Phường 1','Số 289, Đường Phan Bội Châu, Phường 1, Hà Nội','1998-05-03');
INSERT INTO hokhau VALUES ('HK00000227','Bùi Đình Lộc','076595790699','Phường 1','Số 445, Đường Lý Thường Kiệt, Phường 1, Lạng Sơn','2001-11-05');
INSERT INTO hokhau VALUES ('HK00000228','Cao Gia An','041825999678','Xã Long Phú','Số 110, Đường Trần Hưng Đạo, Xã Long Phú, Thái Nguyên','2017-05-23');
INSERT INTO hokhau VALUES ('HK00000229','Phạm Bích Loan','063017468525','Xã An Bình','Số 20, Đường Hai Bà Trưng, Xã An Bình, Nam Định','1996-12-23');
INSERT INTO hokhau VALUES ('HK00000230','Lưu Mai An','035069446716','Xã Hùng Sơn','Số 379, Đường Bà Triệu, Xã Hùng Sơn, Quảng Ninh','2006-07-03');
INSERT INTO hokhau VALUES ('HK00000231','Hồ Kim Thư','016393762549','Xã Hùng Sơn','Số 339, Đường Ngô Quyền, Xã Hùng Sơn, Hải Phòng','2023-05-05');
INSERT INTO hokhau VALUES ('HK00000232','Mai Công Sơn','060125854070','Thị trấn Bắc Giang','Số 406, Đường Bà Triệu, Thị trấn Bắc Giang, Thái Nguyên','2023-10-04');
INSERT INTO hokhau VALUES ('HK00000233','Tạ Hữu Bình','037903907283','Thị trấn Bắc Giang','Số 182, Đường Hoàng Diệu, Thị trấn Bắc Giang, Cần Thơ','1999-04-07');
INSERT INTO hokhau VALUES ('HK00000234','Tạ Phương Thảo','040532179048','Thị trấn Bắc Giang','Số 144, Đường Nguyễn Huệ, Thị trấn Bắc Giang, Đà Nẵng','2008-03-13');
INSERT INTO hokhau VALUES ('HK00000235','Ngô Bá Quân','013896529954','Phường 1','Số 10, Đường Trần Hưng Đạo, Phường 1, Ninh Bình','2015-06-10');
INSERT INTO hokhau VALUES ('HK00000236','Huỳnh Thị Loan','021259132567','Thị trấn Bắc Giang','Số 115, Đường Trần Phú, Thị trấn Bắc Giang, Hải Dương','2022-12-07');
INSERT INTO hokhau VALUES ('HK00000237','Dương Trung Xuân','037739403324','Phường 3','Số 441, Đường Hai Bà Trưng, Phường 3, TP. Hồ Chí Minh','2013-02-08');
INSERT INTO hokhau VALUES ('HK00000238','Trịnh Mai Oanh','016165161424','Xã Hùng Sơn','Số 328, Đường Trần Phú, Xã Hùng Sơn, Vĩnh Phúc','2007-09-19');
INSERT INTO hokhau VALUES ('HK00000239','Lưu Diệu Diệp','059056891730','Thị trấn Bắc Giang','Số 9, Đường Trần Hưng Đạo, Thị trấn Bắc Giang, Quảng Ninh','2014-03-28');
INSERT INTO hokhau VALUES ('HK00000240','Lưu Hùng Dũng','052736831792','Xã Tân Hòa','Số 21, Đường Hoàng Diệu, Xã Tân Hòa, TP. Hồ Chí Minh','2018-12-21');
INSERT INTO hokhau VALUES ('HK00000241','Lưu Tất Phúc','024041129230','Xã Hùng Sơn','Số 51, Đường Trần Hưng Đạo, Xã Hùng Sơn, Thanh Hóa','2003-11-20');
INSERT INTO hokhau VALUES ('HK00000242','Đào Hương Mai','047097314967','Phường 4','Số 180, Đường Đinh Tiên Hoàng, Phường 4, Nam Định','2012-07-07');
INSERT INTO hokhau VALUES ('HK00000243','Tạ Quốc Kiên','047733018795','Thị trấn Bắc Giang','Số 392, Đường Hoàng Diệu, Thị trấn Bắc Giang, Ninh Bình','2009-11-14');
INSERT INTO hokhau VALUES ('HK00000244','Đào Xuân Quân','081184453316','Phường 3','Số 91, Đường Đinh Tiên Hoàng, Phường 3, Hải Phòng','2007-07-10');
INSERT INTO hokhau VALUES ('HK00000245','Vương Thị Hằng','040541157302','Xã An Bình','Số 132, Đường Lê Lợi, Xã An Bình, Nam Định','2003-08-29');
INSERT INTO hokhau VALUES ('HK00000246','Tạ Lan Quyên','019075283918','Thị trấn Bắc Giang','Số 35, Đường Hoàng Diệu, Thị trấn Bắc Giang, Hải Dương','2018-09-23');
INSERT INTO hokhau VALUES ('HK00000247','Bùi Viết Quang','032290179494','Xã An Bình','Số 323, Đường Ngô Quyền, Xã An Bình, Đà Nẵng','2005-02-13');
INSERT INTO hokhau VALUES ('HK00000248','Đinh Mỹ Hà','062681135991','Xã Tân Hòa','Số 411, Đường Trần Phú, Xã Tân Hòa, Ninh Bình','1997-10-19');
INSERT INTO hokhau VALUES ('HK00000249','Hồ Hữu Phong','061669313514','Phường 1','Số 221, Đường Phan Bội Châu, Phường 1, Hải Dương','2023-05-18');
INSERT INTO hokhau VALUES ('HK00000250','Đinh Đình Tuấn','035575347918','Thị trấn Bắc Giang','Số 47, Đường Trần Phú, Thị trấn Bắc Giang, Cần Thơ','2022-11-30');
INSERT INTO hokhau VALUES ('HK00000251','Lâm Bích Thảo','085858269229','Phường 5','Số 78, Đường Trần Phú, Phường 5, Lạng Sơn','2013-08-03');
INSERT INTO hokhau VALUES ('HK00000252','Võ Bích Thảo','072263314818','Xã An Bình','Số 206, Đường Đinh Tiên Hoàng, Xã An Bình, Ninh Bình','1996-04-28');
INSERT INTO hokhau VALUES ('HK00000253','Trịnh Phương Phương','053492004320','Xã An Bình','Số 229, Đường Hoàng Diệu, Xã An Bình, Nam Định','2003-08-08');
INSERT INTO hokhau VALUES ('HK00000254','Vũ Văn Hưng','063659434603','Xã Tân Hòa','Số 20, Đường Hùng Vương, Xã Tân Hòa, Thái Nguyên','2011-10-02');
INSERT INTO hokhau VALUES ('HK00000255','Lâm Thúy Phương','023038924785','Phường 2','Số 181, Đường Lý Thường Kiệt, Phường 2, Hải Phòng','2021-03-19');
INSERT INTO hokhau VALUES ('HK00000256','Phạm Hương Thư','018412894138','Phường 2','Số 36, Đường Hùng Vương, Phường 2, Hà Nội','2021-08-10');
INSERT INTO hokhau VALUES ('HK00000257','Lưu Thị Thảo','022876575190','Thị trấn Bắc Giang','Số 191, Đường Lý Thường Kiệt, Thị trấn Bắc Giang, Thái Nguyên','1995-10-22');
INSERT INTO hokhau VALUES ('HK00000258','Võ Gia Quang','014036623678','Thị trấn Bắc Giang','Số 257, Đường Ngô Quyền, Thị trấn Bắc Giang, TP. Hồ Chí Minh','1997-02-09');
INSERT INTO hokhau VALUES ('HK00000259','Trần Ánh Thư','000923029980','Phường 1','Số 145, Đường Lý Thường Kiệt, Phường 1, Cần Thơ','2004-05-10');
INSERT INTO hokhau VALUES ('HK00000260','Vương Hương Xuân','073695078998','Phường 2','Số 465, Đường Lê Duẩn, Phường 2, Đà Nẵng','1996-09-12');
INSERT INTO hokhau VALUES ('HK00000261','Bùi Hương Oanh','033118136438','Phường 1','Số 39, Đường Lê Duẩn, Phường 1, Hà Nội','2008-06-30');
INSERT INTO hokhau VALUES ('HK00000262','Đặng Xuân Long','052620511333','Xã An Bình','Số 455, Đường Trần Hưng Đạo, Xã An Bình, Hà Nội','2021-04-03');
INSERT INTO hokhau VALUES ('HK00000263','Quách Tú Nhi','082651003834','Phường 2','Số 50, Đường Nguyễn Huệ, Phường 2, Lạng Sơn','2011-01-07');
INSERT INTO hokhau VALUES ('HK00000264','Hà Thúy Chi','040511356402','Phường 4','Số 490, Đường Lý Thường Kiệt, Phường 4, Đà Nẵng','2006-05-10');
INSERT INTO hokhau VALUES ('HK00000265','Trịnh Tuyết Hằng','075441858478','Phường 1','Số 272, Đường Hai Bà Trưng, Phường 1, Cần Thơ','2009-07-03');
INSERT INTO hokhau VALUES ('HK00000266','Tô Kim Chi','036840309663','Phường 3','Số 435, Đường Lý Thường Kiệt, Phường 3, Nam Định','2003-07-06');
INSERT INTO hokhau VALUES ('HK00000267','Hồ Xuân Tài','053710620177','Xã An Bình','Số 428, Đường Bà Triệu, Xã An Bình, TP. Hồ Chí Minh','2005-01-11');
INSERT INTO hokhau VALUES ('HK00000268','Đoàn Thị Trâm','084677701477','Phường 4','Số 174, Đường Lý Thường Kiệt, Phường 4, Bắc Giang','2015-02-16');
INSERT INTO hokhau VALUES ('HK00000269','Tống Tuấn Kiên','021844209048','Phường 4','Số 283, Đường Hai Bà Trưng, Phường 4, Hải Dương','2018-09-19');
INSERT INTO hokhau VALUES ('HK00000270','Đặng Quốc Quân','009985179166','Phường 1','Số 109, Đường Lê Duẩn, Phường 1, TP. Hồ Chí Minh','2017-12-16');
INSERT INTO hokhau VALUES ('HK00000271','Võ Thành Bảo','061637278111','Xã Tân Hòa','Số 275, Đường Trần Hưng Đạo, Xã Tân Hòa, Hải Dương','2003-12-29');
INSERT INTO hokhau VALUES ('HK00000272','Đỗ Thúy Xuân','082871221681','Xã An Bình','Số 479, Đường Lý Thường Kiệt, Xã An Bình, Ninh Bình','2009-07-02');
INSERT INTO hokhau VALUES ('HK00000273','Lê Mai Nhi','041633210620','Phường 4','Số 177, Đường Đinh Tiên Hoàng, Phường 4, Hải Phòng','2015-11-01');
INSERT INTO hokhau VALUES ('HK00000274','Hoàng Thùy Hoa','060543977367','Phường 2','Số 188, Đường Lý Thường Kiệt, Phường 2, Cần Thơ','2004-09-26');
INSERT INTO hokhau VALUES ('HK00000275','Tống Công Duy','044158116386','Xã Long Phú','Số 1, Đường Lý Thường Kiệt, Xã Long Phú, Hải Phòng','2018-06-05');
INSERT INTO hokhau VALUES ('HK00000276','Bùi Thúy Quỳnh','085362432579','Xã An Bình','Số 492, Đường Hùng Vương, Xã An Bình, Thanh Hóa','2008-10-05');
INSERT INTO hokhau VALUES ('HK00000277','Đào Minh Thọ','021871814312','Xã Hùng Sơn','Số 142, Đường Hai Bà Trưng, Xã Hùng Sơn, Hải Phòng','2023-07-15');
INSERT INTO hokhau VALUES ('HK00000278','Tô Kiều Trang','069174368498','Phường 1','Số 406, Đường Trần Phú, Phường 1, Ninh Bình','2010-05-04');
INSERT INTO hokhau VALUES ('HK00000279','Bùi Quốc Duy','049927265205','Phường 1','Số 91, Đường Bà Triệu, Phường 1, TP. Hồ Chí Minh','2007-06-27');
INSERT INTO hokhau VALUES ('HK00000280','Mai Tất Bình','095104513509','Phường 5','Số 127, Đường Trần Hưng Đạo, Phường 5, Quảng Ninh','2020-12-22');
INSERT INTO hokhau VALUES ('HK00000281','Võ Kim Xuân','076590018182','Phường 2','Số 290, Đường Hoàng Diệu, Phường 2, Bắc Giang','2004-09-13');
INSERT INTO hokhau VALUES ('HK00000282','Trịnh Viết Nam','048030379922','Phường 5','Số 160, Đường Hai Bà Trưng, Phường 5, Thanh Hóa','1996-03-07');
INSERT INTO hokhau VALUES ('HK00000283','Mai Hồng Ánh','044488355960','Phường 5','Số 477, Đường Trần Phú, Phường 5, Hà Nội','2015-07-07');
INSERT INTO hokhau VALUES ('HK00000284','Đỗ Mai Xuân','064522483543','Phường 1','Số 249, Đường Trần Phú, Phường 1, Thái Nguyên','2021-07-13');
INSERT INTO hokhau VALUES ('HK00000285','Lê Phương Nhi','044424079929','Xã Long Phú','Số 17, Đường Hoàng Diệu, Xã Long Phú, Hải Phòng','2014-04-17');
INSERT INTO hokhau VALUES ('HK00000286','Trần Hoài Trâm','096219260417','Phường 1','Số 474, Đường Ngô Quyền, Phường 1, Lạng Sơn','2009-11-22');
INSERT INTO hokhau VALUES ('HK00000287','Tống Thu Phương','014426611833','Xã Tân Hòa','Số 339, Đường Trần Phú, Xã Tân Hòa, Đà Nẵng','2008-12-22');
INSERT INTO hokhau VALUES ('HK00000288','Lý Hùng Khoa','034789176258','Phường 4','Số 276, Đường Trần Hưng Đạo, Phường 4, Nam Định','2022-04-25');
INSERT INTO hokhau VALUES ('HK00000289','Võ Bích Lam','016739936648','Thị trấn Bắc Giang','Số 276, Đường Lê Lợi, Thị trấn Bắc Giang, Đà Nẵng','2014-01-10');
INSERT INTO hokhau VALUES ('HK00000290','Phạm Thành Linh','028770526668','Phường 4','Số 426, Đường Bà Triệu, Phường 4, Hà Nội','1995-06-04');
INSERT INTO hokhau VALUES ('HK00000291','Vũ Thúy Hằng','074636439713','Phường 1','Số 221, Đường Hùng Vương, Phường 1, Lạng Sơn','2012-12-07');
INSERT INTO hokhau VALUES ('HK00000292','Hoàng Kim Lam','042387445876','Xã An Bình','Số 468, Đường Trần Phú, Xã An Bình, Cần Thơ','2020-04-12');
INSERT INTO hokhau VALUES ('HK00000293','Hoàng Viết Kiên','041023832173','Phường 2','Số 448, Đường Lê Lợi, Phường 2, Nam Định','1995-02-16');
INSERT INTO hokhau VALUES ('HK00000294','Lý Viết Hưng','016330143838','Phường 5','Số 432, Đường Lý Thường Kiệt, Phường 5, Hải Phòng','2011-03-09');
INSERT INTO hokhau VALUES ('HK00000295','Tống Tuấn Đạt','081993455632','Thị trấn Bắc Giang','Số 413, Đường Hoàng Diệu, Thị trấn Bắc Giang, Thanh Hóa','2000-05-28');
INSERT INTO hokhau VALUES ('HK00000296','Huỳnh Thúy Trâm','076974423283','Phường 4','Số 189, Đường Lê Duẩn, Phường 4, Hà Nội','2010-09-09');
INSERT INTO hokhau VALUES ('HK00000297','Cao Thanh Quỳnh','098431987225','Xã Tân Hòa','Số 86, Đường Nguyễn Huệ, Xã Tân Hòa, Lạng Sơn','2003-12-26');
INSERT INTO hokhau VALUES ('HK00000298','Trịnh Hùng Đạt','053664666062','Thị trấn Bắc Giang','Số 325, Đường Lê Lợi, Thị trấn Bắc Giang, Hà Nội','2000-12-11');
INSERT INTO hokhau VALUES ('HK00000299','Lý Hữu Vinh','013254513036','Phường 1','Số 175, Đường Lý Thường Kiệt, Phường 1, Hải Dương','2010-01-04');
INSERT INTO hokhau VALUES ('HK00000300','Hoàng Hữu Phúc','047750188822','Phường 5','Số 40, Đường Hùng Vương, Phường 5, Hà Nội','2021-01-17');

-- =====================================================
-- BẢNG: nhankhau  (1 000 nhân khẩu)
-- =====================================================
INSERT INTO nhankhau VALUES ('NK00000001','Vũ Phương Bích','1946-04-16','Nữ','Hải Dương','Tin Lành','Chăm','045503092215','HK00000269','Thợ may');
INSERT INTO nhankhau VALUES ('NK00000002','Dương Thu Hà','1945-04-19','Nữ','Nam Định','Tin Lành','Tày','046519247603','HK00000156','Lái xe');
INSERT INTO nhankhau VALUES ('NK00000003','Hồ Tuấn Khoa','2013-05-30','Nam','Bắc Giang','Cao Đài','Thái','055642534189','HK00000140','Thợ may');
INSERT INTO nhankhau VALUES ('NK00000004','Bùi Quốc Vinh','1951-07-04','Nam','Bắc Giang','Hòa Hảo','Dao','080320240363','HK00000289','Luật sư');
INSERT INTO nhankhau VALUES ('NK00000005','Đoàn Đức Duy','1988-01-11','Nam','Hải Dương','Không','Gia Rai','076128735953','HK00000280','Sinh viên');
INSERT INTO nhankhau VALUES ('NK00000006','Tạ Phương Nhi','1961-03-06','Nữ','Hà Nội','Hòa Hảo','Khmer','049046445810','HK00000173','Bảo vệ');
INSERT INTO nhankhau VALUES ('NK00000007','Trịnh Ngọc Sơn','1990-09-16','Nam','Hải Phòng','Hòa Hảo','Nùng','069876741074','HK00000109','Công nhân');
INSERT INTO nhankhau VALUES ('NK00000008','Lý Thành Lộc','1977-11-05','Nam','Cần Thơ','Phật giáo','Tày','014014747272','HK00000218','Buôn bán tự do');
INSERT INTO nhankhau VALUES ('NK00000009','Mai Khắc Khải','2011-11-06','Nam','Quảng Ninh','Cao Đài','Xơ Đăng','083349980275','HK00000193','Buôn bán tự do');
INSERT INTO nhankhau VALUES ('NK00000010','Đỗ Minh Kiên','1962-03-16','Nam','Hải Dương','Không','Ba Na','064424323063','HK00000100','Nhân viên ngân hàng');
INSERT INTO nhankhau VALUES ('NK00000011','Phạm Thùy Lam','1969-10-26','Nữ','Cần Thơ','Cao Đài','Thái','059628251490','HK00000283','Đầu bếp');
INSERT INTO nhankhau VALUES ('NK00000012','Hồ Đức Vinh','1967-12-30','Nam','Hải Dương','Hòa Hảo','Nùng','030121843545','HK00000282','Kế toán');
INSERT INTO nhankhau VALUES ('NK00000013','Đoàn Văn Bảo','1959-04-30','Nam','Bắc Giang','Phật giáo','Gia Rai','098921188166','HK00000138','Bác sĩ');
INSERT INTO nhankhau VALUES ('NK00000014','Mai Quốc Xuân','2013-12-28','Nam','Nam Định','Công giáo','Mường','093903174191','HK00000007','Thợ điện');
INSERT INTO nhankhau VALUES ('NK00000015','Ngô Gia Sơn','1968-07-26','Nam','Thanh Hóa','Cao Đài','Kinh','071980787671','HK00000184','Thợ mộc');
INSERT INTO nhankhau VALUES ('NK00000016','Tô Tú Hằng','1983-06-06','Nữ','Hải Dương','Công giáo','Gia Rai','082849912239','HK00000144','Cán bộ nhà nước');
INSERT INTO nhankhau VALUES ('NK00000017','Hồ Mai Nhi','2001-06-11','Nữ','Quảng Ninh','Phật giáo','Mường','091857941610','HK00000044','Kỹ sư xây dựng');
INSERT INTO nhankhau VALUES ('NK00000018','Trần Hoài Yến','2011-01-22','Nữ','Vĩnh Phúc','Không','Chăm','074795103285','HK00000144','Cán bộ nhà nước');
INSERT INTO nhankhau VALUES ('NK00000019','Tô Anh Khải','2005-10-15','Nam','Hải Dương','Công giáo','Cơ Ho','088996281607','HK00000153','Nội trợ');
INSERT INTO nhankhau VALUES ('NK00000020','Lâm Thùy Quỳnh','1967-03-24','Nữ','Quảng Ninh','Hòa Hảo','Hmông','005758690098','HK00000286','Y tá');
INSERT INTO nhankhau VALUES ('NK00000021','Phan Tú Ngân','1984-12-26','Nữ','Hà Nội','Không','Chăm','087981195671','HK00000037','Sinh viên');
INSERT INTO nhankhau VALUES ('NK00000022','Lưu Thành Phong','1988-03-28','Nam','Ninh Bình','Phật giáo','Dao','045446361620','HK00000279','Luật sư');
INSERT INTO nhankhau VALUES ('NK00000023','Tô Quốc Đạt','2001-04-18','Nam','Cần Thơ','Cao Đài','Xơ Đăng','060039522968','HK00000107','Sinh viên');
INSERT INTO nhankhau VALUES ('NK00000024','Lưu Tất Khoa','1945-03-20','Nam','Nam Định','Không','Kinh','095872378473','HK00000226','Bảo vệ');
INSERT INTO nhankhau VALUES ('NK00000025','Mai Anh Long','1966-10-14','Nam','Đà Nẵng','Cao Đài','Xơ Đăng','089001564156','HK00000210','Bác sĩ');
INSERT INTO nhankhau VALUES ('NK00000026','Phạm Tuấn Khoa','1960-04-13','Nam','Hải Phòng','Phật giáo','Khmer','039973956234','HK00000250','Kỹ sư xây dựng');
INSERT INTO nhankhau VALUES ('NK00000027','Ngô Thành Tuấn','1966-01-11','Nam','Thanh Hóa','Phật giáo','Dao','012094428340','HK00000214','Bộ đội');
INSERT INTO nhankhau VALUES ('NK00000028','Đinh Anh Khoa','1984-09-25','Nam','TP. Hồ Chí Minh','Cao Đài','Khmer','086704596014','HK00000064','Lái xe');
INSERT INTO nhankhau VALUES ('NK00000029','Đặng Tuấn Linh','1978-12-10','Nam','Ninh Bình','Tin Lành','Hmông','066996761484','HK00000118','Học sinh');
INSERT INTO nhankhau VALUES ('NK00000030','Hoàng Văn Đạt','1974-12-24','Nam','Hải Phòng','Công giáo','Ê Đê','003216858554','HK00000193','Cán bộ nhà nước');
INSERT INTO nhankhau VALUES ('NK00000031','Đào Ánh Yến','1962-09-22','Nữ','Hà Nội','Không','Kinh','004666092302','HK00000206','Thất nghiệp');
INSERT INTO nhankhau VALUES ('NK00000032','Phạm Mỹ Linh','2003-06-01','Nữ','Vĩnh Phúc','Tin Lành','Xơ Đăng','090838220193','HK00000137','Thợ hàn');
INSERT INTO nhankhau VALUES ('NK00000033','Đào Gia Thắng','2012-04-14','Nam','Hải Phòng','Không','Xơ Đăng','093247987069','HK00000298','Nông dân');
INSERT INTO nhankhau VALUES ('NK00000034','Quách Bá Mạnh','2012-01-29','Nam','Hải Dương','Cao Đài','Cơ Ho','056828501408','HK00000185','Giáo viên');
INSERT INTO nhankhau VALUES ('NK00000035','Lý Văn Kiên','1945-09-30','Nam','TP. Hồ Chí Minh','Hòa Hảo','Cơ Ho','005920835240','HK00000228','Kỹ sư xây dựng');
INSERT INTO nhankhau VALUES ('NK00000036','Dương Đình Hải','1976-03-30','Nam','Đà Nẵng','Phật giáo','Khmer','065704860738','HK00000166','Giáo viên');
INSERT INTO nhankhau VALUES ('NK00000037','Đỗ Bá Dũng','1978-01-05','Nam','TP. Hồ Chí Minh','Không','Ba Na','042548623857','HK00000248','Kế toán');
INSERT INTO nhankhau VALUES ('NK00000038','Đào Công Thọ','1975-07-10','Nam','Vĩnh Phúc','Công giáo','Khmer','089594185780','HK00000144','Đầu bếp');
INSERT INTO nhankhau VALUES ('NK00000039','Hồ Thùy Lam','1954-03-16','Nữ','Thái Nguyên','Không','Xơ Đăng','041369654802','HK00000220','Bác sĩ');
INSERT INTO nhankhau VALUES ('NK00000040','Đinh Thúy Hằng','2009-04-09','Nữ','Hải Dương','Không','Cơ Ho','093889684677','HK00000082','Dược sĩ');
INSERT INTO nhankhau VALUES ('NK00000041','Phạm Đức An','1997-06-07','Nam','Lạng Sơn','Công giáo','Chăm','078768396627','HK00000222','Cán bộ nhà nước');
INSERT INTO nhankhau VALUES ('NK00000042','Vũ Ánh Hằng','2014-12-22','Nữ','Bắc Ninh','Không','Sán Chay','055597483440','HK00000041','Nhân viên ngân hàng');
INSERT INTO nhankhau VALUES ('NK00000043','Vương Minh Quân','1950-06-22','Nam','Quảng Ninh','Phật giáo','Xơ Đăng','003664123223','HK00000185','Kế toán');
INSERT INTO nhankhau VALUES ('NK00000044','Đinh Diệu Ánh','1994-01-10','Nữ','Nam Định','Công giáo','Kinh','084053717996','HK00000202','Công an');
INSERT INTO nhankhau VALUES ('NK00000045','Nguyễn Hùng Cường','1998-03-16','Nam','Ninh Bình','Tin Lành','Ba Na','069017289618','HK00000253','Kỹ sư phần mềm');
INSERT INTO nhankhau VALUES ('NK00000046','Nguyễn Minh Nam','1965-07-25','Nam','Bắc Giang','Không','Khmer','039967686316','HK00000041','Nhân viên ngân hàng');
INSERT INTO nhankhau VALUES ('NK00000047','Phan Mai Nhi','1980-01-08','Nữ','Bắc Ninh','Không','Xơ Đăng','045709832177','HK00000039','Kỹ sư xây dựng');
INSERT INTO nhankhau VALUES ('NK00000048','Lưu Diệu Bích','1988-02-20','Nữ','Thanh Hóa','Công giáo','Khmer','057354608682','HK00000029','Nội trợ');
INSERT INTO nhankhau VALUES ('NK00000049','Đinh Công An','1988-07-15','Nam','Nam Định','Hòa Hảo','Ê Đê','085766714705','HK00000035','Bộ đội');
INSERT INTO nhankhau VALUES ('NK00000050','Võ Tuấn Lộc','1945-12-31','Nam','Đà Nẵng','Hòa Hảo','Ê Đê','018569492496','HK00000103','Lập trình viên');
INSERT INTO nhankhau VALUES ('NK00000051','Tạ Kiều Ánh','1986-09-16','Nữ','Quảng Ninh','Phật giáo','Tày','042628759470','HK00000142','Học sinh');
INSERT INTO nhankhau VALUES ('NK00000052','Phạm Anh Lộc','1990-05-19','Nam','Hải Phòng','Tin Lành','Ba Na','068525434201','HK00000221','Luật sư');
INSERT INTO nhankhau VALUES ('NK00000053','Phạm Tuấn Duy','1975-07-08','Nam','Lạng Sơn','Không','Cơ Ho','020382860465','HK00000017','Kế toán');
INSERT INTO nhankhau VALUES ('NK00000054','Lý Thị Trang','1973-01-28','Nữ','Hải Phòng','Tin Lành','Xơ Đăng','056549242886','HK00000017','Thất nghiệp');
INSERT INTO nhankhau VALUES ('NK00000055','Vũ Hoài Trâm','2001-11-09','Nữ','Nam Định','Không','Cơ Ho','050440928505','HK00000119','Bộ đội');
INSERT INTO nhankhau VALUES ('NK00000056','Bùi Khắc Nam','2010-02-07','Nam','Hải Dương','Tin Lành','Khmer','061782317385','HK00000256','Thợ mộc');
INSERT INTO nhankhau VALUES ('NK00000057','Đinh Diệu Uyên','1993-09-27','Nữ','Lạng Sơn','Tin Lành','Khmer','043995707749','HK00000041','Lập trình viên');
INSERT INTO nhankhau VALUES ('NK00000058','Võ Anh Kiên','2010-04-16','Nam','Hải Phòng','Cao Đài','Cơ Ho','013715042108','HK00000010','Lập trình viên');
INSERT INTO nhankhau VALUES ('NK00000059','Phạm Công Kiên','1970-12-12','Nam','Vĩnh Phúc','Hòa Hảo','Hmông','071961845208','HK00000047','Lái xe');
INSERT INTO nhankhau VALUES ('NK00000060','Bùi Trung Tài','1999-08-23','Nam','Vĩnh Phúc','Cao Đài','Dao','036145598025','HK00000091','Bảo vệ');
INSERT INTO nhankhau VALUES ('NK00000061','Đào Thành Duy','2011-06-22','Nam','Ninh Bình','Cao Đài','Tày','021355045658','HK00000047','Thợ may');
INSERT INTO nhankhau VALUES ('NK00000062','Nguyễn Đức Bình','1994-01-14','Nam','Hải Dương','Không','Nùng','059746830044','HK00000151','Thất nghiệp');
INSERT INTO nhankhau VALUES ('NK00000063','Ngô Minh Vinh','1955-01-25','Nam','Bắc Giang','Không','Thái','098605882183','HK00000132','Bác sĩ');
INSERT INTO nhankhau VALUES ('NK00000064','Hà Xuân Cường','2012-09-14','Nam','Bắc Ninh','Phật giáo','Thái','055615081421','HK00000293','Buôn bán tự do');
INSERT INTO nhankhau VALUES ('NK00000065','Tạ Ánh Trang','2013-10-25','Nữ','Bắc Giang','Không','Sán Chay','087795191258','HK00000015','Buôn bán tự do');
INSERT INTO nhankhau VALUES ('NK00000066','Phạm Hồng Lan','1961-08-19','Nữ','Quảng Ninh','Phật giáo','Hmông','006253930413','HK00000293','Hưu trí');
INSERT INTO nhankhau VALUES ('NK00000067','Cao Tuyết Bích','1995-01-07','Nữ','Vĩnh Phúc','Công giáo','Dao','017244721300','HK00000285','Thợ xây');
INSERT INTO nhankhau VALUES ('NK00000068','Lâm Công Kiên','1967-09-21','Nam','Lạng Sơn','Hòa Hảo','Nùng','017341673995','HK00000073','Thợ mộc');
INSERT INTO nhankhau VALUES ('NK00000069','Đào Mỹ Dung','1989-02-20','Nữ','TP. Hồ Chí Minh','Công giáo','Chăm','062643567835','HK00000281','Bác sĩ');
INSERT INTO nhankhau VALUES ('NK00000070','Tống Thùy Hằng','1996-01-13','Nữ','Thái Nguyên','Cao Đài','Thái','090749374855','HK00000178','Kế toán');
INSERT INTO nhankhau VALUES ('NK00000071','Đinh Thúy Diệp','1961-04-20','Nữ','Hải Phòng','Cao Đài','Cơ Ho','029648791899','HK00000239','Sinh viên');
INSERT INTO nhankhau VALUES ('NK00000072','Tống Viết Mạnh','1993-08-19','Nam','Thái Nguyên','Tin Lành','Chăm','040373538480','HK00000105','Thợ hàn');
INSERT INTO nhankhau VALUES ('NK00000073','Đoàn Trung Tài','2004-06-28','Nam','TP. Hồ Chí Minh','Công giáo','Thái','011429710089','HK00000217','Thợ hàn');
INSERT INTO nhankhau VALUES ('NK00000074','Mai Đức Khánh','1997-12-02','Nam','Đà Nẵng','Phật giáo','Ba Na','039827554822','HK00000071','Thất nghiệp');
INSERT INTO nhankhau VALUES ('NK00000075','Võ Mỹ Mai','1965-09-30','Nữ','Thái Nguyên','Cao Đài','Tày','042825045125','HK00000115','Bảo vệ');
INSERT INTO nhankhau VALUES ('NK00000076','Trịnh Đức Bảo','1951-06-05','Nam','Quảng Ninh','Cao Đài','Sán Chay','073193943708','HK00000066','Công nhân');
INSERT INTO nhankhau VALUES ('NK00000077','Trịnh Viết An','1985-09-17','Nam','Hải Dương','Phật giáo','Xơ Đăng','033253040866','HK00000196','Học sinh');
INSERT INTO nhankhau VALUES ('NK00000078','Bùi Quốc Duy','1967-07-06','Nam','Đà Nẵng','Hòa Hảo','Mường','014697665837','HK00000004','Sinh viên');
INSERT INTO nhankhau VALUES ('NK00000079','Lâm Tất Giang','1946-03-07','Nam','Nam Định','Cao Đài','Gia Rai','050921902708','HK00000241','Thợ xây');
INSERT INTO nhankhau VALUES ('NK00000080','Hoàng Thùy Nhung','1950-10-03','Nữ','Quảng Ninh','Cao Đài','Mường','012412263161','HK00000074','Nhân viên ngân hàng');
INSERT INTO nhankhau VALUES ('NK00000081','Bùi Minh Khánh','1960-12-27','Nam','Vĩnh Phúc','Tin Lành','Nùng','052356404174','HK00000115','Bộ đội');
INSERT INTO nhankhau VALUES ('NK00000082','Vương Tất Kiên','1984-03-15','Nam','Lạng Sơn','Không','Xơ Đăng','043216144043','HK00000041','Kế toán');
INSERT INTO nhankhau VALUES ('NK00000083','Nguyễn Mỹ Quyên','2004-05-08','Nữ','Thanh Hóa','Không','Ê Đê','016789718877','HK00000286','Y tá');
INSERT INTO nhankhau VALUES ('NK00000084','Nguyễn Xuân Quân','2015-07-04','Nam','Thanh Hóa','Hòa Hảo','Ba Na','019069682379','HK00000002','Thất nghiệp');
INSERT INTO nhankhau VALUES ('NK00000085','Lê Tú Ánh','1974-12-05','Nữ','Nam Định','Hòa Hảo','Chăm','036837353856','HK00000041','Bác sĩ');
INSERT INTO nhankhau VALUES ('NK00000086','Dương Viết Lộc','2005-11-06','Nam','Hải Dương','Không','Kinh','013204207058','HK00000035','Công an');
INSERT INTO nhankhau VALUES ('NK00000087','Dương Hồng Ngân','1984-01-09','Nữ','Hải Dương','Phật giáo','Khmer','030220181373','HK00000075','Cán bộ nhà nước');
INSERT INTO nhankhau VALUES ('NK00000088','Đào Xuân Lộc','1998-03-30','Nam','Hải Phòng','Không','Gia Rai','094815466226','HK00000039','Thợ mộc');
INSERT INTO nhankhau VALUES ('NK00000089','Đỗ Mỹ Nhung','2001-09-30','Nữ','Bắc Ninh','Tin Lành','Kinh','042528753116','HK00000136','Nhân viên ngân hàng');
INSERT INTO nhankhau VALUES ('NK00000090','Đỗ Hùng Quang','1995-04-02','Nam','Lạng Sơn','Không','Dao','043486108391','HK00000262','Thợ điện');
INSERT INTO nhankhau VALUES ('NK00000091','Vương Đình Bảo','1993-07-04','Nam','Thái Nguyên','Cao Đài','Dao','080932673380','HK00000190','Nội trợ');
INSERT INTO nhankhau VALUES ('NK00000092','Lâm Diệu Mai','1989-07-23','Nữ','Bắc Ninh','Công giáo','Xơ Đăng','077615635534','HK00000009','Học sinh');
INSERT INTO nhankhau VALUES ('NK00000093','Cao Hồng An','1978-12-28','Nữ','TP. Hồ Chí Minh','Cao Đài','Gia Rai','009031460047','HK00000150','Nhân viên văn phòng');
INSERT INTO nhankhau VALUES ('NK00000094','Lê Hữu Phúc','1983-08-28','Nam','Đà Nẵng','Cao Đài','Ê Đê','070092869262','HK00000218','Nhân viên văn phòng');
INSERT INTO nhankhau VALUES ('NK00000095','Đinh Kim Thảo','2005-10-14','Nữ','Hà Nội','Hòa Hảo','Khmer','035858541326','HK00000278','Hưu trí');
INSERT INTO nhankhau VALUES ('NK00000096','Phạm Xuân Kiên','2001-07-10','Nam','Ninh Bình','Phật giáo','Nùng','082908347404','HK00000190','Y tá');
INSERT INTO nhankhau VALUES ('NK00000097','Tô Ngọc Yến','1957-03-13','Nữ','Hà Nội','Cao Đài','Ê Đê','027019711684','HK00000054','Thợ may');
INSERT INTO nhankhau VALUES ('NK00000098','Đỗ Viết Đạt','1987-02-14','Nam','Lạng Sơn','Tin Lành','Chăm','043569256567','HK00000285','Nông dân');
INSERT INTO nhankhau VALUES ('NK00000099','Lê Xuân Kiên','1967-05-31','Nam','Hải Phòng','Tin Lành','Gia Rai','034963678269','HK00000191','Bảo vệ');
INSERT INTO nhankhau VALUES ('NK00000100','Võ Xuân Khánh','1957-08-23','Nam','Bắc Ninh','Tin Lành','Sán Chay','085415162035','HK00000147','Dược sĩ');
INSERT INTO nhankhau VALUES ('NK00000101','Huỳnh Anh Đạt','1994-02-08','Nam','Hải Phòng','Cao Đài','Nùng','027623198196','HK00000287','Kỹ sư xây dựng');
INSERT INTO nhankhau VALUES ('NK00000102','Đinh Mai Hà','1982-10-10','Nữ','Bắc Giang','Cao Đài','Dao','052114326502','HK00000103','Nông dân');
INSERT INTO nhankhau VALUES ('NK00000103','Hà Thu Uyên','1961-05-31','Nữ','Hải Dương','Không','Xơ Đăng','085422996348','HK00000238','Thợ xây');
INSERT INTO nhankhau VALUES ('NK00000104','Võ Bá Bình','1995-04-22','Nam','Thái Nguyên','Hòa Hảo','Thái','048785966600','HK00000250','Lái xe');
INSERT INTO nhankhau VALUES ('NK00000105','Dương Bích Nhung','1992-10-31','Nữ','Hải Dương','Phật giáo','Gia Rai','053416427304','HK00000216','Bác sĩ');
INSERT INTO nhankhau VALUES ('NK00000106','Đặng Kiều Xuân','1959-04-13','Nữ','Quảng Ninh','Cao Đài','Thái','057739906838','HK00000075','Thợ điện');
INSERT INTO nhankhau VALUES ('NK00000107','Quách Hùng Tuấn','1987-07-13','Nam','Nam Định','Không','Dao','096610768926','HK00000264','Hưu trí');
INSERT INTO nhankhau VALUES ('NK00000108','Quách Bá Thọ','1971-04-09','Nam','Quảng Ninh','Phật giáo','Thái','023812661427','HK00000161','Thất nghiệp');
INSERT INTO nhankhau VALUES ('NK00000109','Hoàng Minh Linh','1982-10-11','Nam','Lạng Sơn','Cao Đài','Gia Rai','051696258351','HK00000264','Nhân viên ngân hàng');
INSERT INTO nhankhau VALUES ('NK00000110','Trịnh Hồng Uyên','2011-05-26','Nữ','Cần Thơ','Không','Sán Chay','071272598210','HK00000055','Hưu trí');
INSERT INTO nhankhau VALUES ('NK00000111','Đinh Tuyết Trang','2001-02-02','Nữ','TP. Hồ Chí Minh','Phật giáo','Chăm','027433246107','HK00000102','Giáo viên');
INSERT INTO nhankhau VALUES ('NK00000112','Bùi Khắc Nam','1994-03-10','Nam','Hải Phòng','Tin Lành','Hmông','063448609842','HK00000089','Luật sư');
INSERT INTO nhankhau VALUES ('NK00000113','Lý Thu Thảo','1974-06-30','Nữ','Hải Dương','Công giáo','Thái','007313180009','HK00000294','Thợ mộc');
INSERT INTO nhankhau VALUES ('NK00000114','Ngô Anh Thọ','1975-05-29','Nam','Thái Nguyên','Tin Lành','Nùng','030598757128','HK00000244','Dược sĩ');
INSERT INTO nhankhau VALUES ('NK00000115','Phan Viết Hải','1989-06-16','Nam','Ninh Bình','Công giáo','Nùng','028708624644','HK00000081','Đầu bếp');
INSERT INTO nhankhau VALUES ('NK00000116','Hoàng Anh Khải','1967-11-02','Nam','Hải Phòng','Không','Chăm','056158409594','HK00000050','Luật sư');
INSERT INTO nhankhau VALUES ('NK00000117','Lưu Quốc Tuấn','1985-04-22','Nam','Thanh Hóa','Phật giáo','Thái','094904224826','HK00000192','Hưu trí');
INSERT INTO nhankhau VALUES ('NK00000118','Vương Hương Chi','1961-11-05','Nữ','Ninh Bình','Hòa Hảo','Thái','091500504332','HK00000039','Kỹ sư xây dựng');
INSERT INTO nhankhau VALUES ('NK00000119','Vương Viết Khải','2004-11-26','Nam','Lạng Sơn','Không','Mường','074815254778','HK00000032','Lập trình viên');
INSERT INTO nhankhau VALUES ('NK00000120','Vương Tú Lam','1996-04-23','Nữ','Bắc Giang','Phật giáo','Chăm','035694777718','HK00000079','Thợ xây');
INSERT INTO nhankhau VALUES ('NK00000121','Ngô Hùng Sơn','1991-03-24','Nam','Vĩnh Phúc','Không','Tày','060076320708','HK00000147','Bác sĩ');
INSERT INTO nhankhau VALUES ('NK00000122','Hoàng Văn An','2010-05-23','Nam','Cần Thơ','Phật giáo','Hmông','069248453815','HK00000211','Thợ mộc');
INSERT INTO nhankhau VALUES ('NK00000123','Lưu Hoài Diệp','2012-12-14','Nữ','Quảng Ninh','Phật giáo','Chăm','052549185251','HK00000013','Kỹ sư xây dựng');
INSERT INTO nhankhau VALUES ('NK00000124','Huỳnh Mỹ Hằng','1957-08-04','Nữ','Thanh Hóa','Không','Ba Na','055424254990','HK00000182','Sinh viên');
INSERT INTO nhankhau VALUES ('NK00000125','Hoàng Minh Xuân','1958-09-12','Nam','Thái Nguyên','Không','Dao','010731422622','HK00000216','Nhân viên văn phòng');
INSERT INTO nhankhau VALUES ('NK00000126','Trần Thanh Phương','2011-07-09','Nữ','Thái Nguyên','Hòa Hảo','Dao','066451212840','HK00000167','Bác sĩ');
INSERT INTO nhankhau VALUES ('NK00000127','Phan Thanh Ánh','1979-04-26','Nữ','TP. Hồ Chí Minh','Hòa Hảo','Mường','010634048542','HK00000290','Nhân viên ngân hàng');
INSERT INTO nhankhau VALUES ('NK00000128','Phạm Kim Linh','1946-12-29','Nữ','Thái Nguyên','Cao Đài','Cơ Ho','051861228802','HK00000149','Thợ hàn');
INSERT INTO nhankhau VALUES ('NK00000129','Lưu Diệu Trang','2015-12-22','Nữ','Thái Nguyên','Phật giáo','Nùng','060952709980','HK00000051','Nhân viên văn phòng');
INSERT INTO nhankhau VALUES ('NK00000130','Phan Công Linh','2009-08-16','Nam','Hải Phòng','Phật giáo','Cơ Ho','055268332999','HK00000107','Thợ điện');
INSERT INTO nhankhau VALUES ('NK00000131','Phan Ánh Diệp','2013-01-13','Nữ','Vĩnh Phúc','Công giáo','Mường','026456601338','HK00000189','Công an');
INSERT INTO nhankhau VALUES ('NK00000132','Tống Phương Lan','1994-03-26','Nữ','Thanh Hóa','Công giáo','Ba Na','020579911412','HK00000279','Học sinh');
INSERT INTO nhankhau VALUES ('NK00000133','Đặng Diệu Xuân','1989-04-14','Nữ','Bắc Ninh','Phật giáo','Xơ Đăng','064618548971','HK00000165','Học sinh');
INSERT INTO nhankhau VALUES ('NK00000134','Vũ Hùng Phong','1986-03-06','Nam','Quảng Ninh','Công giáo','Cơ Ho','044033796952','HK00000194','Kỹ sư phần mềm');
INSERT INTO nhankhau VALUES ('NK00000135','Hà Hồng Bích','1946-08-02','Nữ','Hà Nội','Phật giáo','Dao','006776048579','HK00000192','Buôn bán tự do');
INSERT INTO nhankhau VALUES ('NK00000136','Trần Thị Nhung','2004-09-04','Nữ','Lạng Sơn','Hòa Hảo','Khmer','033778934292','HK00000177','Nhân viên văn phòng');
INSERT INTO nhankhau VALUES ('NK00000137','Đặng Bích Ánh','1998-11-21','Nữ','Cần Thơ','Không','Kinh','051837888119','HK00000062','Thất nghiệp');
INSERT INTO nhankhau VALUES ('NK00000138','Phạm Diệu Hà','1957-11-10','Nữ','Lạng Sơn','Hòa Hảo','Cơ Ho','067276823995','HK00000263','Nông dân');
INSERT INTO nhankhau VALUES ('NK00000139','Nguyễn Khắc Sơn','1958-09-02','Nam','Đà Nẵng','Tin Lành','Nùng','076041855865','HK00000089','Thợ hàn');
INSERT INTO nhankhau VALUES ('NK00000140','Vương Khắc Cường','1946-08-04','Nam','Quảng Ninh','Hòa Hảo','Sán Chay','061035733199','HK00000201','Công nhân');
INSERT INTO nhankhau VALUES ('NK00000141','Đinh Đình Phúc','2012-11-19','Nam','Đà Nẵng','Tin Lành','Dao','094808940925','HK00000051','Thợ điện');
INSERT INTO nhankhau VALUES ('NK00000142','Huỳnh Trung Duy','2014-02-17','Nam','TP. Hồ Chí Minh','Cao Đài','Thái','039148417537','HK00000251','Đầu bếp');
INSERT INTO nhankhau VALUES ('NK00000143','Đỗ Ánh Thư','1952-02-14','Nữ','Thanh Hóa','Không','Xơ Đăng','090764667366','HK00000209','Công an');
INSERT INTO nhankhau VALUES ('NK00000144','Dương Diệu Lan','1952-04-03','Nữ','Lạng Sơn','Hòa Hảo','Xơ Đăng','017770150949','HK00000070','Thợ may');
INSERT INTO nhankhau VALUES ('NK00000145','Bùi Mai Ánh','2012-01-05','Nữ','Bắc Ninh','Phật giáo','Sán Chay','075810544476','HK00000109','Giáo viên');
INSERT INTO nhankhau VALUES ('NK00000146','Võ Đức Sơn','1962-03-28','Nam','Hải Dương','Hòa Hảo','Khmer','058790048321','HK00000255','Dược sĩ');
INSERT INTO nhankhau VALUES ('NK00000147','Hoàng Hùng Nam','1950-03-27','Nam','TP. Hồ Chí Minh','Công giáo','Khmer','012411222612','HK00000203','Thất nghiệp');
INSERT INTO nhankhau VALUES ('NK00000148','Đoàn Hùng Nam','1966-12-15','Nam','Cần Thơ','Công giáo','Khmer','043584204468','HK00000290','Thợ xây');
INSERT INTO nhankhau VALUES ('NK00000149','Cao Tất Kiên','1954-11-05','Nam','Quảng Ninh','Cao Đài','Ba Na','043188813874','HK00000064','Nhân viên văn phòng');
INSERT INTO nhankhau VALUES ('NK00000150','Tô Thu Thư','1970-10-23','Nữ','Thái Nguyên','Tin Lành','Kinh','048678386978','HK00000146','Buôn bán tự do');
INSERT INTO nhankhau VALUES ('NK00000151','Lý Mai Dung','2004-09-10','Nữ','Vĩnh Phúc','Công giáo','Chăm','055771264527','HK00000164','Kỹ sư xây dựng');
INSERT INTO nhankhau VALUES ('NK00000152','Đào Phương Hoa','1994-06-12','Nữ','Đà Nẵng','Hòa Hảo','Thái','040529456614','HK00000157','Sinh viên');
INSERT INTO nhankhau VALUES ('NK00000153','Quách Thùy Trang','1945-01-09','Nữ','Bắc Giang','Phật giáo','Mường','097037024897','HK00000189','Đầu bếp');
INSERT INTO nhankhau VALUES ('NK00000154','Lưu Đức Giang','2006-06-13','Nam','Quảng Ninh','Không','Nùng','066623482477','HK00000052','Công an');
INSERT INTO nhankhau VALUES ('NK00000155','Dương Tuyết Nhung','1964-02-28','Nữ','Hà Nội','Cao Đài','Thái','081441354619','HK00000192','Y tá');
INSERT INTO nhankhau VALUES ('NK00000156','Hoàng Nhật Vinh','2004-08-14','Nam','Bắc Giang','Không','Gia Rai','060634901554','HK00000003','Buôn bán tự do');
INSERT INTO nhankhau VALUES ('NK00000157','Đào Tuyết Nhung','2013-06-13','Nữ','Lạng Sơn','Tin Lành','Xơ Đăng','019099051719','HK00000189','Giáo viên');
INSERT INTO nhankhau VALUES ('NK00000158','Trịnh Trung An','1985-02-08','Nam','Hà Nội','Công giáo','Mường','016730498235','HK00000283','Thợ mộc');
INSERT INTO nhankhau VALUES ('NK00000159','Mai Phương An','1982-10-15','Nữ','Hải Dương','Công giáo','Mường','012447402312','HK00000082','Hưu trí');
INSERT INTO nhankhau VALUES ('NK00000160','Ngô Bích Bích','1990-02-14','Nữ','Bắc Ninh','Hòa Hảo','Mường','090482883566','HK00000105','Kỹ sư xây dựng');
INSERT INTO nhankhau VALUES ('NK00000161','Tống Thanh Hằng','1963-07-15','Nữ','Thái Nguyên','Cao Đài','Xơ Đăng','054144824750','HK00000289','Bác sĩ');
INSERT INTO nhankhau VALUES ('NK00000162','Đào Thành Thọ','2011-08-30','Nam','Hải Phòng','Công giáo','Tày','077627262402','HK00000120','Công nhân');
INSERT INTO nhankhau VALUES ('NK00000163','Đỗ Thanh Trâm','1975-10-21','Nữ','Thanh Hóa','Không','Thái','083079016117','HK00000101','Bảo vệ');
INSERT INTO nhankhau VALUES ('NK00000164','Huỳnh Minh Hưng','1964-06-20','Nam','Lạng Sơn','Tin Lành','Thái','000752511982','HK00000046','Sinh viên');
INSERT INTO nhankhau VALUES ('NK00000165','Tạ Ngọc Mai','1983-04-23','Nữ','Hải Phòng','Cao Đài','Thái','080954877529','HK00000266','Thợ may');
INSERT INTO nhankhau VALUES ('NK00000166','Hồ Minh Quân','1974-08-28','Nam','Đà Nẵng','Không','Xơ Đăng','049533826158','HK00000276','Y tá');
INSERT INTO nhankhau VALUES ('NK00000167','Nguyễn Anh Phúc','2000-02-18','Nam','Hải Phòng','Hòa Hảo','Thái','066410518468','HK00000051','Lái xe');
INSERT INTO nhankhau VALUES ('NK00000168','Võ Đình Linh','1949-12-29','Nam','Hà Nội','Hòa Hảo','Chăm','085383168634','HK00000159','Kỹ sư phần mềm');
INSERT INTO nhankhau VALUES ('NK00000169','Đoàn Quốc Quân','1980-09-22','Nam','Quảng Ninh','Không','Hmông','011793272198','HK00000208','Công nhân');
INSERT INTO nhankhau VALUES ('NK00000170','Lưu Minh Hải','2009-07-27','Nam','Nam Định','Tin Lành','Kinh','075489420314','HK00000020','Thất nghiệp');
INSERT INTO nhankhau VALUES ('NK00000171','Võ Diệu Phương','1951-07-17','Nữ','Hải Dương','Hòa Hảo','Ba Na','027954927861','HK00000143','Nội trợ');
INSERT INTO nhankhau VALUES ('NK00000172','Đào Bá Khải','1990-06-02','Nam','Cần Thơ','Không','Chăm','014426922130','HK00000071','Nội trợ');
INSERT INTO nhankhau VALUES ('NK00000173','Cao Ngọc Loan','1971-12-31','Nữ','Hải Phòng','Tin Lành','Sán Chay','032069018210','HK00000162','Cán bộ nhà nước');
INSERT INTO nhankhau VALUES ('NK00000174','Đặng Mai Linh','1970-03-04','Nữ','Hà Nội','Phật giáo','Chăm','051994153867','HK00000251','Công an');
INSERT INTO nhankhau VALUES ('NK00000175','Phạm Phương Lan','2003-02-16','Nữ','Bắc Giang','Phật giáo','Chăm','096621581096','HK00000157','Kỹ sư phần mềm');
INSERT INTO nhankhau VALUES ('NK00000176','Đặng Thành Quân','2003-04-18','Nam','Vĩnh Phúc','Công giáo','Dao','031517994313','HK00000260','Luật sư');
INSERT INTO nhankhau VALUES ('NK00000177','Đinh Khắc Quân','1957-03-30','Nam','Nam Định','Phật giáo','Dao','047190953751','HK00000110','Giáo viên');
INSERT INTO nhankhau VALUES ('NK00000178','Đặng Hoài Quyên','1971-09-06','Nữ','Vĩnh Phúc','Công giáo','Khmer','035859834489','HK00000271','Thợ hàn');
INSERT INTO nhankhau VALUES ('NK00000179','Đặng Hương Quyên','2005-01-03','Nữ','Thanh Hóa','Công giáo','Nùng','046200950765','HK00000254','Thợ mộc');
INSERT INTO nhankhau VALUES ('NK00000180','Tạ Hữu Quang','1959-04-16','Nam','Hải Dương','Hòa Hảo','Kinh','008214753836','HK00000099','Kỹ sư phần mềm');
INSERT INTO nhankhau VALUES ('NK00000181','Mai Quốc Mạnh','1962-11-08','Nam','Hải Phòng','Công giáo','Dao','090807206442','HK00000170','Nông dân');
INSERT INTO nhankhau VALUES ('NK00000182','Hà Viết An','1949-06-09','Nam','Thái Nguyên','Cao Đài','Khmer','057176318652','HK00000033','Luật sư');
INSERT INTO nhankhau VALUES ('NK00000183','Trịnh Thùy Dung','1946-12-09','Nữ','Thái Nguyên','Tin Lành','Cơ Ho','046694481859','HK00000180','Công nhân');
INSERT INTO nhankhau VALUES ('NK00000184','Mai Mai Trâm','1949-12-27','Nữ','Lạng Sơn','Cao Đài','Thái','044762386608','HK00000027','Kỹ sư xây dựng');
INSERT INTO nhankhau VALUES ('NK00000185','Dương Nhật Sơn','1982-03-18','Nam','Vĩnh Phúc','Tin Lành','Chăm','074850479100','HK00000154','Đầu bếp');
INSERT INTO nhankhau VALUES ('NK00000186','Lâm Ngọc Phúc','1953-09-16','Nam','Hải Dương','Công giáo','Xơ Đăng','036318832815','HK00000244','Công an');
INSERT INTO nhankhau VALUES ('NK00000187','Tống Minh Khánh','1998-11-12','Nam','Hải Dương','Cao Đài','Kinh','097019137868','HK00000035','Bảo vệ');
INSERT INTO nhankhau VALUES ('NK00000188','Lê Gia Quang','2012-09-22','Nam','TP. Hồ Chí Minh','Không','Nùng','090220782920','HK00000028','Sinh viên');
INSERT INTO nhankhau VALUES ('NK00000189','Lưu Khắc Quân','2002-04-25','Nam','Bắc Giang','Cao Đài','Xơ Đăng','067847286004','HK00000080','Công an');
INSERT INTO nhankhau VALUES ('NK00000190','Trần Trung Mạnh','1996-03-10','Nam','Hải Dương','Tin Lành','Mường','079966657097','HK00000283','Nhân viên ngân hàng');
INSERT INTO nhankhau VALUES ('NK00000191','Lâm Xuân Linh','1979-03-16','Nam','Cần Thơ','Tin Lành','Gia Rai','007378511572','HK00000091','Nông dân');
INSERT INTO nhankhau VALUES ('NK00000192','Nguyễn Thanh Nhung','1977-12-09','Nữ','Đà Nẵng','Phật giáo','Dao','070154147823','HK00000207','Lái xe');
INSERT INTO nhankhau VALUES ('NK00000193','Lê Mỹ Ánh','1997-01-30','Nữ','Quảng Ninh','Hòa Hảo','Sán Chay','012128780777','HK00000150','Thợ may');
INSERT INTO nhankhau VALUES ('NK00000194','Phan Minh Cường','1953-02-05','Nam','Ninh Bình','Phật giáo','Cơ Ho','042564856960','HK00000048','Sinh viên');
INSERT INTO nhankhau VALUES ('NK00000195','Tống Gia Thắng','2001-11-28','Nam','Đà Nẵng','Tin Lành','Hmông','046349159481','HK00000005','Dược sĩ');
INSERT INTO nhankhau VALUES ('NK00000196','Phan Thu Ngân','1959-12-21','Nữ','Quảng Ninh','Cao Đài','Tày','026121030126','HK00000040','Kỹ sư phần mềm');
INSERT INTO nhankhau VALUES ('NK00000197','Võ Đình Quang','1970-01-21','Nam','Thái Nguyên','Công giáo','Thái','026518987902','HK00000224','Bảo vệ');
INSERT INTO nhankhau VALUES ('NK00000198','Lâm Tuyết Uyên','1971-01-27','Nữ','TP. Hồ Chí Minh','Phật giáo','Ê Đê','097931969622','HK00000051','Bác sĩ');
INSERT INTO nhankhau VALUES ('NK00000199','Đào Quốc Duy','1991-02-21','Nam','Nam Định','Hòa Hảo','Nùng','009293202664','HK00000104','Bảo vệ');
INSERT INTO nhankhau VALUES ('NK00000200','Lý Thanh Châu','1948-12-20','Nữ','Bắc Ninh','Cao Đài','Sán Chay','004992328152','HK00000061','Hưu trí');
INSERT INTO nhankhau VALUES ('NK00000201','Phan Bá Phong','1945-06-13','Nam','Cần Thơ','Hòa Hảo','Ba Na','020265084856','HK00000168','Nhân viên ngân hàng');
INSERT INTO nhankhau VALUES ('NK00000202','Đặng Kim Hoa','1985-07-31','Nữ','TP. Hồ Chí Minh','Cao Đài','Kinh','050101146865','HK00000057','Lái xe');
INSERT INTO nhankhau VALUES ('NK00000203','Tô Đình Sơn','1963-08-24','Nam','Đà Nẵng','Cao Đài','Thái','071149021946','HK00000226','Kỹ sư phần mềm');
INSERT INTO nhankhau VALUES ('NK00000204','Hoàng Thu Lan','2015-05-07','Nữ','Nam Định','Công giáo','Nùng','014738719423','HK00000116','Thợ điện');
INSERT INTO nhankhau VALUES ('NK00000205','Đặng Thanh Vân','1989-03-15','Nữ','Bắc Ninh','Không','Nùng','073784468953','HK00000245','Bộ đội');
INSERT INTO nhankhau VALUES ('NK00000206','Vũ Ngọc Trâm','1975-10-10','Nữ','Quảng Ninh','Phật giáo','Mường','026981674576','HK00000269','Nội trợ');
INSERT INTO nhankhau VALUES ('NK00000207','Hoàng Tuấn Khánh','1993-11-23','Nam','Lạng Sơn','Phật giáo','Ê Đê','032325975911','HK00000081','Bảo vệ');
INSERT INTO nhankhau VALUES ('NK00000208','Đoàn Bá Quân','1977-02-03','Nam','Đà Nẵng','Công giáo','Ê Đê','057906389607','HK00000064','Đầu bếp');
INSERT INTO nhankhau VALUES ('NK00000209','Phạm Thị An','2013-01-26','Nữ','Bắc Ninh','Công giáo','Thái','044705382958','HK00000299','Đầu bếp');
INSERT INTO nhankhau VALUES ('NK00000210','Võ Khắc Kiên','2009-02-26','Nam','Vĩnh Phúc','Cao Đài','Tày','086212990441','HK00000043','Lái xe');
INSERT INTO nhankhau VALUES ('NK00000211','Tống Tuấn Sơn','2005-11-26','Nam','Lạng Sơn','Phật giáo','Xơ Đăng','084859503591','HK00000121','Nội trợ');
INSERT INTO nhankhau VALUES ('NK00000212','Tô Ngọc Bích','1973-08-25','Nữ','Cần Thơ','Hòa Hảo','Tày','038873678315','HK00000186','Bộ đội');
INSERT INTO nhankhau VALUES ('NK00000213','Huỳnh Hoài Xuân','1989-02-28','Nữ','Lạng Sơn','Hòa Hảo','Ê Đê','027764141649','HK00000168','Thợ hàn');
INSERT INTO nhankhau VALUES ('NK00000214','Võ Đình Khải','2003-07-17','Nam','Thái Nguyên','Hòa Hảo','Cơ Ho','092529491095','HK00000278','Thợ may');
INSERT INTO nhankhau VALUES ('NK00000215','Trần Hương Xuân','1966-10-19','Nữ','Quảng Ninh','Không','Thái','005759666149','HK00000202','Luật sư');
INSERT INTO nhankhau VALUES ('NK00000216','Phạm Anh Khoa','2001-05-18','Nam','Bắc Giang','Hòa Hảo','Sán Chay','014690220559','HK00000185','Thợ mộc');
INSERT INTO nhankhau VALUES ('NK00000217','Phạm Hữu Vinh','1985-08-22','Nam','Đà Nẵng','Phật giáo','Chăm','032845798125','HK00000163','Hưu trí');
INSERT INTO nhankhau VALUES ('NK00000218','Đỗ Tú Uyên','1971-02-07','Nữ','Đà Nẵng','Hòa Hảo','Thái','027527355768','HK00000004','Hưu trí');
INSERT INTO nhankhau VALUES ('NK00000219','Cao Thị Nhi','1961-04-25','Nữ','Đà Nẵng','Công giáo','Ê Đê','016870068717','HK00000150','Đầu bếp');
INSERT INTO nhankhau VALUES ('NK00000220','Vũ Đình Khánh','1958-07-13','Nam','Lạng Sơn','Công giáo','Tày','047079916225','HK00000032','Y tá');
INSERT INTO nhankhau VALUES ('NK00000221','Phạm Mai Thư','1977-05-25','Nữ','Thái Nguyên','Không','Xơ Đăng','079167235863','HK00000100','Luật sư');
INSERT INTO nhankhau VALUES ('NK00000222','Lê Đình Tuấn','1953-06-06','Nam','Lạng Sơn','Tin Lành','Dao','027695900767','HK00000292','Buôn bán tự do');
INSERT INTO nhankhau VALUES ('NK00000223','Hồ Bá Khoa','1980-06-15','Nam','TP. Hồ Chí Minh','Phật giáo','Nùng','027070868803','HK00000151','Luật sư');
INSERT INTO nhankhau VALUES ('NK00000224','Phạm Hữu Khải','1991-12-22','Nam','Vĩnh Phúc','Cao Đài','Ba Na','006218282736','HK00000174','Luật sư');
INSERT INTO nhankhau VALUES ('NK00000225','Đặng Phương Oanh','2013-05-12','Nữ','Nam Định','Hòa Hảo','Xơ Đăng','084054551253','HK00000227','Thợ điện');
INSERT INTO nhankhau VALUES ('NK00000226','Hà Ngọc Trang','2000-04-29','Nữ','Bắc Giang','Cao Đài','Mường','014545546231','HK00000006','Thợ điện');
INSERT INTO nhankhau VALUES ('NK00000227','Cao Gia Quân','1987-10-22','Nam','Thanh Hóa','Công giáo','Thái','069797135921','HK00000296','Dược sĩ');
INSERT INTO nhankhau VALUES ('NK00000228','Lâm Hùng Hải','1991-12-14','Nam','Vĩnh Phúc','Không','Mường','075427878932','HK00000054','Bộ đội');
INSERT INTO nhankhau VALUES ('NK00000229','Dương Minh Bảo','1963-05-27','Nam','Bắc Ninh','Công giáo','Ba Na','014313784276','HK00000110','Hưu trí');
INSERT INTO nhankhau VALUES ('NK00000230','Hà Khắc Mạnh','1960-03-25','Nam','Ninh Bình','Cao Đài','Ba Na','041209196051','HK00000242','Kỹ sư phần mềm');
INSERT INTO nhankhau VALUES ('NK00000231','Tạ Trung Bảo','2005-06-17','Nam','Vĩnh Phúc','Không','Xơ Đăng','053124978963','HK00000298','Bộ đội');
INSERT INTO nhankhau VALUES ('NK00000232','Phan Khắc Thọ','2006-05-01','Nam','Ninh Bình','Công giáo','Xơ Đăng','075653462806','HK00000082','Thợ may');
INSERT INTO nhankhau VALUES ('NK00000233','Tạ Ngọc Thư','1980-02-11','Nữ','Đà Nẵng','Hòa Hảo','Cơ Ho','075092119699','HK00000150','Thợ xây');
INSERT INTO nhankhau VALUES ('NK00000234','Tống Anh Duy','2007-08-22','Nam','Thái Nguyên','Tin Lành','Nùng','044343151685','HK00000218','Giáo viên');
INSERT INTO nhankhau VALUES ('NK00000235','Đào Thúy Loan','1951-09-25','Nữ','Hải Dương','Phật giáo','Tày','028564775690','HK00000190','Công an');
INSERT INTO nhankhau VALUES ('NK00000236','Hồ Văn Dũng','1977-09-30','Nam','Hải Dương','Công giáo','Tày','025014141490','HK00000039','Nhân viên ngân hàng');
INSERT INTO nhankhau VALUES ('NK00000237','Ngô Bá Xuân','2004-05-11','Nam','Hải Dương','Công giáo','Mường','056040237146','HK00000051','Thợ hàn');
INSERT INTO nhankhau VALUES ('NK00000238','Đoàn Diệu Uyên','1994-12-01','Nữ','Hải Dương','Công giáo','Gia Rai','093279424632','HK00000186','Hưu trí');
INSERT INTO nhankhau VALUES ('NK00000239','Đặng Tuyết Linh','2012-09-04','Nữ','Nam Định','Cao Đài','Ba Na','093118519464','HK00000191','Hưu trí');
INSERT INTO nhankhau VALUES ('NK00000240','Đào Thị Trâm','1950-05-27','Nữ','Nam Định','Phật giáo','Kinh','090620544642','HK00000097','Cán bộ nhà nước');
INSERT INTO nhankhau VALUES ('NK00000241','Vương Thị Ngân','2009-11-14','Nữ','Đà Nẵng','Phật giáo','Hmông','051020927257','HK00000055','Thợ điện');
INSERT INTO nhankhau VALUES ('NK00000242','Võ Hồng Phương','1965-08-20','Nữ','Đà Nẵng','Hòa Hảo','Ê Đê','045510930470','HK00000232','Sinh viên');
INSERT INTO nhankhau VALUES ('NK00000243','Ngô Gia Tài','2011-02-15','Nam','Quảng Ninh','Cao Đài','Nùng','012868754587','HK00000052','Thợ hàn');
INSERT INTO nhankhau VALUES ('NK00000244','Vũ Gia Thắng','1990-02-17','Nam','Vĩnh Phúc','Công giáo','Cơ Ho','059191341081','HK00000158','Sinh viên');
INSERT INTO nhankhau VALUES ('NK00000245','Tạ Thúy Hà','1981-09-24','Nữ','Bắc Giang','Phật giáo','Gia Rai','077453621296','HK00000222','Kế toán');
INSERT INTO nhankhau VALUES ('NK00000246','Vương Hoài Phương','1991-11-23','Nữ','Bắc Giang','Công giáo','Mường','074389425465','HK00000080','Luật sư');
INSERT INTO nhankhau VALUES ('NK00000247','Tô Bá Nam','2012-09-26','Nam','Lạng Sơn','Phật giáo','Xơ Đăng','029196179935','HK00000007','Kỹ sư xây dựng');
INSERT INTO nhankhau VALUES ('NK00000248','Trịnh Ngọc Tài','2001-07-27','Nam','Bắc Giang','Cao Đài','Dao','064189246749','HK00000173','Công nhân');
INSERT INTO nhankhau VALUES ('NK00000249','Đào Tuấn Hưng','1976-04-18','Nam','Lạng Sơn','Hòa Hảo','Khmer','042233213347','HK00000248','Buôn bán tự do');
INSERT INTO nhankhau VALUES ('NK00000250','Trịnh Hồng Châu','1957-04-09','Nữ','Hải Phòng','Không','Mường','000138321658','HK00000009','Y tá');
INSERT INTO nhankhau VALUES ('NK00000251','Phạm Tuyết Yến','1982-08-11','Nữ','Bắc Giang','Cao Đài','Khmer','064906212236','HK00000185','Công an');
INSERT INTO nhankhau VALUES ('NK00000252','Lưu Tú Diệp','1994-05-26','Nữ','Hà Nội','Cao Đài','Gia Rai','083864650918','HK00000035','Công an');
INSERT INTO nhankhau VALUES ('NK00000253','Lâm Thúy Diệp','1963-07-17','Nữ','Thanh Hóa','Cao Đài','Sán Chay','045582922583','HK00000033','Y tá');
INSERT INTO nhankhau VALUES ('NK00000254','Lưu Phương Loan','2014-07-25','Nữ','Thanh Hóa','Phật giáo','Nùng','043091322701','HK00000256','Công nhân');
INSERT INTO nhankhau VALUES ('NK00000255','Phan Công Bình','1999-09-18','Nam','Quảng Ninh','Phật giáo','Khmer','089869006236','HK00000149','Đầu bếp');
INSERT INTO nhankhau VALUES ('NK00000256','Võ Anh Giang','2004-03-16','Nam','Lạng Sơn','Cao Đài','Hmông','047631847971','HK00000058','Buôn bán tự do');
INSERT INTO nhankhau VALUES ('NK00000257','Phạm Tất Giang','1970-07-18','Nam','Hải Phòng','Phật giáo','Ê Đê','022080788972','HK00000277','Nhân viên văn phòng');
INSERT INTO nhankhau VALUES ('NK00000258','Phan Thành Sơn','1974-06-02','Nam','Ninh Bình','Cao Đài','Ba Na','009490597763','HK00000300','Nội trợ');
INSERT INTO nhankhau VALUES ('NK00000259','Quách Diệu Hoa','1999-12-05','Nữ','Đà Nẵng','Tin Lành','Kinh','091839359460','HK00000140','Kỹ sư xây dựng');
INSERT INTO nhankhau VALUES ('NK00000260','Đinh Hồng Phương','1989-10-27','Nữ','Đà Nẵng','Không','Sán Chay','012585609160','HK00000245','Sinh viên');
INSERT INTO nhankhau VALUES ('NK00000261','Hoàng Công Vinh','1969-03-11','Nam','Bắc Ninh','Cao Đài','Dao','033868834077','HK00000071','Kỹ sư phần mềm');
INSERT INTO nhankhau VALUES ('NK00000262','Dương Hương Diệp','1972-06-08','Nữ','Thanh Hóa','Công giáo','Xơ Đăng','004097232986','HK00000254','Dược sĩ');
INSERT INTO nhankhau VALUES ('NK00000263','Đào Ánh Ngân','1971-03-02','Nữ','Ninh Bình','Không','Thái','009059843858','HK00000108','Thợ điện');
INSERT INTO nhankhau VALUES ('NK00000264','Phan Thúy Ánh','2003-01-10','Nữ','Cần Thơ','Công giáo','Ba Na','056663465757','HK00000292','Thợ điện');
INSERT INTO nhankhau VALUES ('NK00000265','Tạ Tuyết Ngân','1982-11-11','Nữ','Quảng Ninh','Không','Cơ Ho','021937368423','HK00000003','Công nhân');
INSERT INTO nhankhau VALUES ('NK00000266','Lâm Đình Hải','1991-08-09','Nam','Quảng Ninh','Công giáo','Nùng','000084967236','HK00000005','Bộ đội');
INSERT INTO nhankhau VALUES ('NK00000267','Vương Công Hưng','1961-11-07','Nam','Bắc Giang','Tin Lành','Nùng','023052494162','HK00000125','Giáo viên');
INSERT INTO nhankhau VALUES ('NK00000268','Tạ Ánh Lan','1961-05-27','Nữ','Thái Nguyên','Không','Gia Rai','085762988660','HK00000207','Cán bộ nhà nước');
INSERT INTO nhankhau VALUES ('NK00000269','Hà Thúy Nhung','1989-07-11','Nữ','TP. Hồ Chí Minh','Không','Ba Na','064215738281','HK00000088','Bác sĩ');
INSERT INTO nhankhau VALUES ('NK00000270','Nguyễn Hương Phương','2001-12-21','Nữ','Lạng Sơn','Công giáo','Gia Rai','045746687033','HK00000287','Lập trình viên');
INSERT INTO nhankhau VALUES ('NK00000271','Quách Hồng Loan','1983-12-05','Nữ','Cần Thơ','Công giáo','Hmông','037288855088','HK00000063','Thợ may');
INSERT INTO nhankhau VALUES ('NK00000272','Dương Hữu Thọ','1980-11-27','Nam','TP. Hồ Chí Minh','Tin Lành','Cơ Ho','048475998955','HK00000131','Cán bộ nhà nước');
INSERT INTO nhankhau VALUES ('NK00000273','Mai Bích Linh','1979-07-22','Nữ','Bắc Giang','Tin Lành','Sán Chay','039774368156','HK00000039','Y tá');
INSERT INTO nhankhau VALUES ('NK00000274','Lưu Khắc Bình','1967-04-16','Nam','Cần Thơ','Không','Ê Đê','047699859932','HK00000043','Thợ hàn');
INSERT INTO nhankhau VALUES ('NK00000275','Trịnh Viết Duy','1960-01-08','Nam','Hải Dương','Phật giáo','Hmông','013415090402','HK00000049','Kỹ sư xây dựng');
INSERT INTO nhankhau VALUES ('NK00000276','Mai Kiều Phương','1991-12-23','Nữ','Ninh Bình','Cao Đài','Tày','012797381037','HK00000295','Giáo viên');
INSERT INTO nhankhau VALUES ('NK00000277','Cao Gia Giang','1968-10-31','Nam','Hải Phòng','Không','Gia Rai','077201936338','HK00000217','Lái xe');
INSERT INTO nhankhau VALUES ('NK00000278','Võ Hoài Trang','1994-03-21','Nữ','Bắc Ninh','Phật giáo','Khmer','024551160452','HK00000119','Bảo vệ');
INSERT INTO nhankhau VALUES ('NK00000279','Ngô Lan Diệp','2005-11-22','Nữ','Bắc Ninh','Không','Chăm','028858964534','HK00000167','Cán bộ nhà nước');
INSERT INTO nhankhau VALUES ('NK00000280','Trần Tuấn Sơn','1950-02-14','Nam','Bắc Giang','Tin Lành','Nùng','063203180792','HK00000182','Thợ xây');
INSERT INTO nhankhau VALUES ('NK00000281','Tô Tuấn Giang','1982-02-16','Nam','Hải Dương','Cao Đài','Chăm','082485848021','HK00000191','Thợ may');
INSERT INTO nhankhau VALUES ('NK00000282','Hoàng Thùy Quyên','1965-09-01','Nữ','TP. Hồ Chí Minh','Phật giáo','Sán Chay','058764626379','HK00000212','Bộ đội');
INSERT INTO nhankhau VALUES ('NK00000283','Trần Kim Trang','1945-04-07','Nữ','Bắc Giang','Phật giáo','Sán Chay','035207784893','HK00000285','Kỹ sư phần mềm');
INSERT INTO nhankhau VALUES ('NK00000284','Đoàn Ánh Ánh','2000-02-09','Nữ','Đà Nẵng','Phật giáo','Kinh','021973223250','HK00000138','Lái xe');
INSERT INTO nhankhau VALUES ('NK00000285','Lê Thu Oanh','1951-06-19','Nữ','Lạng Sơn','Tin Lành','Xơ Đăng','024550493415','HK00000147','Nhân viên ngân hàng');
INSERT INTO nhankhau VALUES ('NK00000286','Võ Lan Hằng','1980-09-22','Nữ','Hải Phòng','Tin Lành','Hmông','035276492107','HK00000224','Lập trình viên');
INSERT INTO nhankhau VALUES ('NK00000287','Đào Hương Ánh','2004-08-30','Nữ','Lạng Sơn','Không','Mường','031605054394','HK00000163','Nhân viên ngân hàng');
INSERT INTO nhankhau VALUES ('NK00000288','Huỳnh Thành Xuân','1947-06-17','Nam','Thanh Hóa','Công giáo','Ê Đê','024182708792','HK00000081','Bộ đội');
INSERT INTO nhankhau VALUES ('NK00000289','Lê Viết Vinh','1995-06-04','Nam','Vĩnh Phúc','Không','Mường','030119882552','HK00000119','Lái xe');
INSERT INTO nhankhau VALUES ('NK00000290','Đỗ Quốc Phong','1959-09-29','Nam','Hải Phòng','Cao Đài','Hmông','078168996072','HK00000036','Thợ hàn');
INSERT INTO nhankhau VALUES ('NK00000291','Lê Ánh Mai','2011-03-18','Nữ','Đà Nẵng','Tin Lành','Thái','019973941426','HK00000170','Lập trình viên');
INSERT INTO nhankhau VALUES ('NK00000292','Tống Lan Hằng','2006-01-11','Nữ','Thanh Hóa','Cao Đài','Sán Chay','057343340072','HK00000290','Bảo vệ');
INSERT INTO nhankhau VALUES ('NK00000293','Huỳnh Bích Mai','1972-05-23','Nữ','Đà Nẵng','Cao Đài','Sán Chay','074064170568','HK00000138','Công an');
INSERT INTO nhankhau VALUES ('NK00000294','Đoàn Thùy An','1974-12-04','Nữ','Vĩnh Phúc','Phật giáo','Ba Na','073444280358','HK00000007','Cán bộ nhà nước');
INSERT INTO nhankhau VALUES ('NK00000295','Trần Bích Hà','1967-11-15','Nữ','Hải Dương','Phật giáo','Khmer','090455946336','HK00000269','Giáo viên');
INSERT INTO nhankhau VALUES ('NK00000296','Cao Đình Hưng','1961-09-12','Nam','Quảng Ninh','Phật giáo','Dao','043058257070','HK00000203','Thất nghiệp');
INSERT INTO nhankhau VALUES ('NK00000297','Vương Viết Dũng','1972-01-11','Nam','Nam Định','Không','Hmông','011603228666','HK00000299','Bác sĩ');
INSERT INTO nhankhau VALUES ('NK00000298','Tạ Lan Xuân','1975-05-09','Nữ','Nam Định','Phật giáo','Xơ Đăng','032927021725','HK00000266','Đầu bếp');
INSERT INTO nhankhau VALUES ('NK00000299','Phan Kiều Trang','1975-12-26','Nữ','Hải Phòng','Hòa Hảo','Kinh','075329441940','HK00000027','Công an');
INSERT INTO nhankhau VALUES ('NK00000300','Lâm Thị Phương','1981-01-03','Nữ','Bắc Ninh','Không','Khmer','088808314640','HK00000130','Công nhân');
INSERT INTO nhankhau VALUES ('NK00000301','Mai Thị Uyên','1970-03-24','Nữ','Thái Nguyên','Tin Lành','Thái','042436998267','HK00000212','Nhân viên ngân hàng');
INSERT INTO nhankhau VALUES ('NK00000302','Tống Hương Trâm','1985-07-09','Nữ','Hải Dương','Công giáo','Thái','054052148508','HK00000210','Thợ mộc');
INSERT INTO nhankhau VALUES ('NK00000303','Đỗ Hồng Lan','1964-04-29','Nữ','TP. Hồ Chí Minh','Tin Lành','Hmông','074477490149','HK00000097','Thợ xây');
INSERT INTO nhankhau VALUES ('NK00000304','Trần Hùng Kiên','1949-06-25','Nam','Đà Nẵng','Phật giáo','Hmông','002493183718','HK00000041','Kỹ sư xây dựng');
INSERT INTO nhankhau VALUES ('NK00000305','Đinh Nhật Kiên','1982-10-29','Nam','Lạng Sơn','Cao Đài','Kinh','029811622192','HK00000228','Nội trợ');
INSERT INTO nhankhau VALUES ('NK00000306','Huỳnh Đình Dũng','1960-03-31','Nam','Hà Nội','Công giáo','Nùng','066057346236','HK00000119','Dược sĩ');
INSERT INTO nhankhau VALUES ('NK00000307','Tống Văn Dũng','1973-07-10','Nam','Hải Phòng','Công giáo','Xơ Đăng','088409734301','HK00000081','Kỹ sư phần mềm');
INSERT INTO nhankhau VALUES ('NK00000308','Phạm Hùng Quang','2002-04-01','Nam','Cần Thơ','Tin Lành','Gia Rai','023876431712','HK00000079','Thợ hàn');
INSERT INTO nhankhau VALUES ('NK00000309','Tô Hồng Oanh','1950-03-17','Nữ','TP. Hồ Chí Minh','Tin Lành','Dao','020641364577','HK00000210','Đầu bếp');
INSERT INTO nhankhau VALUES ('NK00000310','Đoàn Kiều Uyên','1967-05-14','Nữ','Lạng Sơn','Hòa Hảo','Xơ Đăng','098167880027','HK00000111','Công an');
INSERT INTO nhankhau VALUES ('NK00000311','Lâm Tuấn Khánh','1985-12-29','Nam','Ninh Bình','Công giáo','Dao','084436683692','HK00000228','Kỹ sư phần mềm');
INSERT INTO nhankhau VALUES ('NK00000312','Bùi Bích Linh','2008-08-06','Nữ','Quảng Ninh','Công giáo','Kinh','026270396667','HK00000258','Giáo viên');
INSERT INTO nhankhau VALUES ('NK00000313','Trịnh Đình Long','1962-11-21','Nam','Bắc Giang','Không','Xơ Đăng','000001920041','HK00000159','Công an');
INSERT INTO nhankhau VALUES ('NK00000314','Huỳnh Bá Linh','1964-01-27','Nam','Lạng Sơn','Hòa Hảo','Xơ Đăng','057478139112','HK00000160','Lập trình viên');
INSERT INTO nhankhau VALUES ('NK00000315','Phạm Khắc Cường','1952-09-03','Nam','Cần Thơ','Công giáo','Tày','079981304989','HK00000109','Lái xe');
INSERT INTO nhankhau VALUES ('NK00000316','Phan Thành Khải','1950-02-05','Nam','Ninh Bình','Phật giáo','Cơ Ho','018367844954','HK00000075','Bác sĩ');
INSERT INTO nhankhau VALUES ('NK00000317','Hồ Xuân Long','1992-02-17','Nam','Thái Nguyên','Không','Tày','062420171592','HK00000067','Công nhân');
INSERT INTO nhankhau VALUES ('NK00000318','Bùi Tuấn Lộc','2013-10-24','Nam','Lạng Sơn','Phật giáo','Tày','070362412589','HK00000185','Lái xe');
INSERT INTO nhankhau VALUES ('NK00000319','Phạm Kiều Thư','1959-03-01','Nữ','Bắc Giang','Không','Mường','029872775373','HK00000095','Kỹ sư phần mềm');
INSERT INTO nhankhau VALUES ('NK00000320','Lâm Đình Lộc','1948-02-09','Nam','Thanh Hóa','Hòa Hảo','Khmer','006993566824','HK00000169','Lập trình viên');
INSERT INTO nhankhau VALUES ('NK00000321','Trần Ngọc Dũng','2008-07-03','Nam','Lạng Sơn','Không','Kinh','011248277270','HK00000019','Học sinh');
INSERT INTO nhankhau VALUES ('NK00000322','Võ Phương Phương','1997-11-13','Nữ','Bắc Giang','Cao Đài','Ê Đê','028488287251','HK00000006','Nhân viên ngân hàng');
INSERT INTO nhankhau VALUES ('NK00000323','Lê Mai Ánh','1966-03-07','Nữ','Thái Nguyên','Hòa Hảo','Nùng','046037184126','HK00000075','Công nhân');
INSERT INTO nhankhau VALUES ('NK00000324','Đặng Tuyết Oanh','2002-12-18','Nữ','Lạng Sơn','Không','Sán Chay','054980397450','HK00000190','Thất nghiệp');
INSERT INTO nhankhau VALUES ('NK00000325','Mai Ngọc Trâm','1999-12-10','Nữ','Hà Nội','Không','Thái','099896981795','HK00000176','Thợ xây');
INSERT INTO nhankhau VALUES ('NK00000326','Quách Thùy An','1964-10-29','Nữ','Bắc Ninh','Không','Xơ Đăng','073068305165','HK00000265','Luật sư');
INSERT INTO nhankhau VALUES ('NK00000327','Võ Khắc Giang','1999-11-22','Nam','Nam Định','Tin Lành','Cơ Ho','090071323590','HK00000279','Kỹ sư phần mềm');
INSERT INTO nhankhau VALUES ('NK00000328','Hồ Thu Yến','1975-06-14','Nữ','Lạng Sơn','Hòa Hảo','Xơ Đăng','036264814918','HK00000018','Thợ hàn');
INSERT INTO nhankhau VALUES ('NK00000329','Vũ Tú Hà','1970-08-09','Nữ','Hải Phòng','Hòa Hảo','Khmer','096956120985','HK00000217','Thợ hàn');
INSERT INTO nhankhau VALUES ('NK00000330','Mai Gia Khải','2014-01-06','Nam','Bắc Ninh','Tin Lành','Cơ Ho','065897043868','HK00000200','Luật sư');
INSERT INTO nhankhau VALUES ('NK00000331','Tô Văn Khải','1945-02-20','Nam','Thanh Hóa','Tin Lành','Nùng','055731436916','HK00000160','Bộ đội');
INSERT INTO nhankhau VALUES ('NK00000332','Võ Hoài Diệp','1977-02-08','Nữ','Ninh Bình','Tin Lành','Hmông','002231475040','HK00000169','Bác sĩ');
INSERT INTO nhankhau VALUES ('NK00000333','Quách Lan Vân','1962-01-26','Nữ','Thanh Hóa','Phật giáo','Hmông','020368526016','HK00000268','Y tá');
INSERT INTO nhankhau VALUES ('NK00000334','Phan Thúy Nhi','1989-04-22','Nữ','Nam Định','Hòa Hảo','Chăm','065086483978','HK00000237','Kế toán');
INSERT INTO nhankhau VALUES ('NK00000335','Cao Mai Thảo','1946-03-28','Nữ','Bắc Ninh','Cao Đài','Tày','012377527541','HK00000191','Lập trình viên');
INSERT INTO nhankhau VALUES ('NK00000336','Tạ Khắc Khải','1980-02-18','Nam','Ninh Bình','Tin Lành','Mường','020447894355','HK00000224','Học sinh');
INSERT INTO nhankhau VALUES ('NK00000337','Phan Nhật Kiên','2007-07-18','Nam','Thanh Hóa','Không','Tày','082400138089','HK00000108','Công an');
INSERT INTO nhankhau VALUES ('NK00000338','Đặng Phương Trang','2004-05-08','Nữ','Hà Nội','Hòa Hảo','Ê Đê','089165173796','HK00000154','Giáo viên');
INSERT INTO nhankhau VALUES ('NK00000339','Lưu Hoài Trâm','1978-04-13','Nữ','Lạng Sơn','Hòa Hảo','Mường','030080024161','HK00000253','Học sinh');
INSERT INTO nhankhau VALUES ('NK00000340','Bùi Kim Nhi','1986-11-20','Nữ','Cần Thơ','Không','Xơ Đăng','009148196112','HK00000148','Bác sĩ');
INSERT INTO nhankhau VALUES ('NK00000341','Đào Tú Xuân','1961-07-26','Nữ','Lạng Sơn','Phật giáo','Ba Na','026985050597','HK00000284','Buôn bán tự do');
INSERT INTO nhankhau VALUES ('NK00000342','Đinh Minh Đạt','1956-08-06','Nam','Cần Thơ','Cao Đài','Chăm','005818463143','HK00000003','Dược sĩ');
INSERT INTO nhankhau VALUES ('NK00000343','Hà Hương Uyên','2006-12-19','Nữ','Bắc Ninh','Không','Tày','082308371377','HK00000091','Cán bộ nhà nước');
INSERT INTO nhankhau VALUES ('NK00000344','Phan Thị Trâm','2003-03-02','Nữ','Vĩnh Phúc','Phật giáo','Khmer','008959138931','HK00000178','Lái xe');
INSERT INTO nhankhau VALUES ('NK00000345','Tạ Kim Mai','1968-06-05','Nữ','Thái Nguyên','Công giáo','Dao','090940839980','HK00000199','Bộ đội');
INSERT INTO nhankhau VALUES ('NK00000346','Vương Viết Giang','1971-10-17','Nam','Vĩnh Phúc','Tin Lành','Kinh','005876798611','HK00000151','Nhân viên ngân hàng');
INSERT INTO nhankhau VALUES ('NK00000347','Trần Bá Bình','1987-09-12','Nam','Hải Phòng','Tin Lành','Tày','071253653574','HK00000296','Hưu trí');
INSERT INTO nhankhau VALUES ('NK00000348','Lâm Công Tài','1954-04-03','Nam','Hải Dương','Không','Ê Đê','000899692397','HK00000280','Thợ hàn');
INSERT INTO nhankhau VALUES ('NK00000349','Vũ Ngọc Đạt','1984-12-14','Nam','Hà Nội','Tin Lành','Thái','061515051069','HK00000278','Kỹ sư phần mềm');
INSERT INTO nhankhau VALUES ('NK00000350','Phan Kim Linh','1995-03-30','Nữ','Lạng Sơn','Cao Đài','Khmer','025969617958','HK00000216','Kế toán');
INSERT INTO nhankhau VALUES ('NK00000351','Tô Nhật Sơn','1949-05-22','Nam','Bắc Ninh','Không','Gia Rai','076287741575','HK00000092','Lập trình viên');
INSERT INTO nhankhau VALUES ('NK00000352','Tống Thu Lan','1993-06-12','Nữ','TP. Hồ Chí Minh','Cao Đài','Gia Rai','083341731267','HK00000060','Bác sĩ');
INSERT INTO nhankhau VALUES ('NK00000353','Đào Trung Hưng','1978-06-08','Nam','Vĩnh Phúc','Công giáo','Ê Đê','002016303555','HK00000292','Kế toán');
INSERT INTO nhankhau VALUES ('NK00000354','Lâm Kim Loan','1995-03-24','Nữ','Vĩnh Phúc','Không','Mường','087295058836','HK00000007','Thất nghiệp');
INSERT INTO nhankhau VALUES ('NK00000355','Đào Hữu Hải','1987-10-11','Nam','Cần Thơ','Phật giáo','Thái','006511738915','HK00000278','Kế toán');
INSERT INTO nhankhau VALUES ('NK00000356','Lê Tất Khoa','1999-03-03','Nam','Lạng Sơn','Không','Xơ Đăng','051760187343','HK00000055','Dược sĩ');
INSERT INTO nhankhau VALUES ('NK00000357','Đỗ Thùy Vân','1945-05-20','Nữ','Lạng Sơn','Tin Lành','Sán Chay','087850094542','HK00000226','Đầu bếp');
INSERT INTO nhankhau VALUES ('NK00000358','Trần Hương Ánh','1980-01-26','Nữ','Đà Nẵng','Không','Cơ Ho','054489251578','HK00000225','Thợ xây');
INSERT INTO nhankhau VALUES ('NK00000359','Cao Hương Linh','2012-04-13','Nữ','Bắc Giang','Phật giáo','Hmông','012670009177','HK00000001','Đầu bếp');
INSERT INTO nhankhau VALUES ('NK00000360','Huỳnh Hùng An','1980-10-03','Nam','Đà Nẵng','Hòa Hảo','Mường','056185485124','HK00000203','Nhân viên ngân hàng');
INSERT INTO nhankhau VALUES ('NK00000361','Nguyễn Bá Kiên','1990-09-11','Nam','Bắc Giang','Công giáo','Tày','039575336666','HK00000018','Học sinh');
INSERT INTO nhankhau VALUES ('NK00000362','Trần Anh Linh','1953-11-14','Nam','Đà Nẵng','Không','Hmông','040735748524','HK00000150','Bảo vệ');
INSERT INTO nhankhau VALUES ('NK00000363','Nguyễn Viết Thắng','1996-09-03','Nam','Thái Nguyên','Tin Lành','Nùng','002398942208','HK00000141','Sinh viên');
INSERT INTO nhankhau VALUES ('NK00000364','Vũ Kim Bích','2011-07-20','Nữ','Bắc Giang','Không','Kinh','038762941826','HK00000174','Thợ may');
INSERT INTO nhankhau VALUES ('NK00000365','Lâm Thành Linh','1987-02-15','Nam','TP. Hồ Chí Minh','Hòa Hảo','Nùng','063183394078','HK00000238','Thất nghiệp');
INSERT INTO nhankhau VALUES ('NK00000366','Lý Bá Bảo','1961-06-24','Nam','Lạng Sơn','Phật giáo','Thái','049504687547','HK00000196','Đầu bếp');
INSERT INTO nhankhau VALUES ('NK00000367','Hoàng Thùy Oanh','1987-02-02','Nữ','Hải Phòng','Không','Hmông','031102766155','HK00000127','Nội trợ');
INSERT INTO nhankhau VALUES ('NK00000368','Lưu Đức Sơn','2001-01-15','Nam','Ninh Bình','Không','Chăm','061536850291','HK00000289','Giáo viên');
INSERT INTO nhankhau VALUES ('NK00000369','Vũ Ngọc Dũng','1991-03-29','Nam','Đà Nẵng','Hòa Hảo','Khmer','069249819491','HK00000125','Thất nghiệp');
INSERT INTO nhankhau VALUES ('NK00000370','Lý Bá Phong','1989-03-13','Nam','Thái Nguyên','Công giáo','Xơ Đăng','001456385833','HK00000148','Buôn bán tự do');
INSERT INTO nhankhau VALUES ('NK00000371','Vương Minh An','1976-08-04','Nam','Hải Dương','Tin Lành','Cơ Ho','037502059087','HK00000231','Nông dân');
INSERT INTO nhankhau VALUES ('NK00000372','Hà Kim Xuân','1963-10-05','Nữ','Hà Nội','Hòa Hảo','Thái','002665050351','HK00000272','Lái xe');
INSERT INTO nhankhau VALUES ('NK00000373','Trần Bích Phương','1970-11-25','Nữ','Vĩnh Phúc','Tin Lành','Kinh','015906763476','HK00000138','Giáo viên');
INSERT INTO nhankhau VALUES ('NK00000374','Vũ Bích Xuân','1980-02-12','Nữ','Vĩnh Phúc','Công giáo','Dao','025610949652','HK00000289','Dược sĩ');
INSERT INTO nhankhau VALUES ('NK00000375','Tống Hữu Thọ','1956-07-05','Nam','Đà Nẵng','Cao Đài','Hmông','089364194429','HK00000179','Công an');
INSERT INTO nhankhau VALUES ('NK00000376','Tô Thùy Yến','1951-09-25','Nữ','Thái Nguyên','Không','Khmer','095164102368','HK00000256','Cán bộ nhà nước');
INSERT INTO nhankhau VALUES ('NK00000377','Phạm Thu Vân','2000-05-01','Nữ','Ninh Bình','Phật giáo','Kinh','081365453083','HK00000137','Thợ hàn');
INSERT INTO nhankhau VALUES ('NK00000378','Mai Viết Khoa','1998-04-17','Nam','Thái Nguyên','Cao Đài','Dao','056814773913','HK00000129','Đầu bếp');
INSERT INTO nhankhau VALUES ('NK00000379','Huỳnh Ngọc Loan','1997-03-12','Nữ','Lạng Sơn','Công giáo','Xơ Đăng','003484229284','HK00000196','Kỹ sư phần mềm');
INSERT INTO nhankhau VALUES ('NK00000380','Nguyễn Đình Thọ','1981-09-03','Nam','Vĩnh Phúc','Hòa Hảo','Kinh','042595749176','HK00000262','Y tá');
INSERT INTO nhankhau VALUES ('NK00000381','Bùi Anh Bình','1998-04-29','Nam','TP. Hồ Chí Minh','Công giáo','Cơ Ho','099476215585','HK00000044','Thợ hàn');
INSERT INTO nhankhau VALUES ('NK00000382','Lâm Thu Yến','1945-01-04','Nữ','Quảng Ninh','Phật giáo','Tày','069509456478','HK00000066','Nhân viên văn phòng');
INSERT INTO nhankhau VALUES ('NK00000383','Mai Văn An','1950-08-20','Nam','Nam Định','Cao Đài','Gia Rai','093973007186','HK00000174','Kỹ sư xây dựng');
INSERT INTO nhankhau VALUES ('NK00000384','Trần Ngọc Lộc','1973-01-30','Nam','Quảng Ninh','Công giáo','Thái','093413526834','HK00000081','Sinh viên');
INSERT INTO nhankhau VALUES ('NK00000385','Đinh Tuyết Mai','1949-12-19','Nữ','Vĩnh Phúc','Công giáo','Khmer','041640951592','HK00000274','Luật sư');
INSERT INTO nhankhau VALUES ('NK00000386','Đinh Khắc Sơn','1967-04-18','Nam','Hải Phòng','Cao Đài','Hmông','017549567811','HK00000294','Nhân viên văn phòng');
INSERT INTO nhankhau VALUES ('NK00000387','Đào Tất Thắng','1961-09-16','Nam','Thanh Hóa','Phật giáo','Dao','094454941876','HK00000291','Nhân viên văn phòng');
INSERT INTO nhankhau VALUES ('NK00000388','Dương Viết Cường','1962-07-18','Nam','Thái Nguyên','Không','Kinh','042606504011','HK00000254','Nhân viên văn phòng');
INSERT INTO nhankhau VALUES ('NK00000389','Cao Tuấn Cường','1980-05-04','Nam','Vĩnh Phúc','Cao Đài','Ê Đê','002825186988','HK00000007','Thất nghiệp');
INSERT INTO nhankhau VALUES ('NK00000390','Trần Hùng Quang','1975-06-30','Nam','Ninh Bình','Tin Lành','Ba Na','087813787210','HK00000162','Dược sĩ');
INSERT INTO nhankhau VALUES ('NK00000391','Tô Tất Thọ','1991-06-08','Nam','Lạng Sơn','Tin Lành','Kinh','085827926569','HK00000096','Đầu bếp');
INSERT INTO nhankhau VALUES ('NK00000392','Võ Văn Long','1982-06-05','Nam','Bắc Giang','Hòa Hảo','Cơ Ho','054132404619','HK00000136','Kỹ sư phần mềm');
INSERT INTO nhankhau VALUES ('NK00000393','Nguyễn Minh Thắng','1976-11-11','Nam','Bắc Giang','Tin Lành','Thái','096025677206','HK00000204','Thất nghiệp');
INSERT INTO nhankhau VALUES ('NK00000394','Trịnh Mỹ An','1959-05-21','Nữ','Bắc Ninh','Hòa Hảo','Thái','016673440335','HK00000046','Buôn bán tự do');
INSERT INTO nhankhau VALUES ('NK00000395','Tống Bá Duy','2011-02-25','Nam','Thanh Hóa','Công giáo','Kinh','049434667315','HK00000022','Nông dân');
INSERT INTO nhankhau VALUES ('NK00000396','Huỳnh Ngọc Linh','1999-08-22','Nam','Ninh Bình','Công giáo','Xơ Đăng','084403495636','HK00000017','Hưu trí');
INSERT INTO nhankhau VALUES ('NK00000397','Bùi Kiều Trâm','1996-06-28','Nữ','Thanh Hóa','Không','Ba Na','066733836576','HK00000025','Thợ xây');
INSERT INTO nhankhau VALUES ('NK00000398','Hà Hùng Kiên','2008-01-08','Nam','Đà Nẵng','Cao Đài','Dao','069124822742','HK00000173','Luật sư');
INSERT INTO nhankhau VALUES ('NK00000399','Lê Thành Linh','1982-03-18','Nam','Vĩnh Phúc','Tin Lành','Ba Na','088345276354','HK00000017','Cán bộ nhà nước');
INSERT INTO nhankhau VALUES ('NK00000400','Phạm Tuấn Lộc','1945-03-17','Nam','Nam Định','Hòa Hảo','Cơ Ho','055106352063','HK00000228','Bộ đội');
INSERT INTO nhankhau VALUES ('NK00000401','Quách Phương Quỳnh','1981-03-31','Nữ','Cần Thơ','Hòa Hảo','Mường','094411776157','HK00000162','Thợ xây');
INSERT INTO nhankhau VALUES ('NK00000402','Hoàng Khắc Nam','1969-01-17','Nam','Quảng Ninh','Không','Ba Na','054614718094','HK00000199','Thợ xây');
INSERT INTO nhankhau VALUES ('NK00000403','Huỳnh Tất Kiên','1984-09-15','Nam','Bắc Ninh','Công giáo','Hmông','072662345632','HK00000202','Kỹ sư phần mềm');
INSERT INTO nhankhau VALUES ('NK00000404','Đoàn Phương Phương','1996-08-22','Nữ','Ninh Bình','Tin Lành','Kinh','053128499087','HK00000072','Y tá');
INSERT INTO nhankhau VALUES ('NK00000405','Huỳnh Đức Mạnh','1990-11-24','Nam','Đà Nẵng','Không','Dao','016935687298','HK00000259','Luật sư');
INSERT INTO nhankhau VALUES ('NK00000406','Đoàn Lan Yến','1977-04-05','Nữ','Đà Nẵng','Không','Cơ Ho','058783208726','HK00000202','Công nhân');
INSERT INTO nhankhau VALUES ('NK00000407','Hoàng Thùy Yến','1982-12-10','Nữ','Bắc Ninh','Tin Lành','Sán Chay','060071095213','HK00000173','Thợ xây');
INSERT INTO nhankhau VALUES ('NK00000408','Vũ Khắc Phong','1985-05-01','Nam','Bắc Ninh','Tin Lành','Khmer','071456374034','HK00000047','Công an');
INSERT INTO nhankhau VALUES ('NK00000409','Vương Diệu Chi','1968-03-03','Nữ','Hà Nội','Hòa Hảo','Nùng','066526971801','HK00000101','Kỹ sư xây dựng');
INSERT INTO nhankhau VALUES ('NK00000410','Bùi Thanh Thư','2006-08-06','Nữ','Cần Thơ','Tin Lành','Khmer','027447609920','HK00000289','Thợ hàn');
INSERT INTO nhankhau VALUES ('NK00000411','Huỳnh Hương Hằng','2000-10-28','Nữ','TP. Hồ Chí Minh','Tin Lành','Kinh','010683999652','HK00000281','Học sinh');
INSERT INTO nhankhau VALUES ('NK00000412','Hà Mai Ngân','1999-02-16','Nữ','Nam Định','Công giáo','Xơ Đăng','055117321188','HK00000135','Bộ đội');
INSERT INTO nhankhau VALUES ('NK00000413','Lưu Tuyết Dung','2013-09-02','Nữ','Hà Nội','Không','Dao','056963592393','HK00000076','Kế toán');
INSERT INTO nhankhau VALUES ('NK00000414','Mai Kim Vân','2014-08-19','Nữ','Hải Phòng','Tin Lành','Xơ Đăng','046502295316','HK00000006','Cán bộ nhà nước');
INSERT INTO nhankhau VALUES ('NK00000415','Quách Bá Phúc','2015-02-09','Nam','Thanh Hóa','Cao Đài','Chăm','077785643827','HK00000207','Thợ hàn');
INSERT INTO nhankhau VALUES ('NK00000416','Cao Hùng Hải','1959-01-06','Nam','Bắc Ninh','Cao Đài','Ê Đê','057840910921','HK00000056','Thợ mộc');
INSERT INTO nhankhau VALUES ('NK00000417','Quách Thùy Loan','1953-12-19','Nữ','Nam Định','Không','Khmer','017334916534','HK00000173','Thợ mộc');
INSERT INTO nhankhau VALUES ('NK00000418','Cao Hùng Thọ','1952-08-28','Nam','Quảng Ninh','Không','Hmông','037023427824','HK00000052','Nông dân');
INSERT INTO nhankhau VALUES ('NK00000419','Hoàng Tú Lan','2010-08-30','Nữ','Nam Định','Hòa Hảo','Dao','032100954658','HK00000278','Lái xe');
INSERT INTO nhankhau VALUES ('NK00000420','Lưu Tuấn Xuân','1997-06-11','Nam','Bắc Giang','Công giáo','Cơ Ho','097075365719','HK00000265','Nhân viên văn phòng');
INSERT INTO nhankhau VALUES ('NK00000421','Mai Hữu Quang','1970-04-30','Nam','Lạng Sơn','Hòa Hảo','Nùng','054809332560','HK00000118','Y tá');
INSERT INTO nhankhau VALUES ('NK00000422','Cao Trung An','1983-05-21','Nam','Hà Nội','Hòa Hảo','Nùng','025158658167','HK00000065','Kỹ sư xây dựng');
INSERT INTO nhankhau VALUES ('NK00000423','Đỗ Thùy Loan','1989-06-02','Nữ','Vĩnh Phúc','Phật giáo','Kinh','058649250927','HK00000209','Dược sĩ');
INSERT INTO nhankhau VALUES ('NK00000424','Đinh Quốc Cường','1971-05-09','Nam','Quảng Ninh','Cao Đài','Tày','082146374802','HK00000078','Sinh viên');
INSERT INTO nhankhau VALUES ('NK00000425','Lê Thanh Hoa','1999-10-09','Nữ','Nam Định','Công giáo','Gia Rai','056745873262','HK00000186','Buôn bán tự do');
INSERT INTO nhankhau VALUES ('NK00000426','Mai Bích Bích','2014-05-15','Nữ','Hải Dương','Tin Lành','Dao','077793607547','HK00000083','Kỹ sư xây dựng');
INSERT INTO nhankhau VALUES ('NK00000427','Lý Xuân Giang','1988-12-06','Nam','Vĩnh Phúc','Cao Đài','Chăm','033669836325','HK00000115','Hưu trí');
INSERT INTO nhankhau VALUES ('NK00000428','Đỗ Xuân Kiên','1997-01-19','Nam','Ninh Bình','Cao Đài','Cơ Ho','018155057448','HK00000220','Nông dân');
INSERT INTO nhankhau VALUES ('NK00000429','Phạm Thị Thư','2012-08-17','Nữ','Lạng Sơn','Tin Lành','Ba Na','017611241870','HK00000124','Kế toán');
INSERT INTO nhankhau VALUES ('NK00000430','Trịnh Kiều Uyên','1945-09-19','Nữ','Bắc Ninh','Công giáo','Dao','018792521587','HK00000233','Đầu bếp');
INSERT INTO nhankhau VALUES ('NK00000431','Vũ Thanh Thư','1965-03-18','Nữ','Vĩnh Phúc','Hòa Hảo','Mường','075302186109','HK00000021','Nội trợ');
INSERT INTO nhankhau VALUES ('NK00000432','Lê Ngọc Phong','1997-02-12','Nam','Ninh Bình','Hòa Hảo','Ê Đê','048508342537','HK00000125','Hưu trí');
INSERT INTO nhankhau VALUES ('NK00000433','Ngô Anh Phúc','1986-11-20','Nam','Bắc Ninh','Cao Đài','Dao','036789082915','HK00000007','Thất nghiệp');
INSERT INTO nhankhau VALUES ('NK00000434','Lưu Hoài Yến','1966-11-27','Nữ','Đà Nẵng','Phật giáo','Hmông','022717103470','HK00000037','Lập trình viên');
INSERT INTO nhankhau VALUES ('NK00000435','Phan Khắc Xuân','1985-08-02','Nam','Hà Nội','Hòa Hảo','Hmông','057797910016','HK00000217','Y tá');
INSERT INTO nhankhau VALUES ('NK00000436','Ngô Hương Lam','1945-01-12','Nữ','Cần Thơ','Tin Lành','Thái','013344001302','HK00000166','Đầu bếp');
INSERT INTO nhankhau VALUES ('NK00000437','Cao Thành Xuân','1982-07-03','Nam','Bắc Giang','Hòa Hảo','Chăm','082726998092','HK00000247','Sinh viên');
INSERT INTO nhankhau VALUES ('NK00000438','Lê Khắc Hưng','1994-08-31','Nam','Vĩnh Phúc','Tin Lành','Ba Na','032545423962','HK00000152','Sinh viên');
INSERT INTO nhankhau VALUES ('NK00000439','Bùi Ánh Lan','2000-03-31','Nữ','Ninh Bình','Cao Đài','Chăm','085326912822','HK00000046','Buôn bán tự do');
INSERT INTO nhankhau VALUES ('NK00000440','Lâm Hồng Xuân','2001-04-28','Nữ','Bắc Ninh','Hòa Hảo','Sán Chay','087026158188','HK00000021','Lập trình viên');
INSERT INTO nhankhau VALUES ('NK00000441','Tô Nhật Khải','1969-04-01','Nam','TP. Hồ Chí Minh','Công giáo','Nùng','064034242119','HK00000194','Nhân viên ngân hàng');
INSERT INTO nhankhau VALUES ('NK00000442','Hoàng Đình Hải','1965-12-09','Nam','Cần Thơ','Không','Tày','030779090153','HK00000093','Bác sĩ');
INSERT INTO nhankhau VALUES ('NK00000443','Phan Minh Dũng','1974-09-10','Nam','Bắc Ninh','Tin Lành','Nùng','045736555964','HK00000185','Bộ đội');
INSERT INTO nhankhau VALUES ('NK00000444','Võ Tuấn Duy','2001-01-27','Nam','Hải Dương','Công giáo','Thái','008247761490','HK00000254','Thợ hàn');
INSERT INTO nhankhau VALUES ('NK00000445','Bùi Văn Kiên','1984-08-11','Nam','Hải Dương','Công giáo','Ê Đê','053402996423','HK00000097','Kế toán');
INSERT INTO nhankhau VALUES ('NK00000446','Tô Thanh Hoa','1984-02-16','Nữ','Hải Phòng','Phật giáo','Dao','086120360016','HK00000118','Kỹ sư phần mềm');
INSERT INTO nhankhau VALUES ('NK00000447','Cao Lan Châu','2003-03-03','Nữ','Hải Dương','Không','Xơ Đăng','010179966986','HK00000235','Lập trình viên');
INSERT INTO nhankhau VALUES ('NK00000448','Dương Tuấn Xuân','1975-10-11','Nam','Nam Định','Công giáo','Chăm','018936071285','HK00000088','Lái xe');
INSERT INTO nhankhau VALUES ('NK00000449','Nguyễn Hương Ánh','1999-08-10','Nữ','Hà Nội','Hòa Hảo','Ba Na','031583180387','HK00000078','Buôn bán tự do');
INSERT INTO nhankhau VALUES ('NK00000450','Lê Hương Linh','1992-03-05','Nữ','Hải Dương','Công giáo','Thái','055220411145','HK00000207','Bảo vệ');
INSERT INTO nhankhau VALUES ('NK00000451','Cao Đức Linh','1983-11-27','Nam','Nam Định','Hòa Hảo','Thái','047558220978','HK00000166','Buôn bán tự do');
INSERT INTO nhankhau VALUES ('NK00000452','Cao Minh Mạnh','1961-10-09','Nam','Thanh Hóa','Hòa Hảo','Xơ Đăng','035317460521','HK00000022','Buôn bán tự do');
INSERT INTO nhankhau VALUES ('NK00000453','Dương Đức Kiên','2014-11-28','Nam','Hải Dương','Cao Đài','Kinh','083324170494','HK00000231','Dược sĩ');
INSERT INTO nhankhau VALUES ('NK00000454','Võ Gia Hải','1954-03-15','Nam','Bắc Ninh','Hòa Hảo','Cơ Ho','018931226377','HK00000244','Y tá');
INSERT INTO nhankhau VALUES ('NK00000455','Hồ Thu Ánh','1955-01-18','Nữ','Thái Nguyên','Tin Lành','Thái','095235806394','HK00000217','Thợ hàn');
INSERT INTO nhankhau VALUES ('NK00000456','Cao Thành Linh','1972-03-05','Nam','Lạng Sơn','Công giáo','Dao','088080018230','HK00000171','Nội trợ');
INSERT INTO nhankhau VALUES ('NK00000457','Hoàng Quốc Phúc','1966-06-04','Nam','Thái Nguyên','Phật giáo','Sán Chay','063185161360','HK00000036','Kỹ sư xây dựng');
INSERT INTO nhankhau VALUES ('NK00000458','Dương Đình Phong','1988-06-04','Nam','Hải Dương','Phật giáo','Khmer','051541158115','HK00000215','Bảo vệ');
INSERT INTO nhankhau VALUES ('NK00000459','Võ Xuân Phong','1967-01-21','Nam','Nam Định','Cao Đài','Ba Na','066843773577','HK00000162','Đầu bếp');
INSERT INTO nhankhau VALUES ('NK00000460','Vương Hương Quyên','1958-01-04','Nữ','Lạng Sơn','Cao Đài','Cơ Ho','024454365173','HK00000110','Công nhân');
INSERT INTO nhankhau VALUES ('NK00000461','Hồ Quốc Phong','1989-12-30','Nam','Đà Nẵng','Phật giáo','Nùng','027539244444','HK00000283','Thợ mộc');
INSERT INTO nhankhau VALUES ('NK00000462','Nguyễn Bá Giang','1953-10-12','Nam','Lạng Sơn','Công giáo','Ê Đê','021744646602','HK00000215','Thợ mộc');
INSERT INTO nhankhau VALUES ('NK00000463','Lê Tuấn Thắng','2003-08-09','Nam','Hải Phòng','Không','Hmông','051934438201','HK00000148','Thợ xây');
INSERT INTO nhankhau VALUES ('NK00000464','Lê Nhật Khải','1974-11-11','Nam','Hà Nội','Không','Ê Đê','057683278681','HK00000229','Bác sĩ');
INSERT INTO nhankhau VALUES ('NK00000465','Hoàng Đức Khoa','1955-09-03','Nam','Ninh Bình','Hòa Hảo','Tày','065346450239','HK00000144','Thợ điện');
INSERT INTO nhankhau VALUES ('NK00000466','Võ Đình Mạnh','2007-10-06','Nam','Quảng Ninh','Phật giáo','Kinh','050851125363','HK00000050','Thợ điện');
INSERT INTO nhankhau VALUES ('NK00000467','Lê Khắc Hưng','1960-08-07','Nam','Bắc Ninh','Hòa Hảo','Xơ Đăng','033875685227','HK00000004','Nhân viên ngân hàng');
INSERT INTO nhankhau VALUES ('NK00000468','Mai Anh Sơn','1951-04-04','Nam','Cần Thơ','Phật giáo','Ê Đê','046442997997','HK00000281','Thợ điện');
INSERT INTO nhankhau VALUES ('NK00000469','Vương Hữu Tuấn','1996-06-28','Nam','Nam Định','Hòa Hảo','Nùng','036958727020','HK00000119','Bảo vệ');
INSERT INTO nhankhau VALUES ('NK00000470','Đặng Đình An','1968-07-18','Nam','Vĩnh Phúc','Công giáo','Hmông','081761760759','HK00000191','Thợ hàn');
INSERT INTO nhankhau VALUES ('NK00000471','Cao Kiều Diệp','1982-11-06','Nữ','Cần Thơ','Cao Đài','Tày','086112899413','HK00000256','Thợ mộc');
INSERT INTO nhankhau VALUES ('NK00000472','Tạ Anh Vinh','1947-07-22','Nam','Thanh Hóa','Phật giáo','Hmông','029047508601','HK00000023','Nội trợ');
INSERT INTO nhankhau VALUES ('NK00000473','Hà Ngọc Quỳnh','1963-06-09','Nữ','Ninh Bình','Công giáo','Xơ Đăng','055878710324','HK00000230','Cán bộ nhà nước');
INSERT INTO nhankhau VALUES ('NK00000474','Vũ Đức Thọ','1997-10-22','Nam','Quảng Ninh','Không','Mường','024364873294','HK00000204','Buôn bán tự do');
INSERT INTO nhankhau VALUES ('NK00000475','Lý Thúy Hằng','1983-05-17','Nữ','Cần Thơ','Hòa Hảo','Gia Rai','024325849065','HK00000269','Dược sĩ');
INSERT INTO nhankhau VALUES ('NK00000476','Dương Tuấn Lộc','1960-12-05','Nam','Hải Phòng','Phật giáo','Nùng','091914780593','HK00000070','Kỹ sư phần mềm');
INSERT INTO nhankhau VALUES ('NK00000477','Ngô Viết Quang','1951-07-30','Nam','Hải Dương','Công giáo','Kinh','029856243350','HK00000046','Nhân viên văn phòng');
INSERT INTO nhankhau VALUES ('NK00000478','Tống Hoài Bích','2007-01-21','Nữ','Bắc Giang','Cao Đài','Ê Đê','082712491486','HK00000113','Lập trình viên');
INSERT INTO nhankhau VALUES ('NK00000479','Hà Hương Mai','1985-07-23','Nữ','Đà Nẵng','Tin Lành','Nùng','044372040235','HK00000225','Giáo viên');
INSERT INTO nhankhau VALUES ('NK00000480','Huỳnh Thành Cường','1975-04-01','Nam','Nam Định','Tin Lành','Mường','076327626962','HK00000068','Buôn bán tự do');
INSERT INTO nhankhau VALUES ('NK00000481','Hồ Văn Quang','1965-02-22','Nam','Bắc Ninh','Hòa Hảo','Ba Na','020139457688','HK00000239','Nội trợ');
INSERT INTO nhankhau VALUES ('NK00000482','Vương Diệu Chi','1950-11-17','Nữ','Ninh Bình','Công giáo','Gia Rai','080489556592','HK00000270','Thợ điện');
INSERT INTO nhankhau VALUES ('NK00000483','Lưu Kiều Quỳnh','1968-09-01','Nữ','Bắc Giang','Hòa Hảo','Thái','034227399139','HK00000005','Kỹ sư phần mềm');
INSERT INTO nhankhau VALUES ('NK00000484','Hoàng Thùy Chi','2001-04-19','Nữ','Quảng Ninh','Phật giáo','Chăm','060141801966','HK00000055','Dược sĩ');
INSERT INTO nhankhau VALUES ('NK00000485','Đào Tú Nhi','1995-12-13','Nữ','Hải Phòng','Tin Lành','Tày','014868627175','HK00000282','Thợ may');
INSERT INTO nhankhau VALUES ('NK00000486','Quách Gia Phong','1962-06-20','Nam','Quảng Ninh','Hòa Hảo','Tày','064373814583','HK00000064','Cán bộ nhà nước');
INSERT INTO nhankhau VALUES ('NK00000487','Lâm Viết Duy','1976-11-16','Nam','Hải Dương','Tin Lành','Kinh','063806663932','HK00000258','Lập trình viên');
INSERT INTO nhankhau VALUES ('NK00000488','Huỳnh Ngọc Thắng','1973-05-26','Nam','Thái Nguyên','Công giáo','Xơ Đăng','082734307255','HK00000003','Cán bộ nhà nước');
INSERT INTO nhankhau VALUES ('NK00000489','Quách Minh Hải','1966-11-13','Nam','Hải Dương','Công giáo','Khmer','057358284520','HK00000109','Thợ mộc');
INSERT INTO nhankhau VALUES ('NK00000490','Quách Hương Vân','2011-11-04','Nữ','Thái Nguyên','Công giáo','Thái','097527240768','HK00000075','Thợ mộc');
INSERT INTO nhankhau VALUES ('NK00000491','Quách Nhật Quang','1979-05-02','Nam','Ninh Bình','Tin Lành','Tày','039785863934','HK00000236','Học sinh');
INSERT INTO nhankhau VALUES ('NK00000492','Đỗ Thị Chi','1953-12-20','Nữ','Ninh Bình','Phật giáo','Thái','007010411225','HK00000259','Kỹ sư xây dựng');
INSERT INTO nhankhau VALUES ('NK00000493','Lê Nhật Nam','1996-02-22','Nam','Đà Nẵng','Hòa Hảo','Dao','038236857877','HK00000087','Dược sĩ');
INSERT INTO nhankhau VALUES ('NK00000494','Đoàn Tuyết Trang','1972-07-04','Nữ','Thanh Hóa','Công giáo','Ba Na','075318910956','HK00000265','Bảo vệ');
INSERT INTO nhankhau VALUES ('NK00000495','Phan Ngọc Nhi','1961-06-27','Nữ','Bắc Ninh','Hòa Hảo','Gia Rai','014118563353','HK00000175','Nông dân');
INSERT INTO nhankhau VALUES ('NK00000496','Tạ Hùng Nam','1972-08-07','Nam','Nam Định','Hòa Hảo','Ê Đê','099815006200','HK00000163','Lái xe');
INSERT INTO nhankhau VALUES ('NK00000497','Lưu Hương Diệp','1992-10-17','Nữ','Hải Dương','Phật giáo','Thái','096320538083','HK00000027','Kỹ sư xây dựng');
INSERT INTO nhankhau VALUES ('NK00000498','Cao Văn Quang','1957-03-01','Nam','Cần Thơ','Cao Đài','Dao','026696084044','HK00000158','Hưu trí');
INSERT INTO nhankhau VALUES ('NK00000499','Cao Thu Xuân','1949-03-09','Nữ','Ninh Bình','Tin Lành','Hmông','019374740010','HK00000263','Thợ xây');
INSERT INTO nhankhau VALUES ('NK00000500','Tô Quốc Kiên','2001-10-08','Nam','Đà Nẵng','Tin Lành','Mường','053686561824','HK00000050','Giáo viên');
INSERT INTO nhankhau VALUES ('NK00000501','Ngô Công Phong','1977-07-06','Nam','Nam Định','Công giáo','Khmer','036000357073','HK00000202','Thợ điện');
INSERT INTO nhankhau VALUES ('NK00000502','Ngô Mai Linh','1977-02-16','Nữ','Quảng Ninh','Tin Lành','Chăm','045944611934','HK00000048','Luật sư');
INSERT INTO nhankhau VALUES ('NK00000503','Vũ Thúy Yến','2000-07-21','Nữ','Đà Nẵng','Tin Lành','Gia Rai','054417666797','HK00000020','Thợ mộc');
INSERT INTO nhankhau VALUES ('NK00000504','Đinh Bích Hằng','2004-08-14','Nữ','Quảng Ninh','Công giáo','Cơ Ho','005585757083','HK00000139','Dược sĩ');
INSERT INTO nhankhau VALUES ('NK00000505','Phạm Anh Hải','1985-02-01','Nam','Cần Thơ','Tin Lành','Nùng','001160825273','HK00000107','Thợ điện');
INSERT INTO nhankhau VALUES ('NK00000506','Võ Kiều Nhung','1958-08-29','Nữ','Bắc Ninh','Công giáo','Ê Đê','007600293573','HK00000045','Cán bộ nhà nước');
INSERT INTO nhankhau VALUES ('NK00000507','Võ Thu Hà','1965-09-27','Nữ','Đà Nẵng','Không','Kinh','064713516232','HK00000152','Nội trợ');
INSERT INTO nhankhau VALUES ('NK00000508','Tô Lan Quyên','1999-02-26','Nữ','TP. Hồ Chí Minh','Tin Lành','Thái','007698424287','HK00000010','Kỹ sư xây dựng');
INSERT INTO nhankhau VALUES ('NK00000509','Nguyễn Lan Quyên','1960-03-26','Nữ','Hải Phòng','Hòa Hảo','Mường','026299529335','HK00000241','Buôn bán tự do');
INSERT INTO nhankhau VALUES ('NK00000510','Trịnh Hoài Trang','1994-12-05','Nữ','TP. Hồ Chí Minh','Tin Lành','Cơ Ho','036986385073','HK00000078','Bác sĩ');
INSERT INTO nhankhau VALUES ('NK00000511','Bùi Mỹ Mai','1951-11-28','Nữ','Cần Thơ','Tin Lành','Sán Chay','045207680118','HK00000136','Kế toán');
INSERT INTO nhankhau VALUES ('NK00000512','Đinh Nhật Lộc','1969-07-19','Nam','Đà Nẵng','Không','Nùng','029143125583','HK00000183','Sinh viên');
INSERT INTO nhankhau VALUES ('NK00000513','Bùi Hương Quyên','2004-03-06','Nữ','Vĩnh Phúc','Phật giáo','Khmer','071152417162','HK00000287','Kỹ sư phần mềm');
INSERT INTO nhankhau VALUES ('NK00000514','Lưu Hương Lan','1945-11-11','Nữ','Ninh Bình','Công giáo','Tày','085304049093','HK00000257','Bộ đội');
INSERT INTO nhankhau VALUES ('NK00000515','Mai Bích Hà','1956-09-18','Nữ','Hải Dương','Phật giáo','Cơ Ho','035045478426','HK00000044','Học sinh');
INSERT INTO nhankhau VALUES ('NK00000516','Hà Diệu Hoa','1955-01-13','Nữ','Ninh Bình','Không','Ê Đê','034699715511','HK00000246','Thợ mộc');
INSERT INTO nhankhau VALUES ('NK00000517','Nguyễn Lan Hằng','1957-04-15','Nữ','Bắc Ninh','Cao Đài','Tày','002078515011','HK00000285','Nhân viên văn phòng');
INSERT INTO nhankhau VALUES ('NK00000518','Đào Thành Khải','1968-10-04','Nam','Ninh Bình','Công giáo','Kinh','059305180255','HK00000033','Công an');
INSERT INTO nhankhau VALUES ('NK00000519','Phan Trung Kiên','1995-08-14','Nam','Vĩnh Phúc','Cao Đài','Gia Rai','022245750428','HK00000063','Thợ xây');
INSERT INTO nhankhau VALUES ('NK00000520','Đoàn Hồng Thư','2013-07-06','Nữ','Quảng Ninh','Không','Xơ Đăng','073183571965','HK00000259','Kế toán');
INSERT INTO nhankhau VALUES ('NK00000521','Hoàng Bá Thọ','1967-11-08','Nam','Hải Dương','Phật giáo','Nùng','048994566674','HK00000132','Công an');
INSERT INTO nhankhau VALUES ('NK00000522','Trịnh Lan Lan','1982-04-15','Nữ','Hải Phòng','Không','Hmông','030294728614','HK00000090','Công an');
INSERT INTO nhankhau VALUES ('NK00000523','Đào Hữu Quân','2000-10-29','Nam','TP. Hồ Chí Minh','Cao Đài','Chăm','036158004055','HK00000199','Giáo viên');
INSERT INTO nhankhau VALUES ('NK00000524','Vương Viết Bình','1951-01-11','Nam','Hải Dương','Công giáo','Chăm','017410791839','HK00000258','Luật sư');
INSERT INTO nhankhau VALUES ('NK00000525','Mai Xuân Lộc','1971-08-13','Nam','Bắc Giang','Tin Lành','Nùng','092549726761','HK00000130','Bảo vệ');
INSERT INTO nhankhau VALUES ('NK00000526','Phan Thúy Trâm','1979-01-13','Nữ','Cần Thơ','Tin Lành','Kinh','005755998235','HK00000201','Hưu trí');
INSERT INTO nhankhau VALUES ('NK00000527','Võ Anh Thọ','1985-10-28','Nam','Bắc Giang','Tin Lành','Hmông','044232988199','HK00000211','Nhân viên văn phòng');
INSERT INTO nhankhau VALUES ('NK00000528','Bùi Thị Hằng','2011-11-26','Nữ','Bắc Giang','Không','Thái','077823580615','HK00000108','Bác sĩ');
INSERT INTO nhankhau VALUES ('NK00000529','Cao Đức Khoa','1974-07-06','Nam','Hà Nội','Cao Đài','Xơ Đăng','018190877454','HK00000245','Lập trình viên');
INSERT INTO nhankhau VALUES ('NK00000530','Quách Quốc Cường','1967-09-02','Nam','Bắc Giang','Không','Kinh','035222335101','HK00000130','Kỹ sư xây dựng');
INSERT INTO nhankhau VALUES ('NK00000531','Tạ Tú Quyên','1999-06-10','Nữ','Vĩnh Phúc','Công giáo','Chăm','062776494982','HK00000253','Giáo viên');
INSERT INTO nhankhau VALUES ('NK00000532','Đỗ Thu Trang','1949-03-31','Nữ','Lạng Sơn','Không','Thái','028668118526','HK00000048','Bảo vệ');
INSERT INTO nhankhau VALUES ('NK00000533','Trịnh Minh Vinh','1968-08-28','Nam','Nam Định','Phật giáo','Tày','012720881951','HK00000127','Thợ may');
INSERT INTO nhankhau VALUES ('NK00000534','Vũ Nhật Long','1953-03-02','Nam','Ninh Bình','Không','Nùng','042910299499','HK00000156','Thợ may');
INSERT INTO nhankhau VALUES ('NK00000535','Đào Bích An','1983-11-02','Nữ','Bắc Giang','Công giáo','Mường','040190564705','HK00000252','Bộ đội');
INSERT INTO nhankhau VALUES ('NK00000536','Lâm Khắc Mạnh','1972-01-26','Nam','Hải Dương','Phật giáo','Xơ Đăng','004543598739','HK00000285','Thợ xây');
INSERT INTO nhankhau VALUES ('NK00000537','Nguyễn Đức Giang','1977-07-22','Nam','Ninh Bình','Phật giáo','Kinh','010712839649','HK00000230','Bộ đội');
INSERT INTO nhankhau VALUES ('NK00000538','Cao Hồng Oanh','1979-08-03','Nữ','Hải Dương','Cao Đài','Khmer','040532322952','HK00000052','Thất nghiệp');
INSERT INTO nhankhau VALUES ('NK00000539','Hà Hùng Dũng','1972-05-23','Nam','Hà Nội','Hòa Hảo','Nùng','022863634528','HK00000007','Bộ đội');
INSERT INTO nhankhau VALUES ('NK00000540','Phan Ngọc Duy','1994-07-27','Nam','Hải Phòng','Hòa Hảo','Sán Chay','024233933302','HK00000237','Thợ may');
INSERT INTO nhankhau VALUES ('NK00000541','Hà Viết Phong','1978-01-04','Nam','Quảng Ninh','Hòa Hảo','Xơ Đăng','065476630357','HK00000299','Thợ may');
INSERT INTO nhankhau VALUES ('NK00000542','Tô Thành Thọ','1999-04-21','Nam','Thái Nguyên','Không','Ba Na','073606413507','HK00000298','Kỹ sư phần mềm');
INSERT INTO nhankhau VALUES ('NK00000543','Lưu Tuấn Sơn','2014-03-02','Nam','Nam Định','Không','Ba Na','071136408487','HK00000047','Nội trợ');
INSERT INTO nhankhau VALUES ('NK00000544','Đào Quốc Duy','1956-04-17','Nam','TP. Hồ Chí Minh','Cao Đài','Mường','024822599409','HK00000235','Luật sư');
INSERT INTO nhankhau VALUES ('NK00000545','Hồ Công Phong','2005-05-07','Nam','Nam Định','Cao Đài','Mường','037296702434','HK00000143','Cán bộ nhà nước');
INSERT INTO nhankhau VALUES ('NK00000546','Tống Kim Mai','1955-12-25','Nữ','Ninh Bình','Cao Đài','Xơ Đăng','083390912844','HK00000247','Thợ điện');
INSERT INTO nhankhau VALUES ('NK00000547','Đào Hùng Linh','1993-01-26','Nam','Bắc Ninh','Phật giáo','Thái','088162671730','HK00000218','Lái xe');
INSERT INTO nhankhau VALUES ('NK00000548','Đinh Nhật An','1963-09-02','Nam','Quảng Ninh','Công giáo','Mường','043322281777','HK00000025','Dược sĩ');
INSERT INTO nhankhau VALUES ('NK00000549','Cao Đức Linh','1967-09-09','Nam','Nam Định','Không','Cơ Ho','025539751185','HK00000049','Giáo viên');
INSERT INTO nhankhau VALUES ('NK00000550','Huỳnh Thị Lan','1966-04-24','Nữ','Vĩnh Phúc','Phật giáo','Sán Chay','079353317098','HK00000275','Giáo viên');
INSERT INTO nhankhau VALUES ('NK00000551','Dương Bích Quỳnh','1997-11-12','Nữ','Đà Nẵng','Cao Đài','Mường','050138784764','HK00000167','Buôn bán tự do');
INSERT INTO nhankhau VALUES ('NK00000552','Nguyễn Thành Hải','1961-08-28','Nam','Bắc Ninh','Hòa Hảo','Hmông','021092132430','HK00000132','Đầu bếp');
INSERT INTO nhankhau VALUES ('NK00000553','Mai Đức Thắng','1971-01-15','Nam','Lạng Sơn','Hòa Hảo','Xơ Đăng','033748259454','HK00000026','Nhân viên ngân hàng');
INSERT INTO nhankhau VALUES ('NK00000554','Cao Hữu Nam','1950-09-23','Nam','Hà Nội','Hòa Hảo','Khmer','071588015874','HK00000006','Thợ mộc');
INSERT INTO nhankhau VALUES ('NK00000555','Ngô Nhật Đạt','1958-12-23','Nam','Ninh Bình','Hòa Hảo','Thái','062738968804','HK00000225','Thợ may');
INSERT INTO nhankhau VALUES ('NK00000556','Lê Phương Chi','1966-08-13','Nữ','Ninh Bình','Phật giáo','Khmer','086344612923','HK00000097','Nội trợ');
INSERT INTO nhankhau VALUES ('NK00000557','Vương Ngọc Dung','1978-04-24','Nữ','Quảng Ninh','Hòa Hảo','Nùng','080462724171','HK00000067','Cán bộ nhà nước');
INSERT INTO nhankhau VALUES ('NK00000558','Vương Thị Thư','2000-11-04','Nữ','Lạng Sơn','Công giáo','Ê Đê','028266315679','HK00000278','Giáo viên');
INSERT INTO nhankhau VALUES ('NK00000559','Vương Tất Thọ','1957-05-31','Nam','Nam Định','Tin Lành','Dao','040447715107','HK00000017','Kế toán');
INSERT INTO nhankhau VALUES ('NK00000560','Lê Văn Long','1960-04-20','Nam','Hà Nội','Công giáo','Mường','063186952439','HK00000171','Hưu trí');
INSERT INTO nhankhau VALUES ('NK00000561','Tạ Quốc Khánh','1964-02-26','Nam','Cần Thơ','Không','Mường','019240078491','HK00000013','Thợ điện');
INSERT INTO nhankhau VALUES ('NK00000562','Vũ Xuân Sơn','1960-01-05','Nam','Đà Nẵng','Công giáo','Kinh','023999963820','HK00000267','Hưu trí');
INSERT INTO nhankhau VALUES ('NK00000563','Đào Hương Thư','1949-04-23','Nữ','Bắc Ninh','Hòa Hảo','Khmer','002781534667','HK00000151','Luật sư');
INSERT INTO nhankhau VALUES ('NK00000564','Lê Viết Long','2006-07-24','Nam','Thanh Hóa','Tin Lành','Dao','070395908039','HK00000141','Giáo viên');
INSERT INTO nhankhau VALUES ('NK00000565','Đoàn Thanh Bích','1976-11-13','Nữ','Thanh Hóa','Hòa Hảo','Hmông','097036947661','HK00000213','Y tá');
INSERT INTO nhankhau VALUES ('NK00000566','Phạm Thị Uyên','1990-09-23','Nữ','Nam Định','Tin Lành','Ba Na','054152893770','HK00000016','Thất nghiệp');
INSERT INTO nhankhau VALUES ('NK00000567','Đỗ Xuân Đạt','2014-11-06','Nam','Hải Dương','Hòa Hảo','Mường','002843235787','HK00000192','Bác sĩ');
INSERT INTO nhankhau VALUES ('NK00000568','Trịnh Hoài Hằng','1973-08-16','Nữ','Cần Thơ','Tin Lành','Ba Na','052529026502','HK00000260','Nội trợ');
INSERT INTO nhankhau VALUES ('NK00000569','Trịnh Diệu Quyên','1995-09-12','Nữ','Hải Dương','Công giáo','Hmông','043310478055','HK00000145','Kế toán');
INSERT INTO nhankhau VALUES ('NK00000570','Cao Tuyết Trâm','1950-11-12','Nữ','Thái Nguyên','Phật giáo','Tày','030428969489','HK00000088','Thợ hàn');
INSERT INTO nhankhau VALUES ('NK00000571','Đoàn Ánh Linh','2004-01-26','Nữ','Lạng Sơn','Phật giáo','Gia Rai','095952085597','HK00000157','Bộ đội');
INSERT INTO nhankhau VALUES ('NK00000572','Đỗ Hữu Bảo','1959-03-19','Nam','Hà Nội','Công giáo','Chăm','055463786767','HK00000031','Lái xe');
INSERT INTO nhankhau VALUES ('NK00000573','Dương Hùng Sơn','2008-04-14','Nam','Thanh Hóa','Tin Lành','Dao','098077528105','HK00000165','Giáo viên');
INSERT INTO nhankhau VALUES ('NK00000574','Lâm Ánh Oanh','2012-08-13','Nữ','Đà Nẵng','Tin Lành','Tày','002280932644','HK00000266','Bảo vệ');
INSERT INTO nhankhau VALUES ('NK00000575','Huỳnh Mai Châu','1983-02-17','Nữ','TP. Hồ Chí Minh','Tin Lành','Hmông','084479454070','HK00000228','Bảo vệ');
INSERT INTO nhankhau VALUES ('NK00000576','Hà Hồng Trang','1973-09-06','Nữ','Cần Thơ','Phật giáo','Nùng','058155092853','HK00000216','Giáo viên');
INSERT INTO nhankhau VALUES ('NK00000577','Vũ Gia Dũng','1980-01-31','Nam','Cần Thơ','Tin Lành','Ba Na','092201725437','HK00000014','Sinh viên');
INSERT INTO nhankhau VALUES ('NK00000578','Trịnh Ngọc Thắng','1973-07-27','Nam','Quảng Ninh','Hòa Hảo','Mường','071589125056','HK00000015','Bộ đội');
INSERT INTO nhankhau VALUES ('NK00000579','Trần Quốc Duy','1980-02-01','Nam','Hải Phòng','Phật giáo','Nùng','061881475093','HK00000263','Giáo viên');
INSERT INTO nhankhau VALUES ('NK00000580','Trịnh Gia Hải','1974-08-11','Nam','Bắc Giang','Hòa Hảo','Kinh','029964145377','HK00000247','Kỹ sư xây dựng');
INSERT INTO nhankhau VALUES ('NK00000581','Lưu Mỹ Vân','1977-08-04','Nữ','Thanh Hóa','Hòa Hảo','Ba Na','086662426007','HK00000168','Bác sĩ');
INSERT INTO nhankhau VALUES ('NK00000582','Lưu Kim Ngân','1952-01-07','Nữ','Đà Nẵng','Hòa Hảo','Cơ Ho','092454289896','HK00000043','Bộ đội');
INSERT INTO nhankhau VALUES ('NK00000583','Vũ Ngọc Sơn','2007-11-27','Nam','Hải Dương','Không','Nùng','012273077016','HK00000103','Kỹ sư xây dựng');
INSERT INTO nhankhau VALUES ('NK00000584','Ngô Anh Tài','1967-12-20','Nam','Hà Nội','Cao Đài','Kinh','087085748550','HK00000140','Thợ hàn');
INSERT INTO nhankhau VALUES ('NK00000585','Cao Bích Yến','1976-12-01','Nữ','Nam Định','Không','Khmer','070105333279','HK00000100','Thợ hàn');
INSERT INTO nhankhau VALUES ('NK00000586','Quách Gia Sơn','1958-10-19','Nam','Nam Định','Phật giáo','Khmer','061225481063','HK00000036','Nội trợ');
INSERT INTO nhankhau VALUES ('NK00000587','Tô Mỹ Lam','2005-11-07','Nữ','Cần Thơ','Cao Đài','Khmer','015095061386','HK00000204','Cán bộ nhà nước');
INSERT INTO nhankhau VALUES ('NK00000588','Ngô Thúy An','1988-05-16','Nữ','Ninh Bình','Không','Sán Chay','090016028222','HK00000184','Học sinh');
INSERT INTO nhankhau VALUES ('NK00000589','Hoàng Phương Xuân','1973-09-05','Nữ','Bắc Ninh','Phật giáo','Thái','037810006587','HK00000062','Thợ hàn');
INSERT INTO nhankhau VALUES ('NK00000590','Trịnh Xuân Long','1949-07-13','Nam','Đà Nẵng','Hòa Hảo','Chăm','040218991698','HK00000078','Thất nghiệp');
INSERT INTO nhankhau VALUES ('NK00000591','Đoàn Công Khánh','1958-11-02','Nam','Hà Nội','Phật giáo','Kinh','044640561227','HK00000189','Thất nghiệp');
INSERT INTO nhankhau VALUES ('NK00000592','Vương Hồng Dung','1989-02-24','Nữ','Thái Nguyên','Cao Đài','Tày','039347907653','HK00000249','Nhân viên ngân hàng');
INSERT INTO nhankhau VALUES ('NK00000593','Ngô Quốc Khải','1957-10-21','Nam','Cần Thơ','Không','Gia Rai','077511666454','HK00000192','Kỹ sư xây dựng');
INSERT INTO nhankhau VALUES ('NK00000594','Đoàn Tuyết Chi','1999-08-04','Nữ','Đà Nẵng','Phật giáo','Ê Đê','031010814187','HK00000087','Thợ xây');
INSERT INTO nhankhau VALUES ('NK00000595','Huỳnh Đình Phong','1952-12-24','Nam','Vĩnh Phúc','Tin Lành','Khmer','016570286848','HK00000138','Thợ điện');
INSERT INTO nhankhau VALUES ('NK00000596','Trịnh Hữu Linh','2002-01-22','Nam','Đà Nẵng','Không','Mường','072220065844','HK00000039','Kỹ sư phần mềm');
INSERT INTO nhankhau VALUES ('NK00000597','Hà Ánh An','1982-05-30','Nữ','Bắc Giang','Công giáo','Ê Đê','014197158454','HK00000204','Cán bộ nhà nước');
INSERT INTO nhankhau VALUES ('NK00000598','Đào Anh Thọ','1999-07-29','Nam','Hải Dương','Công giáo','Dao','042027004322','HK00000183','Học sinh');
INSERT INTO nhankhau VALUES ('NK00000599','Tô Thúy Ánh','1952-10-18','Nữ','Ninh Bình','Cao Đài','Sán Chay','015242238159','HK00000098','Kỹ sư xây dựng');
INSERT INTO nhankhau VALUES ('NK00000600','Đinh Tuyết Diệp','1972-08-26','Nữ','Hải Dương','Tin Lành','Sán Chay','019086601984','HK00000055','Y tá');
INSERT INTO nhankhau VALUES ('NK00000601','Ngô Mai Yến','1963-09-05','Nữ','Lạng Sơn','Hòa Hảo','Hmông','064748153158','HK00000008','Y tá');
INSERT INTO nhankhau VALUES ('NK00000602','Lưu Quốc Tuấn','2006-11-13','Nam','Hà Nội','Hòa Hảo','Xơ Đăng','050960183043','HK00000131','Bảo vệ');
INSERT INTO nhankhau VALUES ('NK00000603','Dương Tuấn Tuấn','1963-10-21','Nam','Thanh Hóa','Cao Đài','Chăm','048326224571','HK00000239','Y tá');
INSERT INTO nhankhau VALUES ('NK00000604','Lưu Tú Quỳnh','1961-02-24','Nữ','Ninh Bình','Phật giáo','Khmer','037425507038','HK00000062','Công an');
INSERT INTO nhankhau VALUES ('NK00000605','Nguyễn Hương Trang','1967-02-14','Nữ','Quảng Ninh','Cao Đài','Chăm','091613570773','HK00000260','Công an');
INSERT INTO nhankhau VALUES ('NK00000606','Phan Hoài Bích','2013-12-24','Nữ','Thái Nguyên','Tin Lành','Hmông','055343359177','HK00000091','Công an');
INSERT INTO nhankhau VALUES ('NK00000607','Trần Đức Cường','1954-11-15','Nam','Quảng Ninh','Cao Đài','Xơ Đăng','038034576058','HK00000181','Bác sĩ');
INSERT INTO nhankhau VALUES ('NK00000608','Lý Hoài Quỳnh','2010-01-01','Nữ','Hải Phòng','Công giáo','Ba Na','082847477647','HK00000242','Hưu trí');
INSERT INTO nhankhau VALUES ('NK00000609','Quách Trung Khải','2000-12-12','Nam','Bắc Ninh','Công giáo','Thái','085888754633','HK00000187','Cán bộ nhà nước');
INSERT INTO nhankhau VALUES ('NK00000610','Hồ Hữu Quân','1963-11-16','Nam','Ninh Bình','Phật giáo','Tày','083988428520','HK00000182','Luật sư');
INSERT INTO nhankhau VALUES ('NK00000611','Trần Lan Nhi','1982-02-13','Nữ','Thanh Hóa','Tin Lành','Ba Na','035056873767','HK00000083','Nhân viên ngân hàng');
INSERT INTO nhankhau VALUES ('NK00000612','Đoàn Diệu Thư','2003-04-18','Nữ','Quảng Ninh','Phật giáo','Thái','000772921100','HK00000064','Công an');
INSERT INTO nhankhau VALUES ('NK00000613','Tạ Hoài Vân','1961-08-12','Nữ','Vĩnh Phúc','Hòa Hảo','Sán Chay','073815906529','HK00000198','Bộ đội');
INSERT INTO nhankhau VALUES ('NK00000614','Vũ Mỹ Yến','2015-10-16','Nữ','Lạng Sơn','Không','Kinh','035751653714','HK00000117','Nội trợ');
INSERT INTO nhankhau VALUES ('NK00000615','Hà Hương Yến','2002-09-04','Nữ','Hải Dương','Phật giáo','Cơ Ho','004901036774','HK00000027','Công nhân');
INSERT INTO nhankhau VALUES ('NK00000616','Lê Mai Lam','1960-06-03','Nữ','Ninh Bình','Không','Kinh','028646333688','HK00000186','Thợ điện');
INSERT INTO nhankhau VALUES ('NK00000617','Lâm Hương Ánh','1974-04-20','Nữ','Đà Nẵng','Không','Xơ Đăng','078663684593','HK00000104','Buôn bán tự do');
INSERT INTO nhankhau VALUES ('NK00000618','Đào Ngọc Khải','1957-07-18','Nam','Đà Nẵng','Phật giáo','Nùng','094202919040','HK00000183','Lái xe');
INSERT INTO nhankhau VALUES ('NK00000619','Ngô Đức Quân','2002-06-22','Nam','Ninh Bình','Không','Chăm','002414482848','HK00000016','Thợ may');
INSERT INTO nhankhau VALUES ('NK00000620','Tạ Thanh Ánh','1950-08-18','Nữ','Quảng Ninh','Không','Kinh','090783467587','HK00000268','Dược sĩ');
INSERT INTO nhankhau VALUES ('NK00000621','Trần Thu Dung','1956-07-28','Nữ','Thanh Hóa','Phật giáo','Mường','037622818447','HK00000141','Thợ điện');
INSERT INTO nhankhau VALUES ('NK00000622','Trần Thùy Trâm','1982-12-16','Nữ','TP. Hồ Chí Minh','Cao Đài','Chăm','088289850047','HK00000238','Thợ hàn');
INSERT INTO nhankhau VALUES ('NK00000623','Vũ Hồng Linh','1993-10-17','Nữ','Đà Nẵng','Tin Lành','Mường','019262972667','HK00000033','Thợ may');
INSERT INTO nhankhau VALUES ('NK00000624','Hồ Ánh Quyên','1970-10-17','Nữ','Bắc Giang','Tin Lành','Cơ Ho','032439795315','HK00000127','Đầu bếp');
INSERT INTO nhankhau VALUES ('NK00000625','Đào Thanh Quyên','1984-10-03','Nữ','Cần Thơ','Không','Chăm','089244416045','HK00000257','Giáo viên');
INSERT INTO nhankhau VALUES ('NK00000626','Võ Mai Hoa','1966-10-17','Nữ','TP. Hồ Chí Minh','Tin Lành','Sán Chay','050469101326','HK00000264','Kế toán');
INSERT INTO nhankhau VALUES ('NK00000627','Mai Mai Ánh','1978-08-12','Nữ','Hải Phòng','Cao Đài','Mường','043426566545','HK00000239','Y tá');
INSERT INTO nhankhau VALUES ('NK00000628','Hà Hùng Cường','2014-04-06','Nam','Quảng Ninh','Không','Sán Chay','028423458072','HK00000080','Bảo vệ');
INSERT INTO nhankhau VALUES ('NK00000629','Lê Thúy Thảo','1962-02-10','Nữ','Bắc Giang','Hòa Hảo','Cơ Ho','062679224009','HK00000161','Công nhân');
INSERT INTO nhankhau VALUES ('NK00000630','Lý Ánh Quỳnh','1976-03-11','Nữ','Cần Thơ','Hòa Hảo','Chăm','071625567317','HK00000054','Kỹ sư xây dựng');
INSERT INTO nhankhau VALUES ('NK00000631','Bùi Mai Thảo','1987-05-22','Nữ','Hải Dương','Tin Lành','Nùng','083567264843','HK00000045','Công an');
INSERT INTO nhankhau VALUES ('NK00000632','Hoàng Công Khánh','2015-07-08','Nam','TP. Hồ Chí Minh','Không','Ba Na','055017229829','HK00000145','Dược sĩ');
INSERT INTO nhankhau VALUES ('NK00000633','Trần Phương Uyên','1994-10-26','Nữ','Vĩnh Phúc','Phật giáo','Dao','081255527318','HK00000029','Kỹ sư phần mềm');
INSERT INTO nhankhau VALUES ('NK00000634','Hoàng Thanh Trang','1969-06-11','Nữ','Cần Thơ','Hòa Hảo','Chăm','017139948143','HK00000297','Đầu bếp');
INSERT INTO nhankhau VALUES ('NK00000635','Hồ Lan Châu','1978-05-15','Nữ','Bắc Ninh','Không','Tày','050343957116','HK00000037','Cán bộ nhà nước');
INSERT INTO nhankhau VALUES ('NK00000636','Lâm Anh Quang','1987-03-02','Nam','Hải Phòng','Tin Lành','Kinh','069268066486','HK00000177','Thợ mộc');
INSERT INTO nhankhau VALUES ('NK00000637','Trần Gia Xuân','1970-02-22','Nam','Lạng Sơn','Cao Đài','Ba Na','085056065755','HK00000109','Thợ xây');
INSERT INTO nhankhau VALUES ('NK00000638','Lý Hương Hằng','1959-10-29','Nữ','Nam Định','Tin Lành','Kinh','094920366947','HK00000066','Công an');
INSERT INTO nhankhau VALUES ('NK00000639','Trịnh Hoài Ngân','1961-12-15','Nữ','Hải Phòng','Tin Lành','Nùng','013457800908','HK00000039','Luật sư');
INSERT INTO nhankhau VALUES ('NK00000640','Lưu Ngọc Yến','1959-03-03','Nữ','Ninh Bình','Công giáo','Xơ Đăng','027558609989','HK00000189','Công nhân');
INSERT INTO nhankhau VALUES ('NK00000641','Quách Thùy Thư','1990-12-09','Nữ','Nam Định','Cao Đài','Hmông','067743319893','HK00000074','Nông dân');
INSERT INTO nhankhau VALUES ('NK00000642','Bùi Viết Sơn','1997-08-28','Nam','Vĩnh Phúc','Phật giáo','Cơ Ho','053327804643','HK00000137','Bộ đội');
INSERT INTO nhankhau VALUES ('NK00000643','Trịnh Gia Lộc','1989-06-11','Nam','Bắc Ninh','Hòa Hảo','Dao','020832626244','HK00000112','Dược sĩ');
INSERT INTO nhankhau VALUES ('NK00000644','Lê Nhật Đạt','1987-02-18','Nam','Đà Nẵng','Tin Lành','Dao','008662485904','HK00000265','Kế toán');
INSERT INTO nhankhau VALUES ('NK00000645','Vương Quốc Quang','1951-01-09','Nam','Thái Nguyên','Không','Nùng','084602774085','HK00000013','Bảo vệ');
INSERT INTO nhankhau VALUES ('NK00000646','Huỳnh Minh Long','1982-09-30','Nam','Đà Nẵng','Tin Lành','Cơ Ho','082116465648','HK00000033','Nhân viên văn phòng');
INSERT INTO nhankhau VALUES ('NK00000647','Tống Hương Uyên','2005-06-15','Nữ','Cần Thơ','Không','Kinh','030519948530','HK00000265','Nông dân');
INSERT INTO nhankhau VALUES ('NK00000648','Nguyễn Hồng Lam','1999-04-18','Nữ','Lạng Sơn','Công giáo','Dao','077750351459','HK00000027','Hưu trí');
INSERT INTO nhankhau VALUES ('NK00000649','Phan Thành Kiên','1945-03-09','Nam','Thanh Hóa','Tin Lành','Dao','004903204371','HK00000084','Kế toán');
INSERT INTO nhankhau VALUES ('NK00000650','Vũ Ngọc Thọ','1999-05-03','Nam','Thái Nguyên','Phật giáo','Ba Na','038707164568','HK00000023','Dược sĩ');
INSERT INTO nhankhau VALUES ('NK00000651','Dương Công Quân','1987-03-09','Nam','Nam Định','Tin Lành','Hmông','023708627064','HK00000175','Nhân viên văn phòng');
INSERT INTO nhankhau VALUES ('NK00000652','Lê Bá Cường','1954-07-09','Nam','Ninh Bình','Hòa Hảo','Gia Rai','097348164933','HK00000097','Kế toán');
INSERT INTO nhankhau VALUES ('NK00000653','Nguyễn Thành Thọ','1968-02-14','Nam','Vĩnh Phúc','Cao Đài','Xơ Đăng','090379859231','HK00000295','Bộ đội');
INSERT INTO nhankhau VALUES ('NK00000654','Bùi Đức Bảo','1995-03-31','Nam','Ninh Bình','Phật giáo','Chăm','037704639584','HK00000222','Luật sư');
INSERT INTO nhankhau VALUES ('NK00000655','Phạm Phương Trâm','1982-01-18','Nữ','Ninh Bình','Không','Nùng','018309222834','HK00000298','Nhân viên ngân hàng');
INSERT INTO nhankhau VALUES ('NK00000656','Lâm Tú Quyên','1965-09-21','Nữ','Thái Nguyên','Hòa Hảo','Xơ Đăng','014600649661','HK00000040','Lập trình viên');
INSERT INTO nhankhau VALUES ('NK00000657','Đào Minh Tuấn','1963-12-22','Nam','Lạng Sơn','Không','Chăm','022399318274','HK00000162','Học sinh');
INSERT INTO nhankhau VALUES ('NK00000658','Phan Ngọc Vinh','1964-03-16','Nam','Bắc Giang','Hòa Hảo','Sán Chay','080567602326','HK00000229','Công nhân');
INSERT INTO nhankhau VALUES ('NK00000659','Lưu Thùy Hà','1956-05-18','Nữ','Lạng Sơn','Cao Đài','Khmer','079048366399','HK00000016','Thất nghiệp');
INSERT INTO nhankhau VALUES ('NK00000660','Trịnh Ngọc Vinh','1964-09-26','Nam','Thái Nguyên','Cao Đài','Thái','079428862439','HK00000159','Kế toán');
INSERT INTO nhankhau VALUES ('NK00000661','Lê Nhật Sơn','2013-11-16','Nam','Nam Định','Cao Đài','Gia Rai','018673341383','HK00000289','Học sinh');
INSERT INTO nhankhau VALUES ('NK00000662','Vũ Minh Phong','1997-09-13','Nam','Đà Nẵng','Hòa Hảo','Chăm','006089109603','HK00000064','Kỹ sư phần mềm');
INSERT INTO nhankhau VALUES ('NK00000663','Lâm Ngọc Mai','1954-05-31','Nữ','TP. Hồ Chí Minh','Hòa Hảo','Xơ Đăng','041437509898','HK00000195','Nông dân');
INSERT INTO nhankhau VALUES ('NK00000664','Phan Hùng Vinh','2005-01-07','Nam','Lạng Sơn','Phật giáo','Nùng','034030584462','HK00000020','Thợ điện');
INSERT INTO nhankhau VALUES ('NK00000665','Tạ Công Bảo','2004-08-04','Nam','Ninh Bình','Công giáo','Cơ Ho','097252968963','HK00000001','Kỹ sư phần mềm');
INSERT INTO nhankhau VALUES ('NK00000666','Hoàng Gia Cường','2014-07-12','Nam','Bắc Giang','Phật giáo','Chăm','051372758222','HK00000219','Công an');
INSERT INTO nhankhau VALUES ('NK00000667','Tô Đình An','1970-05-10','Nam','Vĩnh Phúc','Cao Đài','Dao','029704092190','HK00000275','Y tá');
INSERT INTO nhankhau VALUES ('NK00000668','Đào Hữu Khải','1999-08-15','Nam','Hà Nội','Tin Lành','Kinh','000596562982','HK00000149','Thợ may');
INSERT INTO nhankhau VALUES ('NK00000669','Vương Hùng Giang','2012-07-10','Nam','Cần Thơ','Không','Ê Đê','033233678562','HK00000279','Công an');
INSERT INTO nhankhau VALUES ('NK00000670','Phạm Quốc Phúc','1954-09-06','Nam','Hà Nội','Hòa Hảo','Mường','004403835280','HK00000286','Bảo vệ');
INSERT INTO nhankhau VALUES ('NK00000671','Lý Phương Lan','2011-08-29','Nữ','Lạng Sơn','Không','Mường','094054208941','HK00000210','Thợ điện');
INSERT INTO nhankhau VALUES ('NK00000672','Lý Hồng Xuân','1949-12-23','Nữ','Vĩnh Phúc','Phật giáo','Xơ Đăng','089944856580','HK00000189','Kỹ sư xây dựng');
INSERT INTO nhankhau VALUES ('NK00000673','Vương Kiều Yến','1959-11-15','Nữ','Hải Dương','Hòa Hảo','Xơ Đăng','077612164403','HK00000259','Giáo viên');
INSERT INTO nhankhau VALUES ('NK00000674','Tạ Thùy Trâm','1988-03-25','Nữ','Cần Thơ','Cao Đài','Thái','004938377983','HK00000139','Bảo vệ');
INSERT INTO nhankhau VALUES ('NK00000675','Tạ Công Dũng','1998-02-26','Nam','Bắc Ninh','Phật giáo','Kinh','028948064965','HK00000278','Thợ may');
INSERT INTO nhankhau VALUES ('NK00000676','Tống Mỹ Mai','2014-03-07','Nữ','Hải Phòng','Không','Chăm','031579014449','HK00000252','Học sinh');
INSERT INTO nhankhau VALUES ('NK00000677','Hà Tú Hằng','2006-07-05','Nữ','TP. Hồ Chí Minh','Cao Đài','Sán Chay','055187000162','HK00000058','Thất nghiệp');
INSERT INTO nhankhau VALUES ('NK00000678','Lý Anh Long','1990-08-10','Nam','Thanh Hóa','Phật giáo','Khmer','042023891942','HK00000291','Nội trợ');
INSERT INTO nhankhau VALUES ('NK00000679','Dương Gia Đạt','1982-09-21','Nam','Ninh Bình','Phật giáo','Mường','097086931522','HK00000045','Công nhân');
INSERT INTO nhankhau VALUES ('NK00000680','Ngô Minh Khoa','1969-08-02','Nam','Thái Nguyên','Không','Chăm','013098747385','HK00000064','Nông dân');
INSERT INTO nhankhau VALUES ('NK00000681','Hà Nhật Long','1971-11-08','Nam','Ninh Bình','Tin Lành','Thái','006282702639','HK00000249','Thợ xây');
INSERT INTO nhankhau VALUES ('NK00000682','Hà Bá Lộc','2001-08-12','Nam','Hải Phòng','Không','Khmer','083563384423','HK00000267','Công nhân');
INSERT INTO nhankhau VALUES ('NK00000683','Mai Hồng Hoa','2000-06-16','Nữ','Thanh Hóa','Công giáo','Hmông','088483745679','HK00000095','Bác sĩ');
INSERT INTO nhankhau VALUES ('NK00000684','Bùi Văn Lộc','1971-07-09','Nam','Cần Thơ','Cao Đài','Cơ Ho','035966955486','HK00000100','Luật sư');
INSERT INTO nhankhau VALUES ('NK00000685','Dương Khắc Phong','1945-02-20','Nam','Hà Nội','Phật giáo','Mường','075502525239','HK00000271','Y tá');
INSERT INTO nhankhau VALUES ('NK00000686','Đoàn Tuyết Xuân','2015-11-15','Nữ','Hà Nội','Hòa Hảo','Nùng','086006018632','HK00000016','Nhân viên văn phòng');
INSERT INTO nhankhau VALUES ('NK00000687','Lê Hoài An','1986-12-04','Nữ','Cần Thơ','Công giáo','Xơ Đăng','008233711828','HK00000080','Y tá');
INSERT INTO nhankhau VALUES ('NK00000688','Lý Kim Linh','1947-11-07','Nữ','Vĩnh Phúc','Công giáo','Hmông','092715576201','HK00000075','Luật sư');
INSERT INTO nhankhau VALUES ('NK00000689','Phạm Nhật Phúc','1953-05-18','Nam','Nam Định','Hòa Hảo','Gia Rai','075147979514','HK00000259','Kế toán');
INSERT INTO nhankhau VALUES ('NK00000690','Phan Đức Bình','1996-04-17','Nam','TP. Hồ Chí Minh','Hòa Hảo','Khmer','050022081299','HK00000281','Kỹ sư xây dựng');
INSERT INTO nhankhau VALUES ('NK00000691','Phan Hữu Lộc','1960-01-16','Nam','Lạng Sơn','Tin Lành','Khmer','038706599321','HK00000277','Bác sĩ');
INSERT INTO nhankhau VALUES ('NK00000692','Hồ Lan Thảo','1948-11-18','Nữ','Đà Nẵng','Công giáo','Thái','029268368229','HK00000121','Kỹ sư phần mềm');
INSERT INTO nhankhau VALUES ('NK00000693','Vũ Lan Trang','1950-08-06','Nữ','TP. Hồ Chí Minh','Hòa Hảo','Khmer','008860132375','HK00000094','Lập trình viên');
INSERT INTO nhankhau VALUES ('NK00000694','Đào Hoài Ngân','2015-06-07','Nữ','Lạng Sơn','Công giáo','Cơ Ho','025401677800','HK00000111','Hưu trí');
INSERT INTO nhankhau VALUES ('NK00000695','Dương Tuấn Thọ','1953-05-13','Nam','Hà Nội','Hòa Hảo','Dao','034216463074','HK00000079','Hưu trí');
INSERT INTO nhankhau VALUES ('NK00000696','Huỳnh Công Vinh','1977-10-30','Nam','Hải Dương','Tin Lành','Khmer','066612684719','HK00000108','Thất nghiệp');
INSERT INTO nhankhau VALUES ('NK00000697','Tạ Mỹ Ngân','1966-03-05','Nữ','Đà Nẵng','Phật giáo','Cơ Ho','096829552634','HK00000199','Kỹ sư xây dựng');
INSERT INTO nhankhau VALUES ('NK00000698','Vũ Ngọc Lan','2010-07-14','Nữ','Bắc Giang','Tin Lành','Ba Na','066513587243','HK00000248','Thợ hàn');
INSERT INTO nhankhau VALUES ('NK00000699','Đỗ Hữu Nam','1990-04-06','Nam','Thái Nguyên','Công giáo','Thái','030758437418','HK00000083','Nhân viên văn phòng');
INSERT INTO nhankhau VALUES ('NK00000700','Huỳnh Mai Châu','1970-06-16','Nữ','Lạng Sơn','Công giáo','Cơ Ho','036675107536','HK00000217','Nhân viên văn phòng');
INSERT INTO nhankhau VALUES ('NK00000701','Nguyễn Mỹ Ngân','1954-09-25','Nữ','Quảng Ninh','Phật giáo','Cơ Ho','085585002523','HK00000299','Thợ hàn');
INSERT INTO nhankhau VALUES ('NK00000702','Đào Đức Sơn','1978-01-06','Nam','Vĩnh Phúc','Không','Ê Đê','088736744849','HK00000206','Công an');
INSERT INTO nhankhau VALUES ('NK00000703','Hà Kiều Hằng','1956-05-02','Nữ','Cần Thơ','Không','Sán Chay','019502055538','HK00000199','Học sinh');
INSERT INTO nhankhau VALUES ('NK00000704','Đinh Thúy Quyên','1947-04-29','Nữ','Ninh Bình','Phật giáo','Chăm','042288658553','HK00000082','Đầu bếp');
INSERT INTO nhankhau VALUES ('NK00000705','Lâm Ngọc Quỳnh','2010-10-25','Nữ','Hà Nội','Hòa Hảo','Sán Chay','055232652594','HK00000184','Hưu trí');
INSERT INTO nhankhau VALUES ('NK00000706','Quách Phương Ngân','2012-12-18','Nữ','Cần Thơ','Cao Đài','Ba Na','079003927053','HK00000024','Cán bộ nhà nước');
INSERT INTO nhankhau VALUES ('NK00000707','Nguyễn Tuấn Hưng','1956-04-17','Nam','Nam Định','Hòa Hảo','Mường','037897685689','HK00000053','Hưu trí');
INSERT INTO nhankhau VALUES ('NK00000708','Lý Khắc Giang','1985-02-07','Nam','TP. Hồ Chí Minh','Tin Lành','Kinh','087215065101','HK00000107','Lập trình viên');
INSERT INTO nhankhau VALUES ('NK00000709','Lê Ánh Quỳnh','1945-06-26','Nữ','Quảng Ninh','Hòa Hảo','Tày','095900380698','HK00000189','Thợ mộc');
INSERT INTO nhankhau VALUES ('NK00000710','Mai Tú Hà','1963-04-24','Nữ','Nam Định','Phật giáo','Hmông','036824302891','HK00000256','Kế toán');
INSERT INTO nhankhau VALUES ('NK00000711','Võ Hoài Yến','2001-08-15','Nữ','Nam Định','Công giáo','Gia Rai','027217276857','HK00000259','Đầu bếp');
INSERT INTO nhankhau VALUES ('NK00000712','Bùi Quốc Kiên','2003-08-25','Nam','Vĩnh Phúc','Không','Cơ Ho','009763286915','HK00000043','Kế toán');
INSERT INTO nhankhau VALUES ('NK00000713','Ngô Tất Thọ','1965-10-20','Nam','Đà Nẵng','Cao Đài','Ba Na','087625939707','HK00000194','Nhân viên ngân hàng');
INSERT INTO nhankhau VALUES ('NK00000714','Đỗ Hùng Hải','1967-12-15','Nam','TP. Hồ Chí Minh','Phật giáo','Ba Na','049988377782','HK00000130','Học sinh');
INSERT INTO nhankhau VALUES ('NK00000715','Hà Văn Mạnh','1966-12-27','Nam','Hà Nội','Công giáo','Ê Đê','054029455970','HK00000059','Lái xe');
INSERT INTO nhankhau VALUES ('NK00000716','Cao Trung Xuân','1996-05-22','Nam','Vĩnh Phúc','Cao Đài','Kinh','076838546636','HK00000028','Thợ may');
INSERT INTO nhankhau VALUES ('NK00000717','Tô Thành Quang','1952-05-04','Nam','Hà Nội','Phật giáo','Mường','043473726762','HK00000144','Bộ đội');
INSERT INTO nhankhau VALUES ('NK00000718','Đỗ Nhật Tài','1981-08-16','Nam','Cần Thơ','Hòa Hảo','Mường','064061373917','HK00000061','Sinh viên');
INSERT INTO nhankhau VALUES ('NK00000719','Mai Đình Tuấn','1967-12-20','Nam','Thanh Hóa','Không','Cơ Ho','078437064126','HK00000058','Thất nghiệp');
INSERT INTO nhankhau VALUES ('NK00000720','Võ Bích Linh','1968-10-18','Nữ','Bắc Giang','Không','Ê Đê','015212233692','HK00000174','Lái xe');
INSERT INTO nhankhau VALUES ('NK00000721','Phan Hồng Loan','2006-07-11','Nữ','Quảng Ninh','Cao Đài','Cơ Ho','015562236463','HK00000028','Thợ hàn');
INSERT INTO nhankhau VALUES ('NK00000722','Đỗ Hoài Nhi','2003-04-16','Nữ','Nam Định','Công giáo','Tày','044694167603','HK00000003','Thợ may');
INSERT INTO nhankhau VALUES ('NK00000723','Lý Lan Lam','1998-07-08','Nữ','Hải Dương','Cao Đài','Hmông','029971374143','HK00000229','Nhân viên văn phòng');
INSERT INTO nhankhau VALUES ('NK00000724','Phạm Anh Phong','1983-06-29','Nam','Nam Định','Phật giáo','Gia Rai','061374973898','HK00000015','Bộ đội');
INSERT INTO nhankhau VALUES ('NK00000725','Quách Kim Quỳnh','1952-07-13','Nữ','Lạng Sơn','Tin Lành','Mường','011623288552','HK00000143','Nông dân');
INSERT INTO nhankhau VALUES ('NK00000726','Nguyễn Thị Loan','2009-11-02','Nữ','TP. Hồ Chí Minh','Cao Đài','Tày','027802575271','HK00000167','Bộ đội');
INSERT INTO nhankhau VALUES ('NK00000727','Huỳnh Tất Hải','2013-04-20','Nam','Bắc Giang','Hòa Hảo','Thái','080967091435','HK00000184','Bộ đội');
INSERT INTO nhankhau VALUES ('NK00000728','Đặng Công Thọ','2012-09-16','Nam','Hải Phòng','Cao Đài','Kinh','057836616313','HK00000111','Giáo viên');
INSERT INTO nhankhau VALUES ('NK00000729','Lưu Văn Quang','1978-01-28','Nam','Cần Thơ','Cao Đài','Tày','060187725325','HK00000002','Thợ điện');
INSERT INTO nhankhau VALUES ('NK00000730','Tống Ánh Lan','2008-10-01','Nữ','Cần Thơ','Hòa Hảo','Tày','049381720617','HK00000114','Công nhân');
INSERT INTO nhankhau VALUES ('NK00000731','Lý Ánh Quỳnh','1964-03-24','Nữ','Hải Dương','Công giáo','Sán Chay','066972555189','HK00000194','Dược sĩ');
INSERT INTO nhankhau VALUES ('NK00000732','Cao Thùy Bích','1953-08-13','Nữ','Ninh Bình','Không','Khmer','093260548729','HK00000143','Nhân viên văn phòng');
INSERT INTO nhankhau VALUES ('NK00000733','Ngô Phương Trâm','2000-03-23','Nữ','Hải Dương','Tin Lành','Ê Đê','039177747914','HK00000109','Buôn bán tự do');
INSERT INTO nhankhau VALUES ('NK00000734','Vương Thành Kiên','1992-03-08','Nam','Nam Định','Cao Đài','Cơ Ho','001266695419','HK00000108','Nông dân');
INSERT INTO nhankhau VALUES ('NK00000735','Dương Minh Khải','1948-10-03','Nam','Quảng Ninh','Hòa Hảo','Tày','040622600642','HK00000040','Bác sĩ');
INSERT INTO nhankhau VALUES ('NK00000736','Hồ Hùng Thắng','1995-02-13','Nam','Nam Định','Tin Lành','Dao','043520523653','HK00000183','Nhân viên ngân hàng');
INSERT INTO nhankhau VALUES ('NK00000737','Hoàng Trung Cường','1946-11-27','Nam','TP. Hồ Chí Minh','Cao Đài','Nùng','003538502200','HK00000091','Nội trợ');
INSERT INTO nhankhau VALUES ('NK00000738','Võ Văn Kiên','1959-10-11','Nam','Hà Nội','Không','Khmer','091738065354','HK00000026','Học sinh');
INSERT INTO nhankhau VALUES ('NK00000739','Cao Thanh Quyên','1961-10-03','Nữ','Hải Dương','Cao Đài','Dao','068652515834','HK00000269','Bác sĩ');
INSERT INTO nhankhau VALUES ('NK00000740','Lưu Anh Bình','1982-11-17','Nam','TP. Hồ Chí Minh','Tin Lành','Mường','047420423961','HK00000218','Cán bộ nhà nước');
INSERT INTO nhankhau VALUES ('NK00000741','Hoàng Tuấn Nam','2011-04-11','Nam','Ninh Bình','Cao Đài','Tày','001892000715','HK00000293','Kỹ sư xây dựng');
INSERT INTO nhankhau VALUES ('NK00000742','Cao Ngọc Linh','1964-01-20','Nữ','Hải Dương','Công giáo','Hmông','069492600655','HK00000167','Hưu trí');
INSERT INTO nhankhau VALUES ('NK00000743','Lưu Phương Oanh','2003-08-25','Nữ','Thái Nguyên','Công giáo','Kinh','047041425242','HK00000104','Đầu bếp');
INSERT INTO nhankhau VALUES ('NK00000744','Trịnh Công Linh','1980-01-10','Nam','Cần Thơ','Công giáo','Khmer','073480348342','HK00000268','Đầu bếp');
INSERT INTO nhankhau VALUES ('NK00000745','Tạ Đức Bình','1975-05-29','Nam','TP. Hồ Chí Minh','Không','Mường','014919592201','HK00000123','Luật sư');
INSERT INTO nhankhau VALUES ('NK00000746','Đinh Ngọc Nhi','1981-10-05','Nữ','Quảng Ninh','Không','Tày','026741986981','HK00000162','Công an');
INSERT INTO nhankhau VALUES ('NK00000747','Phạm Thanh Diệp','1970-04-28','Nữ','Hải Dương','Tin Lành','Tày','055551842512','HK00000132','Kế toán');
INSERT INTO nhankhau VALUES ('NK00000748','Cao Công Bình','2004-12-22','Nam','Cần Thơ','Tin Lành','Kinh','024862837142','HK00000156','Thợ mộc');
INSERT INTO nhankhau VALUES ('NK00000749','Tạ Hoài Linh','1990-05-04','Nữ','Hải Dương','Phật giáo','Kinh','054878705623','HK00000293','Đầu bếp');
INSERT INTO nhankhau VALUES ('NK00000750','Huỳnh Mai Vân','1951-05-08','Nữ','Hải Dương','Hòa Hảo','Sán Chay','090481226111','HK00000162','Nội trợ');
INSERT INTO nhankhau VALUES ('NK00000751','Dương Minh Khoa','1975-05-11','Nam','Bắc Ninh','Phật giáo','Ê Đê','089822996751','HK00000168','Nhân viên văn phòng');
INSERT INTO nhankhau VALUES ('NK00000752','Lê Tuấn Quang','1967-03-04','Nam','Quảng Ninh','Phật giáo','Khmer','003135155942','HK00000279','Thất nghiệp');
INSERT INTO nhankhau VALUES ('NK00000753','Hà Mỹ Quyên','1952-07-13','Nữ','TP. Hồ Chí Minh','Tin Lành','Ba Na','079078907809','HK00000113','Thợ xây');
INSERT INTO nhankhau VALUES ('NK00000754','Ngô Xuân Duy','1952-02-08','Nam','Vĩnh Phúc','Công giáo','Nùng','072895588976','HK00000041','Bộ đội');
INSERT INTO nhankhau VALUES ('NK00000755','Tô Hoài Bích','1981-02-25','Nữ','Thanh Hóa','Phật giáo','Dao','021773790908','HK00000220','Công nhân');
INSERT INTO nhankhau VALUES ('NK00000756','Quách Thùy Hà','1953-11-01','Nữ','Hà Nội','Cao Đài','Nùng','071944954381','HK00000288','Bác sĩ');
INSERT INTO nhankhau VALUES ('NK00000757','Lưu Hùng Khánh','1955-04-05','Nam','Hải Phòng','Phật giáo','Mường','018852006693','HK00000080','Bác sĩ');
INSERT INTO nhankhau VALUES ('NK00000758','Bùi Gia Phong','1988-04-02','Nam','Hà Nội','Hòa Hảo','Thái','095848016863','HK00000264','Thợ xây');
INSERT INTO nhankhau VALUES ('NK00000759','Võ Mỹ Bích','2000-05-30','Nữ','Thanh Hóa','Hòa Hảo','Mường','090125670172','HK00000011','Lái xe');
INSERT INTO nhankhau VALUES ('NK00000760','Dương Phương Nhi','1987-05-07','Nữ','Vĩnh Phúc','Hòa Hảo','Tày','059400331766','HK00000232','Nhân viên ngân hàng');
INSERT INTO nhankhau VALUES ('NK00000761','Lâm Nhật An','1957-04-11','Nam','Cần Thơ','Phật giáo','Cơ Ho','055818818352','HK00000019','Nội trợ');
INSERT INTO nhankhau VALUES ('NK00000762','Ngô Trung Linh','1974-03-11','Nam','TP. Hồ Chí Minh','Công giáo','Ê Đê','024485960545','HK00000115','Y tá');
INSERT INTO nhankhau VALUES ('NK00000763','Lâm Ngọc Tuấn','1971-01-01','Nam','Lạng Sơn','Cao Đài','Cơ Ho','011687845895','HK00000258','Nhân viên văn phòng');
INSERT INTO nhankhau VALUES ('NK00000764','Hồ Công Bình','1954-04-21','Nam','Lạng Sơn','Phật giáo','Tày','095028081156','HK00000037','Kỹ sư xây dựng');
INSERT INTO nhankhau VALUES ('NK00000765','Trịnh Nhật Khoa','1949-01-15','Nam','Hà Nội','Phật giáo','Tày','063048421134','HK00000283','Buôn bán tự do');
INSERT INTO nhankhau VALUES ('NK00000766','Nguyễn Hùng Khải','1980-09-05','Nam','Hải Dương','Hòa Hảo','Thái','008107449356','HK00000152','Thợ mộc');
INSERT INTO nhankhau VALUES ('NK00000767','Hà Nhật Vinh','1997-10-07','Nam','Bắc Giang','Công giáo','Tày','035492159278','HK00000084','Kỹ sư phần mềm');
INSERT INTO nhankhau VALUES ('NK00000768','Hồ Hữu Duy','1992-11-22','Nam','Lạng Sơn','Phật giáo','Chăm','076629093792','HK00000101','Kỹ sư xây dựng');
INSERT INTO nhankhau VALUES ('NK00000769','Trịnh Hùng Xuân','1983-08-03','Nam','Vĩnh Phúc','Cao Đài','Gia Rai','054288929447','HK00000031','Kỹ sư phần mềm');
INSERT INTO nhankhau VALUES ('NK00000770','Đặng Viết Quân','1983-02-16','Nam','Hải Phòng','Không','Khmer','084495158373','HK00000292','Y tá');
INSERT INTO nhankhau VALUES ('NK00000771','Phạm Lan Uyên','1965-12-22','Nữ','Ninh Bình','Cao Đài','Kinh','064558412815','HK00000108','Nhân viên ngân hàng');
INSERT INTO nhankhau VALUES ('NK00000772','Tống Công Cường','2014-08-26','Nam','Quảng Ninh','Phật giáo','Gia Rai','054179609582','HK00000090','Nông dân');
INSERT INTO nhankhau VALUES ('NK00000773','Dương Ngọc Đạt','1977-02-02','Nam','Nam Định','Không','Cơ Ho','017127361631','HK00000264','Bác sĩ');
INSERT INTO nhankhau VALUES ('NK00000774','Đoàn Lan Nhi','1995-05-06','Nữ','Đà Nẵng','Hòa Hảo','Cơ Ho','054024554702','HK00000051','Nhân viên văn phòng');
INSERT INTO nhankhau VALUES ('NK00000775','Trần Diệu Hà','1998-11-29','Nữ','TP. Hồ Chí Minh','Không','Sán Chay','094048509345','HK00000234','Bảo vệ');
INSERT INTO nhankhau VALUES ('NK00000776','Đoàn Diệu Trang','1968-10-30','Nữ','TP. Hồ Chí Minh','Phật giáo','Gia Rai','002761753452','HK00000047','Học sinh');
INSERT INTO nhankhau VALUES ('NK00000777','Cao Bá Quang','1949-01-26','Nam','Hà Nội','Tin Lành','Khmer','007850823323','HK00000060','Lái xe');
INSERT INTO nhankhau VALUES ('NK00000778','Lưu Thùy Hằng','1977-10-31','Nữ','Hải Phòng','Không','Ba Na','080703606300','HK00000025','Đầu bếp');
INSERT INTO nhankhau VALUES ('NK00000779','Đinh Thùy Trang','1981-04-16','Nữ','Hà Nội','Cao Đài','Ê Đê','065330173990','HK00000252','Thợ điện');
INSERT INTO nhankhau VALUES ('NK00000780','Đào Kim Ánh','2004-09-15','Nữ','Hà Nội','Tin Lành','Hmông','066917078905','HK00000068','Bộ đội');
INSERT INTO nhankhau VALUES ('NK00000781','Nguyễn Mỹ Oanh','2001-03-06','Nữ','Cần Thơ','Hòa Hảo','Xơ Đăng','040006679919','HK00000085','Thợ may');
INSERT INTO nhankhau VALUES ('NK00000782','Đinh Thúy Thảo','1963-12-01','Nữ','Hải Phòng','Hòa Hảo','Dao','000809482027','HK00000015','Thợ may');
INSERT INTO nhankhau VALUES ('NK00000783','Quách Phương Thảo','1997-12-11','Nữ','Quảng Ninh','Phật giáo','Nùng','071281859775','HK00000038','Bác sĩ');
INSERT INTO nhankhau VALUES ('NK00000784','Lưu Hoài Hằng','2006-06-29','Nữ','Đà Nẵng','Không','Cơ Ho','055688020398','HK00000050','Hưu trí');
INSERT INTO nhankhau VALUES ('NK00000785','Huỳnh Tất Sơn','1970-11-21','Nam','Ninh Bình','Tin Lành','Khmer','070826479548','HK00000239','Y tá');
INSERT INTO nhankhau VALUES ('NK00000786','Đoàn Hồng Lan','1999-06-25','Nữ','Nam Định','Tin Lành','Hmông','082880409756','HK00000071','Thợ xây');
INSERT INTO nhankhau VALUES ('NK00000787','Bùi Bích Thư','1995-06-24','Nữ','Quảng Ninh','Hòa Hảo','Gia Rai','060605643944','HK00000115','Nội trợ');
INSERT INTO nhankhau VALUES ('NK00000788','Đoàn Trung Tuấn','1981-07-19','Nam','TP. Hồ Chí Minh','Không','Kinh','080140097979','HK00000150','Kỹ sư xây dựng');
INSERT INTO nhankhau VALUES ('NK00000789','Lưu Thanh Vân','1951-12-09','Nữ','Bắc Giang','Cao Đài','Tày','063380546296','HK00000255','Cán bộ nhà nước');
INSERT INTO nhankhau VALUES ('NK00000790','Hoàng Lan Dung','1953-02-24','Nữ','Vĩnh Phúc','Tin Lành','Thái','022544840452','HK00000261','Bác sĩ');
INSERT INTO nhankhau VALUES ('NK00000791','Hoàng Viết Duy','1989-03-30','Nam','Hải Phòng','Tin Lành','Ba Na','080937871044','HK00000196','Bảo vệ');
INSERT INTO nhankhau VALUES ('NK00000792','Dương Tất Phong','1996-10-09','Nam','Hải Phòng','Công giáo','Ba Na','091929081727','HK00000263','Bộ đội');
INSERT INTO nhankhau VALUES ('NK00000793','Đoàn Thùy Hằng','1989-11-14','Nữ','Quảng Ninh','Công giáo','Thái','031921004916','HK00000286','Thất nghiệp');
INSERT INTO nhankhau VALUES ('NK00000794','Mai Tuấn Phong','1998-01-31','Nam','Cần Thơ','Không','Chăm','017646828775','HK00000273','Thợ may');
INSERT INTO nhankhau VALUES ('NK00000795','Đào Hữu Sơn','2005-05-28','Nam','Thanh Hóa','Công giáo','Nùng','089603577642','HK00000140','Buôn bán tự do');
INSERT INTO nhankhau VALUES ('NK00000796','Đặng Tất Thắng','1970-04-25','Nam','Vĩnh Phúc','Không','Hmông','094393010973','HK00000079','Y tá');
INSERT INTO nhankhau VALUES ('NK00000797','Đào Thanh Quỳnh','1979-01-06','Nữ','Bắc Ninh','Cao Đài','Nùng','091144502868','HK00000131','Bộ đội');
INSERT INTO nhankhau VALUES ('NK00000798','Mai Mai Ngân','1950-08-02','Nữ','Thanh Hóa','Tin Lành','Sán Chay','065407119248','HK00000174','Kỹ sư phần mềm');
INSERT INTO nhankhau VALUES ('NK00000799','Đinh Xuân Bảo','1953-06-09','Nam','Bắc Giang','Không','Hmông','016925172513','HK00000250','Lái xe');
INSERT INTO nhankhau VALUES ('NK00000800','Tạ Bá Khải','1977-09-06','Nam','TP. Hồ Chí Minh','Cao Đài','Ba Na','048882136230','HK00000150','Giáo viên');
INSERT INTO nhankhau VALUES ('NK00000801','Hồ Mai Chi','1972-08-30','Nữ','TP. Hồ Chí Minh','Không','Kinh','034158225314','HK00000150','Thợ may');
INSERT INTO nhankhau VALUES ('NK00000802','Tạ Hoài Ánh','1975-06-28','Nữ','Bắc Ninh','Cao Đài','Tày','014036503710','HK00000283','Lái xe');
INSERT INTO nhankhau VALUES ('NK00000803','Đoàn Khắc Hải','1950-02-01','Nam','Nam Định','Tin Lành','Kinh','096465529186','HK00000212','Nội trợ');
INSERT INTO nhankhau VALUES ('NK00000804','Tô Diệu Trâm','1978-01-21','Nữ','Quảng Ninh','Tin Lành','Dao','075681679760','HK00000173','Học sinh');
INSERT INTO nhankhau VALUES ('NK00000805','Lưu Hồng Ngân','1951-04-11','Nữ','Hải Phòng','Hòa Hảo','Ê Đê','066652533280','HK00000193','Giáo viên');
INSERT INTO nhankhau VALUES ('NK00000806','Lâm Hữu Khoa','1966-01-26','Nam','TP. Hồ Chí Minh','Hòa Hảo','Gia Rai','032959045056','HK00000194','Luật sư');
INSERT INTO nhankhau VALUES ('NK00000807','Nguyễn Xuân Quang','1974-10-15','Nam','Hải Dương','Phật giáo','Hmông','069866132485','HK00000275','Đầu bếp');
INSERT INTO nhankhau VALUES ('NK00000808','Đỗ Lan Thảo','1987-04-08','Nữ','Quảng Ninh','Hòa Hảo','Gia Rai','030084636138','HK00000056','Thất nghiệp');
INSERT INTO nhankhau VALUES ('NK00000809','Tô Trung Tài','1957-11-12','Nam','Quảng Ninh','Công giáo','Thái','096915358880','HK00000095','Bảo vệ');
INSERT INTO nhankhau VALUES ('NK00000810','Phạm Công Khánh','1953-10-29','Nam','Thanh Hóa','Phật giáo','Ba Na','044410803416','HK00000099','Bảo vệ');
INSERT INTO nhankhau VALUES ('NK00000811','Ngô Thị Trâm','2010-01-18','Nữ','Thanh Hóa','Hòa Hảo','Kinh','092542563331','HK00000193','Hưu trí');
INSERT INTO nhankhau VALUES ('NK00000812','Lưu Thùy Lam','1988-09-01','Nữ','Thái Nguyên','Công giáo','Ba Na','053528883416','HK00000025','Dược sĩ');
INSERT INTO nhankhau VALUES ('NK00000813','Cao Tuấn Quang','1982-07-10','Nam','Cần Thơ','Cao Đài','Tày','093286203204','HK00000243','Nhân viên ngân hàng');
INSERT INTO nhankhau VALUES ('NK00000814','Dương Thành Nam','2006-06-23','Nam','TP. Hồ Chí Minh','Công giáo','Ê Đê','007878295910','HK00000200','Kế toán');
INSERT INTO nhankhau VALUES ('NK00000815','Hà Viết Mạnh','1981-04-11','Nam','Hải Dương','Tin Lành','Cơ Ho','025074641736','HK00000028','Sinh viên');
INSERT INTO nhankhau VALUES ('NK00000816','Lê Hữu Kiên','1977-04-10','Nam','Ninh Bình','Không','Hmông','001407854209','HK00000063','Kế toán');
INSERT INTO nhankhau VALUES ('NK00000817','Hà Minh Phúc','1963-05-18','Nam','Bắc Ninh','Phật giáo','Dao','085825186169','HK00000137','Thợ điện');
INSERT INTO nhankhau VALUES ('NK00000818','Tô Thu Linh','1985-06-19','Nữ','Thái Nguyên','Công giáo','Dao','055937882691','HK00000122','Thợ mộc');
INSERT INTO nhankhau VALUES ('NK00000819','Quách Hùng Hải','1994-10-26','Nam','Thái Nguyên','Hòa Hảo','Sán Chay','066470512110','HK00000111','Thợ hàn');
INSERT INTO nhankhau VALUES ('NK00000820','Lưu Phương Loan','1976-07-07','Nữ','Nam Định','Cao Đài','Dao','061771573251','HK00000034','Kỹ sư phần mềm');
INSERT INTO nhankhau VALUES ('NK00000821','Nguyễn Thùy Loan','1958-12-15','Nữ','Vĩnh Phúc','Tin Lành','Hmông','054485747134','HK00000157','Công nhân');
INSERT INTO nhankhau VALUES ('NK00000822','Lâm Gia Vinh','1972-02-03','Nam','Nam Định','Cao Đài','Tày','059292256834','HK00000179','Đầu bếp');
INSERT INTO nhankhau VALUES ('NK00000823','Tô Viết Xuân','1955-09-26','Nam','Bắc Giang','Tin Lành','Kinh','083098280711','HK00000038','Kỹ sư phần mềm');
INSERT INTO nhankhau VALUES ('NK00000824','Bùi Tất Giang','1992-05-14','Nam','Lạng Sơn','Cao Đài','Xơ Đăng','097293164428','HK00000131','Lái xe');
INSERT INTO nhankhau VALUES ('NK00000825','Đoàn Ngọc Duy','1973-03-05','Nam','Hải Dương','Tin Lành','Tày','028504856333','HK00000202','Giáo viên');
INSERT INTO nhankhau VALUES ('NK00000826','Vũ Ánh Trang','1994-09-29','Nữ','Vĩnh Phúc','Phật giáo','Tày','023539031658','HK00000168','Nội trợ');
INSERT INTO nhankhau VALUES ('NK00000827','Tống Phương Trâm','1961-12-19','Nữ','Cần Thơ','Tin Lành','Hmông','024839831597','HK00000138','Lập trình viên');
INSERT INTO nhankhau VALUES ('NK00000828','Phan Tuấn Khải','1998-09-01','Nam','Hải Dương','Phật giáo','Mường','009997164141','HK00000235','Giáo viên');
INSERT INTO nhankhau VALUES ('NK00000829','Trần Viết Đạt','1992-07-20','Nam','Quảng Ninh','Không','Ê Đê','095817321123','HK00000043','Nông dân');
INSERT INTO nhankhau VALUES ('NK00000830','Đỗ Thành Lộc','1975-09-29','Nam','Ninh Bình','Tin Lành','Xơ Đăng','048624870546','HK00000128','Kỹ sư xây dựng');
INSERT INTO nhankhau VALUES ('NK00000831','Trịnh Thành Bảo','1961-05-31','Nam','Bắc Giang','Phật giáo','Cơ Ho','096850536297','HK00000283','Y tá');
INSERT INTO nhankhau VALUES ('NK00000832','Tạ Hữu Duy','1977-07-16','Nam','Hải Phòng','Cao Đài','Gia Rai','083712883329','HK00000236','Y tá');
INSERT INTO nhankhau VALUES ('NK00000833','Đoàn Diệu Hằng','1945-06-12','Nữ','Nam Định','Tin Lành','Khmer','070648919122','HK00000192','Cán bộ nhà nước');
INSERT INTO nhankhau VALUES ('NK00000834','Đoàn Hữu Long','1991-01-20','Nam','Cần Thơ','Hòa Hảo','Cơ Ho','098279469063','HK00000177','Lái xe');
INSERT INTO nhankhau VALUES ('NK00000835','Mai Phương Trâm','1999-05-22','Nữ','Vĩnh Phúc','Cao Đài','Xơ Đăng','043101347954','HK00000284','Nhân viên văn phòng');
INSERT INTO nhankhau VALUES ('NK00000836','Trần Kiều Oanh','1993-10-09','Nữ','Thanh Hóa','Tin Lành','Mường','093380905971','HK00000126','Nhân viên ngân hàng');
INSERT INTO nhankhau VALUES ('NK00000837','Huỳnh Minh Dũng','1972-03-14','Nam','Đà Nẵng','Phật giáo','Tày','065244827457','HK00000186','Y tá');
INSERT INTO nhankhau VALUES ('NK00000838','Đoàn Nhật Khoa','2007-01-19','Nam','Thanh Hóa','Cao Đài','Khmer','061134689668','HK00000191','Bác sĩ');
INSERT INTO nhankhau VALUES ('NK00000839','Vương Thành Sơn','1961-01-06','Nam','Hải Phòng','Công giáo','Khmer','012721017281','HK00000093','Nội trợ');
INSERT INTO nhankhau VALUES ('NK00000840','Cao Trung Long','1980-11-03','Nam','TP. Hồ Chí Minh','Hòa Hảo','Chăm','051815163883','HK00000234','Giáo viên');
INSERT INTO nhankhau VALUES ('NK00000841','Hoàng Hoài Lan','1949-04-25','Nữ','Lạng Sơn','Hòa Hảo','Nùng','026393428507','HK00000155','Luật sư');
INSERT INTO nhankhau VALUES ('NK00000842','Tống Kim Ngân','2005-08-28','Nữ','Hà Nội','Cao Đài','Xơ Đăng','062200883400','HK00000111','Kỹ sư phần mềm');
INSERT INTO nhankhau VALUES ('NK00000843','Huỳnh Ngọc Lan','1970-08-09','Nữ','TP. Hồ Chí Minh','Công giáo','Thái','069174063730','HK00000285','Y tá');
INSERT INTO nhankhau VALUES ('NK00000844','Lý Tú Uyên','1983-08-05','Nữ','Hà Nội','Tin Lành','Gia Rai','016770056700','HK00000222','Dược sĩ');
INSERT INTO nhankhau VALUES ('NK00000845','Tô Phương Hà','1987-01-13','Nữ','Bắc Ninh','Không','Kinh','071665089534','HK00000284','Sinh viên');
INSERT INTO nhankhau VALUES ('NK00000846','Võ Tuyết Oanh','1982-03-08','Nữ','Hải Dương','Hòa Hảo','Cơ Ho','050655279323','HK00000019','Luật sư');
INSERT INTO nhankhau VALUES ('NK00000847','Đoàn Nhật Tài','2002-05-12','Nam','Hà Nội','Phật giáo','Gia Rai','022299262333','HK00000211','Nhân viên ngân hàng');
INSERT INTO nhankhau VALUES ('NK00000848','Võ Minh Xuân','1976-01-09','Nam','Hà Nội','Không','Tày','019553169039','HK00000058','Lái xe');
INSERT INTO nhankhau VALUES ('NK00000849','Đoàn Ngọc Bích','1987-09-28','Nữ','Quảng Ninh','Công giáo','Gia Rai','091780253649','HK00000068','Kế toán');
INSERT INTO nhankhau VALUES ('NK00000850','Đặng Hồng Nhi','1964-06-27','Nữ','Lạng Sơn','Công giáo','Mường','024012093476','HK00000011','Kỹ sư xây dựng');
INSERT INTO nhankhau VALUES ('NK00000851','Nguyễn Xuân Giang','1949-11-10','Nam','Nam Định','Không','Tày','067666163449','HK00000152','Nhân viên văn phòng');
INSERT INTO nhankhau VALUES ('NK00000852','Mai Tú Hằng','1966-02-13','Nữ','Quảng Ninh','Công giáo','Sán Chay','093452996444','HK00000120','Thợ điện');
INSERT INTO nhankhau VALUES ('NK00000853','Trịnh Diệu Lam','1945-10-19','Nữ','Bắc Giang','Phật giáo','Gia Rai','077711999170','HK00000089','Thợ may');
INSERT INTO nhankhau VALUES ('NK00000854','Lưu Thùy Trâm','1948-01-03','Nữ','TP. Hồ Chí Minh','Công giáo','Kinh','070191406180','HK00000165','Thợ mộc');
INSERT INTO nhankhau VALUES ('NK00000855','Võ Tuyết Trang','1972-10-20','Nữ','Hải Phòng','Phật giáo','Ê Đê','073310769486','HK00000257','Thợ điện');
INSERT INTO nhankhau VALUES ('NK00000856','Lưu Thanh Quyên','1989-02-11','Nữ','TP. Hồ Chí Minh','Công giáo','Ê Đê','068379574670','HK00000127','Sinh viên');
INSERT INTO nhankhau VALUES ('NK00000857','Trịnh Phương Vân','1992-10-13','Nữ','Vĩnh Phúc','Công giáo','Cơ Ho','096467784555','HK00000159','Luật sư');
INSERT INTO nhankhau VALUES ('NK00000858','Đặng Nhật Tài','1983-08-01','Nam','Ninh Bình','Công giáo','Nùng','015232669602','HK00000280','Nhân viên văn phòng');
INSERT INTO nhankhau VALUES ('NK00000859','Nguyễn Đức Linh','1958-03-03','Nam','Đà Nẵng','Không','Nùng','029941246818','HK00000200','Giáo viên');
INSERT INTO nhankhau VALUES ('NK00000860','Đào Thành Tài','1982-01-11','Nam','Hải Dương','Cao Đài','Sán Chay','075961301289','HK00000061','Sinh viên');
INSERT INTO nhankhau VALUES ('NK00000861','Đoàn Lan Loan','1970-05-04','Nữ','Đà Nẵng','Không','Hmông','086801188673','HK00000277','Thợ may');
INSERT INTO nhankhau VALUES ('NK00000862','Trịnh Hồng Xuân','2002-04-16','Nữ','Hải Dương','Công giáo','Tày','085464129513','HK00000109','Giáo viên');
INSERT INTO nhankhau VALUES ('NK00000863','Nguyễn Lan Quỳnh','1951-08-18','Nữ','Thái Nguyên','Không','Hmông','034200631193','HK00000069','Giáo viên');
INSERT INTO nhankhau VALUES ('NK00000864','Tô Tất Bình','1971-12-10','Nam','Hà Nội','Cao Đài','Gia Rai','068498492371','HK00000099','Lái xe');
INSERT INTO nhankhau VALUES ('NK00000865','Vũ Văn An','1969-04-21','Nam','Lạng Sơn','Không','Tày','061353574667','HK00000032','Đầu bếp');
INSERT INTO nhankhau VALUES ('NK00000866','Tống Kiều Trâm','2012-07-18','Nữ','Hà Nội','Cao Đài','Hmông','033714387020','HK00000190','Nhân viên văn phòng');
INSERT INTO nhankhau VALUES ('NK00000867','Quách Anh Thắng','2006-05-27','Nam','Lạng Sơn','Cao Đài','Xơ Đăng','069343991687','HK00000284','Dược sĩ');
INSERT INTO nhankhau VALUES ('NK00000868','Hồ Công Phúc','1974-05-06','Nam','Quảng Ninh','Phật giáo','Sán Chay','099530252408','HK00000276','Lái xe');
INSERT INTO nhankhau VALUES ('NK00000869','Lâm Thu An','1976-01-06','Nữ','Thái Nguyên','Cao Đài','Gia Rai','061384355966','HK00000123','Luật sư');
INSERT INTO nhankhau VALUES ('NK00000870','Vương Thùy Dung','1992-07-07','Nữ','Ninh Bình','Không','Hmông','013346151119','HK00000196','Nông dân');
INSERT INTO nhankhau VALUES ('NK00000871','Lý Tuấn Vinh','2003-06-01','Nam','Lạng Sơn','Hòa Hảo','Cơ Ho','038634379958','HK00000108','Thợ hàn');
INSERT INTO nhankhau VALUES ('NK00000872','Trần Tuyết Thảo','1965-07-22','Nữ','TP. Hồ Chí Minh','Phật giáo','Sán Chay','055706069809','HK00000174','Lập trình viên');
INSERT INTO nhankhau VALUES ('NK00000873','Phan Tuấn Vinh','1979-03-13','Nam','Thanh Hóa','Không','Xơ Đăng','016500644362','HK00000003','Y tá');
INSERT INTO nhankhau VALUES ('NK00000874','Đinh Anh Long','1957-04-02','Nam','Hà Nội','Tin Lành','Xơ Đăng','071454129965','HK00000106','Thợ hàn');
INSERT INTO nhankhau VALUES ('NK00000875','Đoàn Thanh Thư','1992-08-23','Nữ','TP. Hồ Chí Minh','Phật giáo','Chăm','088093267398','HK00000095','Bác sĩ');
INSERT INTO nhankhau VALUES ('NK00000876','Vũ Thanh Ngân','1958-10-01','Nữ','Nam Định','Cao Đài','Xơ Đăng','063673249874','HK00000252','Y tá');
INSERT INTO nhankhau VALUES ('NK00000877','Lâm Khắc Giang','1969-05-16','Nam','Hải Dương','Hòa Hảo','Ê Đê','094923813103','HK00000097','Giáo viên');
INSERT INTO nhankhau VALUES ('NK00000878','Hoàng Thanh Lam','1974-10-03','Nữ','Hải Phòng','Không','Ba Na','091700197156','HK00000074','Nhân viên ngân hàng');
INSERT INTO nhankhau VALUES ('NK00000879','Lâm Xuân Vinh','1962-02-26','Nam','Lạng Sơn','Không','Ba Na','070252250701','HK00000046','Kỹ sư phần mềm');
INSERT INTO nhankhau VALUES ('NK00000880','Phạm Hùng Duy','1977-08-02','Nam','Ninh Bình','Không','Tày','091912262948','HK00000228','Công nhân');
INSERT INTO nhankhau VALUES ('NK00000881','Vương Thanh Loan','2000-11-03','Nữ','Đà Nẵng','Tin Lành','Cơ Ho','016736226180','HK00000243','Kỹ sư xây dựng');
INSERT INTO nhankhau VALUES ('NK00000882','Trần Anh Quân','2005-02-02','Nam','Lạng Sơn','Hòa Hảo','Tày','069750532675','HK00000202','Nhân viên ngân hàng');
INSERT INTO nhankhau VALUES ('NK00000883','Quách Khắc Bình','1984-09-30','Nam','Bắc Ninh','Hòa Hảo','Xơ Đăng','023523436789','HK00000115','Thợ hàn');
INSERT INTO nhankhau VALUES ('NK00000884','Bùi Bích Oanh','2003-12-27','Nữ','Vĩnh Phúc','Hòa Hảo','Khmer','047389073383','HK00000133','Học sinh');
INSERT INTO nhankhau VALUES ('NK00000885','Nguyễn Phương Vân','1984-12-04','Nữ','Lạng Sơn','Công giáo','Xơ Đăng','027594027821','HK00000071','Hưu trí');
INSERT INTO nhankhau VALUES ('NK00000886','Trịnh Lan Uyên','1960-02-19','Nữ','Quảng Ninh','Phật giáo','Hmông','019909698404','HK00000067','Thợ điện');
INSERT INTO nhankhau VALUES ('NK00000887','Ngô Hùng Khoa','2013-07-25','Nam','Nam Định','Phật giáo','Thái','088736643375','HK00000234','Dược sĩ');
INSERT INTO nhankhau VALUES ('NK00000888','Lý Tuấn Dũng','2000-06-10','Nam','Cần Thơ','Phật giáo','Ê Đê','066456557936','HK00000042','Thợ mộc');
INSERT INTO nhankhau VALUES ('NK00000889','Dương Hồng Dung','1956-06-17','Nữ','Thái Nguyên','Cao Đài','Hmông','024063399960','HK00000192','Lập trình viên');
INSERT INTO nhankhau VALUES ('NK00000890','Đoàn Hoài Uyên','1963-03-26','Nữ','Vĩnh Phúc','Tin Lành','Xơ Đăng','090389141714','HK00000137','Hưu trí');
INSERT INTO nhankhau VALUES ('NK00000891','Đỗ Ngọc Lộc','1949-05-03','Nam','Lạng Sơn','Hòa Hảo','Tày','001831627086','HK00000182','Kỹ sư xây dựng');
INSERT INTO nhankhau VALUES ('NK00000892','Ngô Xuân Khoa','1986-07-13','Nam','Thanh Hóa','Phật giáo','Nùng','083305991232','HK00000114','Bác sĩ');
INSERT INTO nhankhau VALUES ('NK00000893','Mai Hương Thư','2005-10-07','Nữ','Thanh Hóa','Hòa Hảo','Hmông','024872490272','HK00000137','Nhân viên văn phòng');
INSERT INTO nhankhau VALUES ('NK00000894','Phan Công An','2002-07-10','Nam','Đà Nẵng','Cao Đài','Gia Rai','094484596154','HK00000252','Kế toán');
INSERT INTO nhankhau VALUES ('NK00000895','Đào Hồng Quyên','2007-02-06','Nữ','Cần Thơ','Không','Xơ Đăng','041922352609','HK00000176','Công an');
INSERT INTO nhankhau VALUES ('NK00000896','Tạ Tú Quỳnh','1976-02-08','Nữ','Đà Nẵng','Tin Lành','Ê Đê','009266832895','HK00000283','Nông dân');
INSERT INTO nhankhau VALUES ('NK00000897','Nguyễn Diệu Lam','2014-11-16','Nữ','Bắc Ninh','Hòa Hảo','Mường','007922411679','HK00000243','Bảo vệ');
INSERT INTO nhankhau VALUES ('NK00000898','Phan Hồng Trâm','1960-09-19','Nữ','Bắc Ninh','Không','Kinh','000388373194','HK00000161','Thợ mộc');
INSERT INTO nhankhau VALUES ('NK00000899','Đoàn Tất Quân','1993-08-07','Nam','Thanh Hóa','Tin Lành','Khmer','039459842206','HK00000237','Cán bộ nhà nước');
INSERT INTO nhankhau VALUES ('NK00000900','Lý Viết Hải','1950-11-14','Nam','Thanh Hóa','Hòa Hảo','Chăm','065582634310','HK00000158','Công an');
INSERT INTO nhankhau VALUES ('NK00000901','Bùi Thùy Trâm','1969-05-14','Nữ','Ninh Bình','Cao Đài','Mường','087841313581','HK00000057','Lập trình viên');
INSERT INTO nhankhau VALUES ('NK00000902','Mai Hồng Hà','2007-11-04','Nữ','Nam Định','Công giáo','Dao','057456717872','HK00000104','Kỹ sư xây dựng');
INSERT INTO nhankhau VALUES ('NK00000903','Đào Văn Vinh','1961-03-24','Nam','Bắc Giang','Phật giáo','Dao','063593929877','HK00000162','Nông dân');
INSERT INTO nhankhau VALUES ('NK00000904','Võ Hữu Khải','2004-03-17','Nam','TP. Hồ Chí Minh','Không','Nùng','066624997519','HK00000129','Dược sĩ');
INSERT INTO nhankhau VALUES ('NK00000905','Trịnh Phương Quỳnh','1969-08-07','Nữ','TP. Hồ Chí Minh','Tin Lành','Kinh','057721530305','HK00000174','Thợ điện');
INSERT INTO nhankhau VALUES ('NK00000906','Hoàng Thùy Ánh','1959-07-03','Nữ','Thanh Hóa','Công giáo','Ba Na','048772158966','HK00000155','Đầu bếp');
INSERT INTO nhankhau VALUES ('NK00000907','Trần Tuyết Nhung','1996-05-07','Nữ','Thái Nguyên','Cao Đài','Nùng','074977866756','HK00000114','Thợ may');
INSERT INTO nhankhau VALUES ('NK00000908','Dương Bích An','2000-05-10','Nữ','Vĩnh Phúc','Cao Đài','Tày','005017391128','HK00000296','Hưu trí');
INSERT INTO nhankhau VALUES ('NK00000909','Phan Đức Hưng','2004-02-08','Nam','Hà Nội','Không','Mường','080439689152','HK00000199','Đầu bếp');
INSERT INTO nhankhau VALUES ('NK00000910','Vũ Kim Lan','1974-10-23','Nữ','Vĩnh Phúc','Công giáo','Thái','084915611926','HK00000230','Thất nghiệp');
INSERT INTO nhankhau VALUES ('NK00000911','Lưu Bá Phong','2005-11-20','Nam','Bắc Ninh','Phật giáo','Kinh','096305565093','HK00000246','Lái xe');
INSERT INTO nhankhau VALUES ('NK00000912','Phạm Bích Yến','1979-07-13','Nữ','Thanh Hóa','Tin Lành','Mường','050466308846','HK00000283','Thất nghiệp');
INSERT INTO nhankhau VALUES ('NK00000913','Đinh Thùy Quỳnh','1993-07-08','Nữ','Hải Dương','Công giáo','Kinh','014218690465','HK00000078','Đầu bếp');
INSERT INTO nhankhau VALUES ('NK00000914','Đỗ Gia Tài','2011-09-15','Nam','Bắc Ninh','Cao Đài','Sán Chay','064089789110','HK00000175','Thất nghiệp');
INSERT INTO nhankhau VALUES ('NK00000915','Trần Hữu Đạt','1992-02-26','Nam','Thanh Hóa','Không','Dao','050585615550','HK00000250','Nhân viên văn phòng');
INSERT INTO nhankhau VALUES ('NK00000916','Đinh Ngọc Cường','1973-07-22','Nam','Đà Nẵng','Phật giáo','Xơ Đăng','041700747455','HK00000054','Thất nghiệp');
INSERT INTO nhankhau VALUES ('NK00000917','Đoàn Kim Quyên','1985-05-01','Nữ','Thái Nguyên','Hòa Hảo','Dao','006991755258','HK00000219','Dược sĩ');
INSERT INTO nhankhau VALUES ('NK00000918','Quách Ngọc Quyên','1988-09-08','Nữ','Hải Dương','Phật giáo','Kinh','049062066119','HK00000155','Bộ đội');
INSERT INTO nhankhau VALUES ('NK00000919','Lê Tuấn Lộc','2012-08-24','Nam','Bắc Ninh','Công giáo','Cơ Ho','000289123179','HK00000100','Công an');
INSERT INTO nhankhau VALUES ('NK00000920','Đặng Bá Giang','1958-07-26','Nam','Thái Nguyên','Công giáo','Mường','010194880416','HK00000263','Bộ đội');
INSERT INTO nhankhau VALUES ('NK00000921','Hoàng Đình Vinh','1987-06-27','Nam','Hải Dương','Không','Mường','018783365413','HK00000076','Học sinh');
INSERT INTO nhankhau VALUES ('NK00000922','Bùi Khắc Long','2013-08-17','Nam','Đà Nẵng','Cao Đài','Tày','042517831957','HK00000039','Nhân viên ngân hàng');
INSERT INTO nhankhau VALUES ('NK00000923','Tạ Kim Thư','2012-05-05','Nữ','Hải Phòng','Không','Khmer','038242148348','HK00000195','Nội trợ');
INSERT INTO nhankhau VALUES ('NK00000924','Lê Kim Diệp','1982-05-21','Nữ','Thanh Hóa','Tin Lành','Chăm','098907623066','HK00000158','Lập trình viên');
INSERT INTO nhankhau VALUES ('NK00000925','Quách Văn Bảo','1955-04-23','Nam','Đà Nẵng','Công giáo','Cơ Ho','037763002499','HK00000100','Thợ điện');
INSERT INTO nhankhau VALUES ('NK00000926','Phan Hoài Diệp','1955-11-07','Nữ','Bắc Ninh','Cao Đài','Sán Chay','036298146253','HK00000163','Học sinh');
INSERT INTO nhankhau VALUES ('NK00000927','Lê Hương Bích','1966-05-15','Nữ','Bắc Ninh','Phật giáo','Tày','030830678678','HK00000151','Thợ điện');
INSERT INTO nhankhau VALUES ('NK00000928','Vũ Thị Diệp','1992-02-27','Nữ','Bắc Ninh','Tin Lành','Kinh','063774870308','HK00000130','Nội trợ');
INSERT INTO nhankhau VALUES ('NK00000929','Ngô Thùy Quỳnh','2012-06-23','Nữ','Thanh Hóa','Công giáo','Hmông','082888605642','HK00000282','Hưu trí');
INSERT INTO nhankhau VALUES ('NK00000930','Tạ Mai An','1995-10-13','Nữ','Nam Định','Công giáo','Hmông','080908933331','HK00000230','Thợ may');
INSERT INTO nhankhau VALUES ('NK00000931','Nguyễn Viết Long','1993-05-03','Nam','TP. Hồ Chí Minh','Công giáo','Ba Na','052105944679','HK00000254','Công nhân');
INSERT INTO nhankhau VALUES ('NK00000932','Cao Quốc Khoa','1958-12-21','Nam','Nam Định','Không','Nùng','077755828953','HK00000189','Bác sĩ');
INSERT INTO nhankhau VALUES ('NK00000933','Lê Văn Duy','1950-04-05','Nam','Thanh Hóa','Cao Đài','Chăm','066441779043','HK00000265','Bộ đội');
INSERT INTO nhankhau VALUES ('NK00000934','Lâm Ngọc Kiên','1956-11-17','Nam','Lạng Sơn','Phật giáo','Sán Chay','019833598293','HK00000041','Buôn bán tự do');
INSERT INTO nhankhau VALUES ('NK00000935','Vũ Phương Trâm','2003-08-11','Nữ','Bắc Giang','Tin Lành','Ba Na','067174042559','HK00000138','Công nhân');
INSERT INTO nhankhau VALUES ('NK00000936','Đặng Tất Tài','2014-11-27','Nam','Vĩnh Phúc','Tin Lành','Dao','025704485377','HK00000238','Buôn bán tự do');
INSERT INTO nhankhau VALUES ('NK00000937','Lâm Hữu An','1946-04-01','Nam','Hải Dương','Không','Tày','038022048863','HK00000175','Nhân viên ngân hàng');
INSERT INTO nhankhau VALUES ('NK00000938','Tô Phương Lam','1970-11-29','Nữ','Bắc Giang','Hòa Hảo','Ba Na','005947703776','HK00000120','Thợ điện');
INSERT INTO nhankhau VALUES ('NK00000939','Tô Tú Chi','1990-12-26','Nữ','Hà Nội','Không','Ê Đê','013946218252','HK00000080','Kỹ sư phần mềm');
INSERT INTO nhankhau VALUES ('NK00000940','Đào Nhật Cường','1982-06-24','Nam','Bắc Ninh','Công giáo','Hmông','008539412193','HK00000023','Thợ hàn');
INSERT INTO nhankhau VALUES ('NK00000941','Quách Mai Nhi','1986-02-20','Nữ','Đà Nẵng','Tin Lành','Mường','053439994417','HK00000212','Kỹ sư phần mềm');
INSERT INTO nhankhau VALUES ('NK00000942','Lưu Quốc Tài','2005-12-06','Nam','Thanh Hóa','Hòa Hảo','Chăm','096805765906','HK00000014','Kỹ sư phần mềm');
INSERT INTO nhankhau VALUES ('NK00000943','Hà Anh Long','1966-12-08','Nam','Nam Định','Không','Tày','012742273808','HK00000092','Thợ mộc');
INSERT INTO nhankhau VALUES ('NK00000944','Đỗ Ngọc Linh','2013-10-17','Nữ','Thanh Hóa','Hòa Hảo','Ba Na','022879409506','HK00000271','Bảo vệ');
INSERT INTO nhankhau VALUES ('NK00000945','Dương Mai Nhi','2006-01-08','Nữ','Thái Nguyên','Không','Sán Chay','029155641188','HK00000214','Nhân viên ngân hàng');
INSERT INTO nhankhau VALUES ('NK00000946','Đặng Thu Quỳnh','1998-02-11','Nữ','Bắc Ninh','Tin Lành','Xơ Đăng','015407963669','HK00000206','Thất nghiệp');
INSERT INTO nhankhau VALUES ('NK00000947','Tạ Hoài Hà','1971-01-18','Nữ','Nam Định','Không','Mường','021394409209','HK00000085','Nội trợ');
INSERT INTO nhankhau VALUES ('NK00000948','Trịnh Hương Quyên','2010-02-02','Nữ','Bắc Ninh','Tin Lành','Nùng','086265110898','HK00000098','Hưu trí');
INSERT INTO nhankhau VALUES ('NK00000949','Vương Công Đạt','1950-05-27','Nam','Lạng Sơn','Công giáo','Ê Đê','047539682145','HK00000086','Thợ may');
INSERT INTO nhankhau VALUES ('NK00000950','Đoàn Văn Quang','1984-11-09','Nam','Vĩnh Phúc','Tin Lành','Xơ Đăng','099629260038','HK00000199','Nhân viên ngân hàng');
INSERT INTO nhankhau VALUES ('NK00000951','Đỗ Hữu Quân','1976-09-15','Nam','TP. Hồ Chí Minh','Phật giáo','Sán Chay','059129334332','HK00000114','Thợ xây');
INSERT INTO nhankhau VALUES ('NK00000952','Tống Thùy Nhung','2006-06-04','Nữ','Hà Nội','Không','Ê Đê','014428293220','HK00000191','Bảo vệ');
INSERT INTO nhankhau VALUES ('NK00000953','Tống Anh An','2013-03-29','Nam','Đà Nẵng','Phật giáo','Sán Chay','011118399011','HK00000077','Buôn bán tự do');
INSERT INTO nhankhau VALUES ('NK00000954','Dương Thu Thư','1992-11-30','Nữ','Hải Dương','Tin Lành','Ba Na','045001482780','HK00000217','Thợ xây');
INSERT INTO nhankhau VALUES ('NK00000955','Đặng Hữu Xuân','1991-03-08','Nam','Cần Thơ','Phật giáo','Gia Rai','096477708174','HK00000202','Thợ xây');
INSERT INTO nhankhau VALUES ('NK00000956','Vũ Tuấn Bảo','1975-09-16','Nam','Đà Nẵng','Tin Lành','Xơ Đăng','001928993478','HK00000050','Nội trợ');
INSERT INTO nhankhau VALUES ('NK00000957','Tô Thanh Yến','1975-07-09','Nữ','Hải Dương','Phật giáo','Hmông','068583934831','HK00000235','Sinh viên');
INSERT INTO nhankhau VALUES ('NK00000958','Tô Hoài Xuân','2014-10-02','Nữ','Quảng Ninh','Cao Đài','Chăm','032206477920','HK00000161','Luật sư');
INSERT INTO nhankhau VALUES ('NK00000959','Trần Văn Duy','1974-03-11','Nam','Hải Dương','Phật giáo','Sán Chay','043797850626','HK00000105','Nội trợ');
INSERT INTO nhankhau VALUES ('NK00000960','Hồ Hữu Đạt','1978-08-10','Nam','Thanh Hóa','Phật giáo','Cơ Ho','076628814847','HK00000299','Kỹ sư xây dựng');
INSERT INTO nhankhau VALUES ('NK00000961','Vương Anh Bình','1977-03-03','Nam','Bắc Ninh','Công giáo','Hmông','087173313329','HK00000025','Bác sĩ');
INSERT INTO nhankhau VALUES ('NK00000962','Hồ Phương Yến','1970-10-04','Nữ','Lạng Sơn','Công giáo','Tày','079773545931','HK00000083','Hưu trí');
INSERT INTO nhankhau VALUES ('NK00000963','Vũ Tú Diệp','2003-10-17','Nữ','Nam Định','Công giáo','Xơ Đăng','041922700503','HK00000273','Sinh viên');
INSERT INTO nhankhau VALUES ('NK00000964','Ngô Khắc Bảo','1953-05-14','Nam','Thái Nguyên','Cao Đài','Sán Chay','022541231142','HK00000218','Luật sư');
INSERT INTO nhankhau VALUES ('NK00000965','Phan Trung Thọ','2005-01-04','Nam','Cần Thơ','Hòa Hảo','Xơ Đăng','069344872761','HK00000093','Học sinh');
INSERT INTO nhankhau VALUES ('NK00000966','Lê Kim Oanh','2003-05-03','Nữ','Vĩnh Phúc','Công giáo','Dao','091353885895','HK00000145','Kỹ sư xây dựng');
INSERT INTO nhankhau VALUES ('NK00000967','Hồ Đình Cường','2008-04-18','Nam','Hải Dương','Hòa Hảo','Ê Đê','072799753751','HK00000039','Sinh viên');
INSERT INTO nhankhau VALUES ('NK00000968','Huỳnh Hùng Tài','2008-02-29','Nam','Hải Dương','Cao Đài','Ba Na','080830828572','HK00000183','Dược sĩ');
INSERT INTO nhankhau VALUES ('NK00000969','Cao Khắc Xuân','1954-03-29','Nam','Thanh Hóa','Công giáo','Ba Na','030703619509','HK00000113','Nội trợ');
INSERT INTO nhankhau VALUES ('NK00000970','Hà Thùy Châu','1957-01-08','Nữ','Bắc Giang','Cao Đài','Nùng','053821861256','HK00000227','Hưu trí');
INSERT INTO nhankhau VALUES ('NK00000971','Tống Văn Sơn','1981-05-18','Nam','Bắc Giang','Tin Lành','Ba Na','018840027074','HK00000240','Công nhân');
INSERT INTO nhankhau VALUES ('NK00000972','Đặng Thành Tuấn','1954-01-21','Nam','TP. Hồ Chí Minh','Cao Đài','Sán Chay','026175920262','HK00000036','Công nhân');
INSERT INTO nhankhau VALUES ('NK00000973','Đỗ Khắc Duy','2003-07-21','Nam','Nam Định','Tin Lành','Kinh','078481643886','HK00000045','Sinh viên');
INSERT INTO nhankhau VALUES ('NK00000974','Hồ Tất Xuân','1948-10-11','Nam','Đà Nẵng','Tin Lành','Khmer','077139428931','HK00000126','Học sinh');
INSERT INTO nhankhau VALUES ('NK00000975','Đào Nhật Tuấn','2001-06-14','Nam','Đà Nẵng','Hòa Hảo','Tày','092269650373','HK00000132','Thất nghiệp');
INSERT INTO nhankhau VALUES ('NK00000976','Trịnh Xuân Khải','1948-06-22','Nam','Hải Dương','Phật giáo','Thái','073289457362','HK00000077','Thợ mộc');
INSERT INTO nhankhau VALUES ('NK00000977','Đoàn Ngọc Sơn','1984-02-13','Nam','Quảng Ninh','Hòa Hảo','Khmer','071421066382','HK00000255','Đầu bếp');
INSERT INTO nhankhau VALUES ('NK00000978','Đặng Ánh Mai','1953-11-20','Nữ','Lạng Sơn','Hòa Hảo','Nùng','063540272930','HK00000126','Thợ may');
INSERT INTO nhankhau VALUES ('NK00000979','Lâm Ngọc Nhung','2014-03-07','Nữ','Quảng Ninh','Không','Dao','005708540287','HK00000039','Nội trợ');
INSERT INTO nhankhau VALUES ('NK00000980','Trần Hữu Thắng','1996-02-07','Nam','TP. Hồ Chí Minh','Hòa Hảo','Gia Rai','063045525306','HK00000161','Thợ hàn');
INSERT INTO nhankhau VALUES ('NK00000981','Trịnh Đình Khoa','1963-08-25','Nam','Lạng Sơn','Phật giáo','Gia Rai','094184984896','HK00000073','Y tá');
INSERT INTO nhankhau VALUES ('NK00000982','Trần Văn Hải','1987-10-03','Nam','Thái Nguyên','Hòa Hảo','Khmer','055267690344','HK00000192','Công nhân');
INSERT INTO nhankhau VALUES ('NK00000983','Vương Thanh Thư','1985-08-26','Nữ','Lạng Sơn','Hòa Hảo','Tày','010972000508','HK00000086','Lái xe');
INSERT INTO nhankhau VALUES ('NK00000984','Phan Hữu Hải','1959-04-28','Nam','Hải Dương','Phật giáo','Sán Chay','089831324718','HK00000001','Công an');
INSERT INTO nhankhau VALUES ('NK00000985','Dương Tuyết Chi','1980-09-24','Nữ','Lạng Sơn','Cao Đài','Tày','029582280208','HK00000091','Nhân viên văn phòng');
INSERT INTO nhankhau VALUES ('NK00000986','Hà Minh Long','1951-02-21','Nam','Vĩnh Phúc','Tin Lành','Sán Chay','003804179464','HK00000027','Thất nghiệp');
INSERT INTO nhankhau VALUES ('NK00000987','Lý Công Dũng','1970-09-19','Nam','Đà Nẵng','Phật giáo','Khmer','029208210519','HK00000053','Giáo viên');
INSERT INTO nhankhau VALUES ('NK00000988','Trịnh Thị Vân','1991-02-06','Nữ','Bắc Giang','Phật giáo','Mường','005105444679','HK00000117','Bác sĩ');
INSERT INTO nhankhau VALUES ('NK00000989','Đinh Trung Giang','1965-02-17','Nam','Nam Định','Cao Đài','Kinh','004132489331','HK00000048','Nhân viên ngân hàng');
INSERT INTO nhankhau VALUES ('NK00000990','Dương Khắc Quân','1981-11-18','Nam','Vĩnh Phúc','Công giáo','Sán Chay','011327710489','HK00000272','Thợ điện');
INSERT INTO nhankhau VALUES ('NK00000991','Đinh Tú Châu','1966-06-04','Nữ','Bắc Ninh','Tin Lành','Gia Rai','077199682128','HK00000182','Bác sĩ');
INSERT INTO nhankhau VALUES ('NK00000992','Trịnh Thúy Diệp','2006-07-14','Nữ','TP. Hồ Chí Minh','Công giáo','Chăm','029154902848','HK00000138','Nông dân');
INSERT INTO nhankhau VALUES ('NK00000993','Đoàn Thúy Châu','1988-08-16','Nữ','Hải Dương','Không','Dao','086644758877','HK00000272','Cán bộ nhà nước');
INSERT INTO nhankhau VALUES ('NK00000994','Ngô Diệu Mai','1961-09-13','Nữ','Hà Nội','Công giáo','Dao','072669557452','HK00000059','Nông dân');
INSERT INTO nhankhau VALUES ('NK00000995','Vương Tất Kiên','1977-07-01','Nam','Nam Định','Phật giáo','Khmer','077315005109','HK00000084','Thợ điện');
INSERT INTO nhankhau VALUES ('NK00000996','Đinh Tú Bích','1989-12-19','Nữ','Thái Nguyên','Không','Thái','096284635394','HK00000142','Công an');
INSERT INTO nhankhau VALUES ('NK00000997','Quách Hoài Lam','1971-10-25','Nữ','Cần Thơ','Công giáo','Tày','083745619604','HK00000026','Luật sư');
INSERT INTO nhankhau VALUES ('NK00000998','Hoàng Viết Vinh','1996-05-02','Nam','Bắc Giang','Không','Kinh','010747716641','HK00000234','Thợ xây');
INSERT INTO nhankhau VALUES ('NK00000999','Huỳnh Trung Bình','1970-05-06','Nam','Thanh Hóa','Phật giáo','Sán Chay','016655052916','HK00000279','Thợ xây');
INSERT INTO nhankhau VALUES ('NK00001000','Phan Ngọc Giang','1969-10-05','Nam','Quảng Ninh','Hòa Hảo','Mường','036445718669','HK00000158','Nông dân');

-- =====================================================
-- BẢNG: tienantiensu  (150 bản ghi)
-- =====================================================
INSERT INTO tienantiensu VALUES ('TS00000001','Gian lận thương mại','TAND tỉnh Hải Dương','2000-09-24','NK00000935');
INSERT INTO tienantiensu VALUES ('TS00000002','Đánh bạc','TAND tỉnh Hải Phòng','2017-06-11','NK00000359');
INSERT INTO tienantiensu VALUES ('TS00000003','Gây rối trật tự công cộng','TAND TP. HCM','2011-09-30','NK00000941');
INSERT INTO tienantiensu VALUES ('TS00000004','Vi phạm luật giao thông','TAND tỉnh Vĩnh Phúc','2012-03-26','NK00000353');
INSERT INTO tienantiensu VALUES ('TS00000005','Chống người thi hành công vụ','TAND tỉnh Hải Dương','2007-10-23','NK00000345');
INSERT INTO tienantiensu VALUES ('TS00000006','Cố ý gây thương tích','TAND tỉnh Hải Dương','2021-12-15','NK00000229');
INSERT INTO tienantiensu VALUES ('TS00000007','Vi phạm quy định về môi trường','TAND tỉnh Hải Phòng','2009-10-27','NK00000900');
INSERT INTO tienantiensu VALUES ('TS00000008','Gian lận thương mại','TAND tỉnh Hải Phòng','2019-08-07','NK00000166');
INSERT INTO tienantiensu VALUES ('TS00000009','Gian lận thương mại','TAND tỉnh Hải Dương','2022-01-05','NK00000080');
INSERT INTO tienantiensu VALUES ('TS00000010','Cố ý gây thương tích','TAND tỉnh Bắc Ninh','2008-01-24','NK00000138');
INSERT INTO tienantiensu VALUES ('TS00000011','Gây rối trật tự công cộng','TAND TP. Hà Nội','2007-05-14','NK00000186');
INSERT INTO tienantiensu VALUES ('TS00000012','Vi phạm luật giao thông','TAND tỉnh Vĩnh Phúc','2016-12-28','NK00000146');
INSERT INTO tienantiensu VALUES ('TS00000013','Trộm cắp tài sản','TAND tỉnh Thái Nguyên','2016-06-16','NK00000131');
INSERT INTO tienantiensu VALUES ('TS00000014','Cố ý gây thương tích','TAND tỉnh Thái Nguyên','2016-04-28','NK00000516');
INSERT INTO tienantiensu VALUES ('TS00000015','Gian lận thương mại','TAND tỉnh Hải Dương','2012-10-03','NK00000438');
INSERT INTO tienantiensu VALUES ('TS00000016','Chống người thi hành công vụ','TAND tỉnh Bắc Giang','2000-08-22','NK00000530');
INSERT INTO tienantiensu VALUES ('TS00000017','Vi phạm quy định về môi trường','TAND TP. Hà Nội','2008-08-01','NK00000150');
INSERT INTO tienantiensu VALUES ('TS00000018','Gian lận thương mại','TAND tỉnh Hải Dương','2002-02-18','NK00000559');
INSERT INTO tienantiensu VALUES ('TS00000019','Gây rối trật tự công cộng','TAND tỉnh Hải Phòng','2013-11-11','NK00000123');
INSERT INTO tienantiensu VALUES ('TS00000020','Trộm cắp tài sản','TAND tỉnh Thái Nguyên','2001-08-07','NK00000822');
INSERT INTO tienantiensu VALUES ('TS00000021','Gian lận thương mại','TAND tỉnh Bắc Giang','2010-01-24','NK00000793');
INSERT INTO tienantiensu VALUES ('TS00000022','Cố ý gây thương tích','TAND tỉnh Thái Nguyên','1996-04-13','NK00000005');
INSERT INTO tienantiensu VALUES ('TS00000023','Gian lận thương mại','TAND tỉnh Hải Dương','2008-02-16','NK00000743');
INSERT INTO tienantiensu VALUES ('TS00000024','Trộm cắp tài sản','TAND tỉnh Hải Phòng','2006-11-26','NK00000163');
INSERT INTO tienantiensu VALUES ('TS00000025','Lừa đảo chiếm đoạt tài sản','TAND tỉnh Bắc Giang','2003-11-25','NK00000136');
INSERT INTO tienantiensu VALUES ('TS00000026','Đánh bạc','TAND tỉnh Vĩnh Phúc','2003-11-03','NK00000976');
INSERT INTO tienantiensu VALUES ('TS00000027','Vi phạm quy định về môi trường','TAND tỉnh Hải Phòng','2002-10-20','NK00000798');
INSERT INTO tienantiensu VALUES ('TS00000028','Chống người thi hành công vụ','TAND tỉnh Vĩnh Phúc','2010-12-17','NK00001000');
INSERT INTO tienantiensu VALUES ('TS00000029','Gây rối trật tự công cộng','TAND tỉnh Bắc Giang','2017-04-28','NK00000919');
INSERT INTO tienantiensu VALUES ('TS00000030','Vi phạm luật giao thông','TAND TP. Hà Nội','2002-12-02','NK00000114');
INSERT INTO tienantiensu VALUES ('TS00000031','Chống người thi hành công vụ','TAND tỉnh Hải Phòng','1998-10-29','NK00000272');
INSERT INTO tienantiensu VALUES ('TS00000032','Gian lận thương mại','TAND TP. HCM','1999-07-05','NK00000684');
INSERT INTO tienantiensu VALUES ('TS00000033','Chống người thi hành công vụ','TAND tỉnh Hải Phòng','2007-11-25','NK00000317');
INSERT INTO tienantiensu VALUES ('TS00000034','Trộm cắp tài sản','TAND tỉnh Hải Dương','2017-04-09','NK00000402');
INSERT INTO tienantiensu VALUES ('TS00000035','Vi phạm luật giao thông','TAND TP. Hà Nội','2010-08-21','NK00000274');
INSERT INTO tienantiensu VALUES ('TS00000036','Vi phạm luật giao thông','TAND tỉnh Bắc Ninh','1995-08-27','NK00000057');
INSERT INTO tienantiensu VALUES ('TS00000037','Vi phạm luật giao thông','TAND tỉnh Bắc Ninh','2003-02-15','NK00000931');
INSERT INTO tienantiensu VALUES ('TS00000038','Vi phạm luật giao thông','TAND tỉnh Bắc Ninh','1998-08-28','NK00000568');
INSERT INTO tienantiensu VALUES ('TS00000039','Gây rối trật tự công cộng','TAND TP. Hà Nội','2010-02-13','NK00000106');
INSERT INTO tienantiensu VALUES ('TS00000040','Đánh bạc','TAND tỉnh Thái Nguyên','2002-02-19','NK00000955');
INSERT INTO tienantiensu VALUES ('TS00000041','Đánh bạc','TAND tỉnh Bắc Ninh','1996-03-24','NK00000205');
INSERT INTO tienantiensu VALUES ('TS00000042','Trộm cắp tài sản','TAND tỉnh Hải Dương','2004-01-13','NK00000646');
INSERT INTO tienantiensu VALUES ('TS00000043','Chống người thi hành công vụ','TAND tỉnh Bắc Ninh','2012-01-26','NK00000118');
INSERT INTO tienantiensu VALUES ('TS00000044','Tàng trữ ma tuý','TAND TP. Hà Nội','2017-10-23','NK00000047');
INSERT INTO tienantiensu VALUES ('TS00000045','Cố ý gây thương tích','TAND TP. HCM','2023-05-09','NK00000575');
INSERT INTO tienantiensu VALUES ('TS00000046','Vi phạm quy định về môi trường','TAND TP. Hà Nội','1995-08-05','NK00000503');
INSERT INTO tienantiensu VALUES ('TS00000047','Vi phạm quy định về môi trường','TAND TP. HCM','2016-11-24','NK00000314');
INSERT INTO tienantiensu VALUES ('TS00000048','Vi phạm quy định về môi trường','TAND tỉnh Bắc Ninh','1997-02-08','NK00000221');
INSERT INTO tienantiensu VALUES ('TS00000049','Trộm cắp tài sản','TAND tỉnh Bắc Ninh','2012-06-16','NK00000921');
INSERT INTO tienantiensu VALUES ('TS00000050','Chống người thi hành công vụ','TAND tỉnh Thái Nguyên','2005-07-11','NK00000316');
INSERT INTO tienantiensu VALUES ('TS00000051','Đánh bạc','TAND tỉnh Bắc Ninh','2012-05-05','NK00000033');
INSERT INTO tienantiensu VALUES ('TS00000052','Lừa đảo chiếm đoạt tài sản','TAND tỉnh Hải Dương','1999-05-04','NK00000336');
INSERT INTO tienantiensu VALUES ('TS00000053','Cố ý gây thương tích','TAND tỉnh Thái Nguyên','2006-01-25','NK00000414');
INSERT INTO tienantiensu VALUES ('TS00000054','Gây rối trật tự công cộng','TAND TP. Hà Nội','2009-11-05','NK00000199');
INSERT INTO tienantiensu VALUES ('TS00000055','Trộm cắp tài sản','TAND tỉnh Hải Dương','1995-02-04','NK00000479');
INSERT INTO tienantiensu VALUES ('TS00000056','Đánh bạc','TAND tỉnh Bắc Ninh','2009-03-16','NK00000933');
INSERT INTO tienantiensu VALUES ('TS00000057','Gây rối trật tự công cộng','TAND TP. Hà Nội','2010-10-25','NK00000590');
INSERT INTO tienantiensu VALUES ('TS00000058','Chống người thi hành công vụ','TAND tỉnh Bắc Ninh','2002-07-25','NK00000789');
INSERT INTO tienantiensu VALUES ('TS00000059','Gây rối trật tự công cộng','TAND tỉnh Hải Phòng','2021-06-04','NK00000147');
INSERT INTO tienantiensu VALUES ('TS00000060','Vi phạm quy định về môi trường','TAND tỉnh Bắc Ninh','2015-12-13','NK00000173');
INSERT INTO tienantiensu VALUES ('TS00000061','Đánh bạc','TAND tỉnh Thái Nguyên','2014-09-10','NK00000427');
INSERT INTO tienantiensu VALUES ('TS00000062','Gian lận thương mại','TAND tỉnh Hải Dương','2015-11-23','NK00000512');
INSERT INTO tienantiensu VALUES ('TS00000063','Lừa đảo chiếm đoạt tài sản','TAND tỉnh Thái Nguyên','2002-06-29','NK00000912');
INSERT INTO tienantiensu VALUES ('TS00000064','Vi phạm quy định về môi trường','TAND tỉnh Hải Dương','2009-09-18','NK00000220');
INSERT INTO tienantiensu VALUES ('TS00000065','Vi phạm luật giao thông','TAND tỉnh Hải Phòng','2015-07-07','NK00000887');
INSERT INTO tienantiensu VALUES ('TS00000066','Tàng trữ ma tuý','TAND tỉnh Bắc Giang','2004-03-08','NK00000113');
INSERT INTO tienantiensu VALUES ('TS00000067','Tàng trữ ma tuý','TAND tỉnh Vĩnh Phúc','1995-12-28','NK00000378');
INSERT INTO tienantiensu VALUES ('TS00000068','Vi phạm luật giao thông','TAND tỉnh Thái Nguyên','2011-12-22','NK00000276');
INSERT INTO tienantiensu VALUES ('TS00000069','Vi phạm quy định về môi trường','TAND tỉnh Bắc Ninh','1995-09-14','NK00000352');
INSERT INTO tienantiensu VALUES ('TS00000070','Tàng trữ ma tuý','TAND tỉnh Bắc Ninh','2018-12-22','NK00000930');
INSERT INTO tienantiensu VALUES ('TS00000071','Đánh bạc','TAND tỉnh Hải Phòng','2016-06-21','NK00000180');
INSERT INTO tienantiensu VALUES ('TS00000072','Vi phạm quy định về môi trường','TAND tỉnh Hải Dương','1999-12-13','NK00000851');
INSERT INTO tienantiensu VALUES ('TS00000073','Đánh bạc','TAND tỉnh Vĩnh Phúc','2008-05-28','NK00000600');
INSERT INTO tienantiensu VALUES ('TS00000074','Cố ý gây thương tích','TAND tỉnh Hải Dương','2021-11-09','NK00000104');
INSERT INTO tienantiensu VALUES ('TS00000075','Cố ý gây thương tích','TAND tỉnh Thái Nguyên','1998-08-31','NK00000546');
INSERT INTO tienantiensu VALUES ('TS00000076','Trộm cắp tài sản','TAND tỉnh Thái Nguyên','1997-01-04','NK00000051');
INSERT INTO tienantiensu VALUES ('TS00000077','Chống người thi hành công vụ','TAND tỉnh Vĩnh Phúc','1996-11-14','NK00000612');
INSERT INTO tienantiensu VALUES ('TS00000078','Lừa đảo chiếm đoạt tài sản','TAND tỉnh Hải Phòng','1998-08-07','NK00000216');
INSERT INTO tienantiensu VALUES ('TS00000079','Gian lận thương mại','TAND tỉnh Hải Phòng','1998-11-06','NK00000977');
INSERT INTO tienantiensu VALUES ('TS00000080','Trộm cắp tài sản','TAND tỉnh Thái Nguyên','2023-02-09','NK00000062');
INSERT INTO tienantiensu VALUES ('TS00000081','Chống người thi hành công vụ','TAND TP. HCM','2000-08-09','NK00000088');
INSERT INTO tienantiensu VALUES ('TS00000082','Vi phạm luật giao thông','TAND TP. Hà Nội','2012-08-16','NK00000172');
INSERT INTO tienantiensu VALUES ('TS00000083','Vi phạm luật giao thông','TAND tỉnh Bắc Ninh','2004-04-30','NK00000065');
INSERT INTO tienantiensu VALUES ('TS00000084','Gây rối trật tự công cộng','TAND TP. Hà Nội','2019-06-14','NK00000596');
INSERT INTO tienantiensu VALUES ('TS00000085','Gian lận thương mại','TAND TP. Hà Nội','2010-09-07','NK00000820');
INSERT INTO tienantiensu VALUES ('TS00000086','Gian lận thương mại','TAND TP. Hà Nội','2004-01-07','NK00000263');
INSERT INTO tienantiensu VALUES ('TS00000087','Vi phạm quy định về môi trường','TAND tỉnh Hải Phòng','2022-12-05','NK00000664');
INSERT INTO tienantiensu VALUES ('TS00000088','Vi phạm luật giao thông','TAND tỉnh Vĩnh Phúc','2019-01-25','NK00000545');
INSERT INTO tienantiensu VALUES ('TS00000089','Tàng trữ ma tuý','TAND TP. Hà Nội','2014-07-27','NK00000685');
INSERT INTO tienantiensu VALUES ('TS00000090','Gây rối trật tự công cộng','TAND tỉnh Hải Phòng','2019-12-12','NK00000319');
INSERT INTO tienantiensu VALUES ('TS00000091','Vi phạm quy định về môi trường','TAND tỉnh Bắc Ninh','2018-04-02','NK00000454');
INSERT INTO tienantiensu VALUES ('TS00000092','Cố ý gây thương tích','TAND TP. HCM','2011-05-20','NK00000904');
INSERT INTO tienantiensu VALUES ('TS00000093','Tàng trữ ma tuý','TAND tỉnh Vĩnh Phúc','1998-09-15','NK00000838');
INSERT INTO tienantiensu VALUES ('TS00000094','Gây rối trật tự công cộng','TAND tỉnh Vĩnh Phúc','2014-07-16','NK00000491');
INSERT INTO tienantiensu VALUES ('TS00000095','Gây rối trật tự công cộng','TAND TP. HCM','2019-05-13','NK00000326');
INSERT INTO tienantiensu VALUES ('TS00000096','Gian lận thương mại','TAND tỉnh Vĩnh Phúc','2021-09-19','NK00000750');
INSERT INTO tienantiensu VALUES ('TS00000097','Trộm cắp tài sản','TAND tỉnh Vĩnh Phúc','1997-04-02','NK00000894');
INSERT INTO tienantiensu VALUES ('TS00000098','Vi phạm luật giao thông','TAND tỉnh Bắc Ninh','2000-08-04','NK00000140');
INSERT INTO tienantiensu VALUES ('TS00000099','Tàng trữ ma tuý','TAND TP. HCM','2000-10-06','NK00000069');
INSERT INTO tienantiensu VALUES ('TS00000100','Chống người thi hành công vụ','TAND tỉnh Thái Nguyên','2005-07-29','NK00000504');
INSERT INTO tienantiensu VALUES ('TS00000101','Gian lận thương mại','TAND tỉnh Hải Phòng','2013-09-23','NK00000411');
INSERT INTO tienantiensu VALUES ('TS00000102','Chống người thi hành công vụ','TAND tỉnh Bắc Ninh','2020-02-02','NK00000609');
INSERT INTO tienantiensu VALUES ('TS00000103','Chống người thi hành công vụ','TAND tỉnh Thái Nguyên','2020-02-29','NK00000581');
INSERT INTO tienantiensu VALUES ('TS00000104','Đánh bạc','TAND TP. HCM','2017-12-11','NK00000786');
INSERT INTO tienantiensu VALUES ('TS00000105','Vi phạm luật giao thông','TAND tỉnh Thái Nguyên','2002-10-22','NK00000475');
INSERT INTO tienantiensu VALUES ('TS00000106','Vi phạm luật giao thông','TAND TP. Hà Nội','2005-05-20','NK00000452');
INSERT INTO tienantiensu VALUES ('TS00000107','Trộm cắp tài sản','TAND tỉnh Bắc Ninh','1997-10-13','NK00000870');
INSERT INTO tienantiensu VALUES ('TS00000108','Gây rối trật tự công cộng','TAND tỉnh Bắc Ninh','2001-12-24','NK00000866');
INSERT INTO tienantiensu VALUES ('TS00000109','Đánh bạc','TAND TP. Hà Nội','2005-07-27','NK00000132');
INSERT INTO tienantiensu VALUES ('TS00000110','Cố ý gây thương tích','TAND tỉnh Vĩnh Phúc','1997-06-28','NK00000013');
INSERT INTO tienantiensu VALUES ('TS00000111','Gian lận thương mại','TAND tỉnh Vĩnh Phúc','2009-12-20','NK00000120');
INSERT INTO tienantiensu VALUES ('TS00000112','Gian lận thương mại','TAND tỉnh Hải Dương','2002-06-16','NK00000008');
INSERT INTO tienantiensu VALUES ('TS00000113','Vi phạm luật giao thông','TAND tỉnh Vĩnh Phúc','2020-02-25','NK00000076');
INSERT INTO tienantiensu VALUES ('TS00000114','Gây rối trật tự công cộng','TAND TP. HCM','2015-03-30','NK00000577');
INSERT INTO tienantiensu VALUES ('TS00000115','Cố ý gây thương tích','TAND tỉnh Bắc Ninh','2014-11-20','NK00000303');
INSERT INTO tienantiensu VALUES ('TS00000116','Gây rối trật tự công cộng','TAND tỉnh Thái Nguyên','2016-06-18','NK00000458');
INSERT INTO tienantiensu VALUES ('TS00000117','Gây rối trật tự công cộng','TAND TP. Hà Nội','2012-09-18','NK00000996');
INSERT INTO tienantiensu VALUES ('TS00000118','Trộm cắp tài sản','TAND tỉnh Bắc Giang','2006-01-09','NK00000410');
INSERT INTO tienantiensu VALUES ('TS00000119','Trộm cắp tài sản','TAND tỉnh Hải Phòng','2001-10-06','NK00000980');
INSERT INTO tienantiensu VALUES ('TS00000120','Tàng trữ ma tuý','TAND TP. HCM','2010-01-18','NK00000313');
INSERT INTO tienantiensu VALUES ('TS00000121','Vi phạm quy định về môi trường','TAND tỉnh Hải Dương','1998-12-16','NK00000054');
INSERT INTO tienantiensu VALUES ('TS00000122','Đánh bạc','TAND TP. Hà Nội','2014-03-25','NK00000703');
INSERT INTO tienantiensu VALUES ('TS00000123','Chống người thi hành công vụ','TAND tỉnh Bắc Ninh','2013-11-27','NK00000240');
INSERT INTO tienantiensu VALUES ('TS00000124','Trộm cắp tài sản','TAND tỉnh Vĩnh Phúc','1998-04-10','NK00000467');
INSERT INTO tienantiensu VALUES ('TS00000125','Cố ý gây thương tích','TAND tỉnh Vĩnh Phúc','2020-05-10','NK00000763');
INSERT INTO tienantiensu VALUES ('TS00000126','Cố ý gây thương tích','TAND tỉnh Thái Nguyên','2015-09-08','NK00000754');
INSERT INTO tienantiensu VALUES ('TS00000127','Trộm cắp tài sản','TAND tỉnh Thái Nguyên','2006-12-10','NK00000270');
INSERT INTO tienantiensu VALUES ('TS00000128','Tàng trữ ma tuý','TAND tỉnh Thái Nguyên','2019-02-28','NK00000448');
INSERT INTO tienantiensu VALUES ('TS00000129','Vi phạm luật giao thông','TAND tỉnh Bắc Giang','2012-09-14','NK00000376');
INSERT INTO tienantiensu VALUES ('TS00000130','Vi phạm quy định về môi trường','TAND tỉnh Thái Nguyên','1996-12-20','NK00000320');
INSERT INTO tienantiensu VALUES ('TS00000131','Gây rối trật tự công cộng','TAND tỉnh Thái Nguyên','1996-11-28','NK00000997');
INSERT INTO tienantiensu VALUES ('TS00000132','Gây rối trật tự công cộng','TAND TP. Hà Nội','2004-11-10','NK00000984');
INSERT INTO tienantiensu VALUES ('TS00000133','Đánh bạc','TAND tỉnh Bắc Ninh','2003-12-28','NK00000185');
INSERT INTO tienantiensu VALUES ('TS00000134','Cố ý gây thương tích','TAND TP. Hà Nội','2002-08-19','NK00000555');
INSERT INTO tienantiensu VALUES ('TS00000135','Gian lận thương mại','TAND TP. HCM','2003-12-09','NK00000203');
INSERT INTO tienantiensu VALUES ('TS00000136','Đánh bạc','TAND TP. HCM','2006-08-22','NK00000212');
INSERT INTO tienantiensu VALUES ('TS00000137','Đánh bạc','TAND tỉnh Hải Dương','1996-08-17','NK00000855');
INSERT INTO tienantiensu VALUES ('TS00000138','Trộm cắp tài sản','TAND tỉnh Bắc Ninh','2004-03-28','NK00000716');
INSERT INTO tienantiensu VALUES ('TS00000139','Trộm cắp tài sản','TAND TP. Hà Nội','2013-11-11','NK00000222');
INSERT INTO tienantiensu VALUES ('TS00000140','Vi phạm luật giao thông','TAND TP. Hà Nội','2013-02-06','NK00000424');
INSERT INTO tienantiensu VALUES ('TS00000141','Vi phạm luật giao thông','TAND tỉnh Bắc Giang','2010-07-04','NK00000839');
INSERT INTO tienantiensu VALUES ('TS00000142','Gây rối trật tự công cộng','TAND tỉnh Hải Phòng','2018-04-12','NK00000971');
INSERT INTO tienantiensu VALUES ('TS00000143','Vi phạm quy định về môi trường','TAND tỉnh Bắc Ninh','2002-08-26','NK00000918');
INSERT INTO tienantiensu VALUES ('TS00000144','Đánh bạc','TAND tỉnh Bắc Giang','2003-12-15','NK00000099');
INSERT INTO tienantiensu VALUES ('TS00000145','Gây rối trật tự công cộng','TAND tỉnh Vĩnh Phúc','2022-02-22','NK00000471');
INSERT INTO tienantiensu VALUES ('TS00000146','Lừa đảo chiếm đoạt tài sản','TAND tỉnh Bắc Ninh','2011-01-10','NK00000356');
INSERT INTO tienantiensu VALUES ('TS00000147','Cố ý gây thương tích','TAND TP. Hà Nội','2020-09-29','NK00000382');
INSERT INTO tienantiensu VALUES ('TS00000148','Lừa đảo chiếm đoạt tài sản','TAND tỉnh Hải Phòng','2023-02-13','NK00000808');
INSERT INTO tienantiensu VALUES ('TS00000149','Trộm cắp tài sản','TAND tỉnh Thái Nguyên','1997-04-20','NK00000964');
INSERT INTO tienantiensu VALUES ('TS00000150','Đánh bạc','TAND tỉnh Hải Phòng','2006-10-08','NK00000309');

-- =====================================================
-- BẢNG: tamtru  (400 bản ghi)
-- =====================================================
INSERT INTO tamtru VALUES ('TT00000001','Nhà trọ Tân Tiến','Số 19, Đường Hùng Vương, Phường 3','0984101494','3 tháng','NK00000798');
INSERT INTO tamtru VALUES ('TT00000002','Nhà trọ Vạn Lộc','Số 369, Đường Lê Duẩn, Xã Long Phú','0789337697','24 tháng','NK00000940');
INSERT INTO tamtru VALUES ('TT00000003','Nhà trọ Tân Tiến','Số 5, Đường Phan Bội Châu, Phường 4','0984645413','18 tháng','NK00000718');
INSERT INTO tamtru VALUES ('TT00000004','Nhà trọ Tân Tiến','Số 213, Đường Phan Bội Châu, Phường 3','0771697917','18 tháng','NK00000451');
INSERT INTO tamtru VALUES ('TT00000005','Nhà trọ Vạn Lộc','Số 136, Đường Trần Phú, Xã Hùng Sơn','0971543160','12 tháng','NK00000993');
INSERT INTO tamtru VALUES ('TT00000006','Nhà trọ Bình Minh','Số 231, Đường Trần Phú, Xã Tân Hòa','0709137970','36 tháng','NK00000968');
INSERT INTO tamtru VALUES ('TT00000007','Nhà trọ Thiên An','Số 494, Đường Trần Hưng Đạo, Xã Tân Hòa','0860284007','24 tháng','NK00000480');
INSERT INTO tamtru VALUES ('TT00000008','Nhà trọ Vạn Lộc','Số 498, Đường Lê Lợi, Xã Hùng Sơn','0321209624','18 tháng','NK00000025');
INSERT INTO tamtru VALUES ('TT00000009','Nhà trọ Vạn Lộc','Số 250, Đường Ngô Quyền, Xã Long Phú','0328620425','12 tháng','NK00000378');
INSERT INTO tamtru VALUES ('TT00000010','Nhà trọ Hưng Thịnh','Số 20, Đường Đinh Tiên Hoàng, Xã Tân Hòa','0392674069','6 tháng','NK00000302');
INSERT INTO tamtru VALUES ('TT00000011','Nhà trọ Hưng Thịnh','Số 169, Đường Hai Bà Trưng, Xã An Bình','0789513563','6 tháng','NK00000048');
INSERT INTO tamtru VALUES ('TT00000012','Nhà trọ Thiên An','Số 75, Đường Hùng Vương, Phường 1','0866499773','3 tháng','NK00000031');
INSERT INTO tamtru VALUES ('TT00000013','Nhà trọ Hoàng Anh','Số 479, Đường Bà Triệu, Phường 5','0339025030','24 tháng','NK00000503');
INSERT INTO tamtru VALUES ('TT00000014','Nhà trọ Hưng Thịnh','Số 480, Đường Bà Triệu, Xã Hùng Sơn','0967254304','36 tháng','NK00000401');
INSERT INTO tamtru VALUES ('TT00000015','Nhà trọ Phú Quý','Số 377, Đường Lê Duẩn, Phường 5','0360095066','3 tháng','NK00000986');
INSERT INTO tamtru VALUES ('TT00000016','Nhà trọ Hòa Bình','Số 383, Đường Nguyễn Huệ, Phường 3','0329744440','3 tháng','NK00000580');
INSERT INTO tamtru VALUES ('TT00000017','Nhà trọ Phú Quý','Số 28, Đường Hai Bà Trưng, Phường 4','0355808733','24 tháng','NK00000766');
INSERT INTO tamtru VALUES ('TT00000018','Nhà trọ Phú Quý','Số 469, Đường Bà Triệu, Xã Hùng Sơn','0970258067','3 tháng','NK00000220');
INSERT INTO tamtru VALUES ('TT00000019','Nhà trọ Minh Tâm','Số 92, Đường Lê Duẩn, Xã An Bình','0779012928','36 tháng','NK00000934');
INSERT INTO tamtru VALUES ('TT00000020','Nhà trọ Hòa Bình','Số 230, Đường Lý Thường Kiệt, Xã Hùng Sơn','0987635265','3 tháng','NK00000346');
INSERT INTO tamtru VALUES ('TT00000021','Nhà trọ Bình Minh','Số 334, Đường Trần Phú, Xã Hùng Sơn','0961964650','3 tháng','NK00000110');
INSERT INTO tamtru VALUES ('TT00000022','Nhà trọ Tân Tiến','Số 465, Đường Trần Phú, Xã Tân Hòa','0392040663','12 tháng','NK00000380');
INSERT INTO tamtru VALUES ('TT00000023','Nhà trọ Thiên An','Số 203, Đường Hoàng Diệu, Xã Tân Hòa','0368846291','18 tháng','NK00000385');
INSERT INTO tamtru VALUES ('TT00000024','Nhà trọ Minh Tâm','Số 378, Đường Hoàng Diệu, Xã An Bình','0333134228','24 tháng','NK00000815');
INSERT INTO tamtru VALUES ('TT00000025','Nhà trọ Hoàng Anh','Số 48, Đường Ngô Quyền, Thị trấn Bắc Giang','0320892020','6 tháng','NK00000532');
INSERT INTO tamtru VALUES ('TT00000026','Nhà trọ Thành Đạt','Số 210, Đường Lê Lợi, Xã Hùng Sơn','0337637362','24 tháng','NK00000348');
INSERT INTO tamtru VALUES ('TT00000027','Nhà trọ Bình Minh','Số 55, Đường Hai Bà Trưng, Phường 4','0706860683','18 tháng','NK00000695');
INSERT INTO tamtru VALUES ('TT00000028','Nhà trọ Phú Quý','Số 593, Đường Hoàng Diệu, Xã Hùng Sơn','0395763714','6 tháng','NK00000886');
INSERT INTO tamtru VALUES ('TT00000029','Nhà trọ Hoàng Anh','Số 560, Đường Hai Bà Trưng, Thị trấn Bắc Giang','0326990783','6 tháng','NK00000322');
INSERT INTO tamtru VALUES ('TT00000030','Nhà trọ Thành Đạt','Số 92, Đường Phan Bội Châu, Xã Tân Hòa','0765042915','36 tháng','NK00000372');
INSERT INTO tamtru VALUES ('TT00000031','Nhà trọ Hòa Bình','Số 105, Đường Nguyễn Huệ, Xã Tân Hòa','0385754778','24 tháng','NK00000699');
INSERT INTO tamtru VALUES ('TT00000032','Nhà trọ Hưng Thịnh','Số 267, Đường Hoàng Diệu, Phường 4','0353957009','6 tháng','NK00000005');
INSERT INTO tamtru VALUES ('TT00000033','Nhà trọ Minh Tâm','Số 545, Đường Bà Triệu, Phường 1','0338679880','18 tháng','NK00000985');
INSERT INTO tamtru VALUES ('TT00000034','Nhà trọ Hoàng Anh','Số 176, Đường Đinh Tiên Hoàng, Xã Long Phú','0399585912','3 tháng','NK00000973');
INSERT INTO tamtru VALUES ('TT00000035','Nhà trọ Thành Đạt','Số 477, Đường Trần Phú, Xã Tân Hòa','0372169668','18 tháng','NK00000312');
INSERT INTO tamtru VALUES ('TT00000036','Nhà trọ Hòa Bình','Số 355, Đường Phan Bội Châu, Phường 2','0766318144','36 tháng','NK00000421');
INSERT INTO tamtru VALUES ('TT00000037','Nhà trọ Vạn Lộc','Số 496, Đường Trần Hưng Đạo, Phường 5','0795079215','24 tháng','NK00000577');
INSERT INTO tamtru VALUES ('TT00000038','Nhà trọ Hòa Bình','Số 544, Đường Lý Thường Kiệt, Xã An Bình','0352293988','6 tháng','NK00000204');
INSERT INTO tamtru VALUES ('TT00000039','Nhà trọ Minh Tâm','Số 311, Đường Ngô Quyền, Xã Tân Hòa','0705127366','24 tháng','NK00000876');
INSERT INTO tamtru VALUES ('TT00000040','Nhà trọ Bình Minh','Số 296, Đường Ngô Quyền, Phường 1','0868272755','12 tháng','NK00000247');
INSERT INTO tamtru VALUES ('TT00000041','Nhà trọ Tân Tiến','Số 532, Đường Hai Bà Trưng, Phường 1','0706829401','18 tháng','NK00000529');
INSERT INTO tamtru VALUES ('TT00000042','Nhà trọ Hòa Bình','Số 209, Đường Nguyễn Huệ, Phường 4','0391178468','18 tháng','NK00000449');
INSERT INTO tamtru VALUES ('TT00000043','Nhà trọ Hoàng Anh','Số 593, Đường Nguyễn Huệ, Phường 3','0784711397','3 tháng','NK00000870');
INSERT INTO tamtru VALUES ('TT00000044','Nhà trọ Bình Minh','Số 68, Đường Đinh Tiên Hoàng, Xã Tân Hòa','0980294726','18 tháng','NK00000636');
INSERT INTO tamtru VALUES ('TT00000045','Nhà trọ Hoàng Anh','Số 251, Đường Lê Duẩn, Xã Long Phú','0330898800','3 tháng','NK00000239');
INSERT INTO tamtru VALUES ('TT00000046','Nhà trọ Hòa Bình','Số 118, Đường Đinh Tiên Hoàng, Xã Tân Hòa','0985632633','36 tháng','NK00000796');
INSERT INTO tamtru VALUES ('TT00000047','Nhà trọ Hòa Bình','Số 376, Đường Ngô Quyền, Xã Tân Hòa','0983200443','36 tháng','NK00000176');
INSERT INTO tamtru VALUES ('TT00000048','Nhà trọ Tân Tiến','Số 129, Đường Lý Thường Kiệt, Phường 1','0359810400','6 tháng','NK00000319');
INSERT INTO tamtru VALUES ('TT00000049','Nhà trọ Phú Quý','Số 512, Đường Trần Phú, Phường 2','0781633307','24 tháng','NK00000221');
INSERT INTO tamtru VALUES ('TT00000050','Nhà trọ Thiên An','Số 410, Đường Đinh Tiên Hoàng, Xã Tân Hòa','0399580941','18 tháng','NK00000732');
INSERT INTO tamtru VALUES ('TT00000051','Nhà trọ Phú Quý','Số 184, Đường Trần Hưng Đạo, Xã Long Phú','0970117747','3 tháng','NK00000455');
INSERT INTO tamtru VALUES ('TT00000052','Nhà trọ Thành Đạt','Số 400, Đường Lý Thường Kiệt, Phường 5','0384611511','3 tháng','NK00000283');
INSERT INTO tamtru VALUES ('TT00000053','Nhà trọ Thiên An','Số 251, Đường Bà Triệu, Xã Tân Hòa','0335437732','6 tháng','NK00000217');
INSERT INTO tamtru VALUES ('TT00000054','Nhà trọ Hòa Bình','Số 286, Đường Trần Phú, Xã Hùng Sơn','0330184060','36 tháng','NK00000132');
INSERT INTO tamtru VALUES ('TT00000055','Nhà trọ Minh Tâm','Số 550, Đường Hoàng Diệu, Xã Long Phú','0795327711','12 tháng','NK00000598');
INSERT INTO tamtru VALUES ('TT00000056','Nhà trọ Hưng Thịnh','Số 508, Đường Phan Bội Châu, Phường 2','0367452844','3 tháng','NK00000289');
INSERT INTO tamtru VALUES ('TT00000057','Nhà trọ Thiên An','Số 141, Đường Lê Duẩn, Phường 1','0383119197','24 tháng','NK00000840');
INSERT INTO tamtru VALUES ('TT00000058','Nhà trọ Vạn Lộc','Số 164, Đường Trần Phú, Phường 3','0986193745','36 tháng','NK00000949');
INSERT INTO tamtru VALUES ('TT00000059','Nhà trọ Bình Minh','Số 465, Đường Trần Hưng Đạo, Phường 1','0760586867','36 tháng','NK00000069');
INSERT INTO tamtru VALUES ('TT00000060','Nhà trọ Tân Tiến','Số 495, Đường Hùng Vương, Phường 4','0763942107','24 tháng','NK00000634');
INSERT INTO tamtru VALUES ('TT00000061','Nhà trọ Vạn Lộc','Số 411, Đường Trần Hưng Đạo, Thị trấn Bắc Giang','0382617608','36 tháng','NK00000130');
INSERT INTO tamtru VALUES ('TT00000062','Nhà trọ Hòa Bình','Số 532, Đường Trần Phú, Xã Tân Hòa','0390947938','24 tháng','NK00000390');
INSERT INTO tamtru VALUES ('TT00000063','Nhà trọ Thành Đạt','Số 252, Đường Hai Bà Trưng, Phường 5','0375997539','36 tháng','NK00000740');
INSERT INTO tamtru VALUES ('TT00000064','Nhà trọ Thiên An','Số 192, Đường Ngô Quyền, Xã An Bình','0700934752','24 tháng','NK00000268');
INSERT INTO tamtru VALUES ('TT00000065','Nhà trọ Bình Minh','Số 418, Đường Đinh Tiên Hoàng, Xã Long Phú','0969779739','36 tháng','NK00000061');
INSERT INTO tamtru VALUES ('TT00000066','Nhà trọ Hoàng Anh','Số 189, Đường Trần Phú, Xã An Bình','0396194548','6 tháng','NK00000967');
INSERT INTO tamtru VALUES ('TT00000067','Nhà trọ Hoàng Anh','Số 396, Đường Lê Duẩn, Phường 5','0793723592','3 tháng','NK00000903');
INSERT INTO tamtru VALUES ('TT00000068','Nhà trọ Vạn Lộc','Số 40, Đường Trần Hưng Đạo, Thị trấn Bắc Giang','0332825454','3 tháng','NK00000780');
INSERT INTO tamtru VALUES ('TT00000069','Nhà trọ Tân Tiến','Số 89, Đường Ngô Quyền, Thị trấn Bắc Giang','0861909847','3 tháng','NK00000643');
INSERT INTO tamtru VALUES ('TT00000070','Nhà trọ Minh Tâm','Số 512, Đường Bà Triệu, Xã Long Phú','0702991627','12 tháng','NK00000086');
INSERT INTO tamtru VALUES ('TT00000071','Nhà trọ Bình Minh','Số 123, Đường Lý Thường Kiệt, Xã Long Phú','0788231089','24 tháng','NK00000431');
INSERT INTO tamtru VALUES ('TT00000072','Nhà trọ Thành Đạt','Số 533, Đường Ngô Quyền, Phường 3','0372173115','12 tháng','NK00000368');
INSERT INTO tamtru VALUES ('TT00000073','Nhà trọ Phú Quý','Số 137, Đường Lê Lợi, Phường 2','0389995607','12 tháng','NK00000817');
INSERT INTO tamtru VALUES ('TT00000074','Nhà trọ Hòa Bình','Số 534, Đường Trần Phú, Xã Tân Hòa','0971616490','36 tháng','NK00000647');
INSERT INTO tamtru VALUES ('TT00000075','Nhà trọ Hưng Thịnh','Số 461, Đường Hoàng Diệu, Phường 3','0352029629','36 tháng','NK00000383');
INSERT INTO tamtru VALUES ('TT00000076','Nhà trọ Thiên An','Số 78, Đường Hoàng Diệu, Phường 3','0388583312','6 tháng','NK00000587');
INSERT INTO tamtru VALUES ('TT00000077','Nhà trọ Minh Tâm','Số 491, Đường Đinh Tiên Hoàng, Phường 3','0371115130','18 tháng','NK00000961');
INSERT INTO tamtru VALUES ('TT00000078','Nhà trọ Thành Đạt','Số 110, Đường Ngô Quyền, Phường 5','0336813200','6 tháng','NK00000789');
INSERT INTO tamtru VALUES ('TT00000079','Nhà trọ Minh Tâm','Số 478, Đường Phan Bội Châu, Phường 2','0981037972','24 tháng','NK00000046');
INSERT INTO tamtru VALUES ('TT00000080','Nhà trọ Tân Tiến','Số 456, Đường Hai Bà Trưng, Phường 1','0768675740','24 tháng','NK00000135');
INSERT INTO tamtru VALUES ('TT00000081','Nhà trọ Thiên An','Số 49, Đường Lê Lợi, Phường 4','0966245158','12 tháng','NK00000505');
INSERT INTO tamtru VALUES ('TT00000082','Nhà trọ Bình Minh','Số 142, Đường Ngô Quyền, Xã Long Phú','0866575339','24 tháng','NK00000721');
INSERT INTO tamtru VALUES ('TT00000083','Nhà trọ Phú Quý','Số 248, Đường Lê Duẩn, Xã An Bình','0335445512','36 tháng','NK00000603');
INSERT INTO tamtru VALUES ('TT00000084','Nhà trọ Vạn Lộc','Số 239, Đường Phan Bội Châu, Phường 1','0760369158','3 tháng','NK00000734');
INSERT INTO tamtru VALUES ('TT00000085','Nhà trọ Hòa Bình','Số 294, Đường Lý Thường Kiệt, Xã Tân Hòa','0700157877','24 tháng','NK00000975');
INSERT INTO tamtru VALUES ('TT00000086','Nhà trọ Bình Minh','Số 438, Đường Lê Duẩn, Phường 4','0774291244','36 tháng','NK00000071');
INSERT INTO tamtru VALUES ('TT00000087','Nhà trọ Hoàng Anh','Số 573, Đường Phan Bội Châu, Phường 4','0391689543','24 tháng','NK00000114');
INSERT INTO tamtru VALUES ('TT00000088','Nhà trọ Phú Quý','Số 237, Đường Hùng Vương, Phường 1','0355836723','12 tháng','NK00000665');
INSERT INTO tamtru VALUES ('TT00000089','Nhà trọ Hưng Thịnh','Số 206, Đường Nguyễn Huệ, Xã Hùng Sơn','0867456072','6 tháng','NK00000013');
INSERT INTO tamtru VALUES ('TT00000090','Nhà trọ Thiên An','Số 504, Đường Hùng Vương, Phường 2','0343306152','12 tháng','NK00000945');
INSERT INTO tamtru VALUES ('TT00000091','Nhà trọ Hoàng Anh','Số 572, Đường Hoàng Diệu, Xã Hùng Sơn','0986093682','6 tháng','NK00000212');
INSERT INTO tamtru VALUES ('TT00000092','Nhà trọ Hưng Thịnh','Số 205, Đường Bà Triệu, Xã Tân Hòa','0976385847','36 tháng','NK00000446');
INSERT INTO tamtru VALUES ('TT00000093','Nhà trọ Minh Tâm','Số 192, Đường Lê Duẩn, Xã Tân Hòa','0970082793','18 tháng','NK00000759');
INSERT INTO tamtru VALUES ('TT00000094','Nhà trọ Thiên An','Số 248, Đường Lê Lợi, Xã Long Phú','0978590899','24 tháng','NK00000824');
INSERT INTO tamtru VALUES ('TT00000095','Nhà trọ Tân Tiến','Số 437, Đường Hoàng Diệu, Phường 1','0354758183','24 tháng','NK00000387');
INSERT INTO tamtru VALUES ('TT00000096','Nhà trọ Thiên An','Số 303, Đường Hoàng Diệu, Phường 4','0350896721','6 tháng','NK00000017');
INSERT INTO tamtru VALUES ('TT00000097','Nhà trọ Bình Minh','Số 264, Đường Hoàng Diệu, Xã Hùng Sơn','0333371117','3 tháng','NK00000749');
INSERT INTO tamtru VALUES ('TT00000098','Nhà trọ Hưng Thịnh','Số 311, Đường Hai Bà Trưng, Thị trấn Bắc Giang','0338423782','24 tháng','NK00000513');
INSERT INTO tamtru VALUES ('TT00000099','Nhà trọ Vạn Lộc','Số 328, Đường Ngô Quyền, Phường 5','0771950579','36 tháng','NK00000937');
INSERT INTO tamtru VALUES ('TT00000100','Nhà trọ Hòa Bình','Số 69, Đường Hoàng Diệu, Xã An Bình','0394949610','18 tháng','NK00000808');
INSERT INTO tamtru VALUES ('TT00000101','Nhà trọ Thiên An','Số 204, Đường Hoàng Diệu, Thị trấn Bắc Giang','0771860574','18 tháng','NK00000923');
INSERT INTO tamtru VALUES ('TT00000102','Nhà trọ Bình Minh','Số 66, Đường Đinh Tiên Hoàng, Xã Tân Hòa','0768131022','24 tháng','NK00000399');
INSERT INTO tamtru VALUES ('TT00000103','Nhà trọ Hòa Bình','Số 413, Đường Lê Lợi, Xã Hùng Sơn','0335870831','12 tháng','NK00000841');
INSERT INTO tamtru VALUES ('TT00000104','Nhà trọ Thành Đạt','Số 68, Đường Trần Phú, Phường 1','0386455345','36 tháng','NK00000728');
INSERT INTO tamtru VALUES ('TT00000105','Nhà trọ Minh Tâm','Số 311, Đường Bà Triệu, Xã Tân Hòa','0389651770','3 tháng','NK00000344');
INSERT INTO tamtru VALUES ('TT00000106','Nhà trọ Hưng Thịnh','Số 167, Đường Trần Phú, Phường 1','0765475909','18 tháng','NK00000425');
INSERT INTO tamtru VALUES ('TT00000107','Nhà trọ Tân Tiến','Số 81, Đường Đinh Tiên Hoàng, Xã Hùng Sơn','0964964608','24 tháng','NK00000660');
INSERT INTO tamtru VALUES ('TT00000108','Nhà trọ Bình Minh','Số 64, Đường Bà Triệu, Phường 2','0380565462','3 tháng','NK00000448');
INSERT INTO tamtru VALUES ('TT00000109','Nhà trọ Bình Minh','Số 363, Đường Trần Phú, Phường 5','0791730739','18 tháng','NK00000980');
INSERT INTO tamtru VALUES ('TT00000110','Nhà trọ Tân Tiến','Số 164, Đường Đinh Tiên Hoàng, Xã Tân Hòa','0760896292','18 tháng','NK00000616');
INSERT INTO tamtru VALUES ('TT00000111','Nhà trọ Tân Tiến','Số 103, Đường Lê Lợi, Thị trấn Bắc Giang','0388556334','24 tháng','NK00000375');
INSERT INTO tamtru VALUES ('TT00000112','Nhà trọ Hoàng Anh','Số 37, Đường Đinh Tiên Hoàng, Phường 4','0369961062','24 tháng','NK00000630');
INSERT INTO tamtru VALUES ('TT00000113','Nhà trọ Minh Tâm','Số 346, Đường Lê Lợi, Xã Tân Hòa','0767647290','12 tháng','NK00000559');
INSERT INTO tamtru VALUES ('TT00000114','Nhà trọ Thiên An','Số 581, Đường Nguyễn Huệ, Thị trấn Bắc Giang','0356281914','24 tháng','NK00000596');
INSERT INTO tamtru VALUES ('TT00000115','Nhà trọ Hoàng Anh','Số 150, Đường Lê Lợi, Phường 3','0325221580','18 tháng','NK00000175');
INSERT INTO tamtru VALUES ('TT00000116','Nhà trọ Vạn Lộc','Số 421, Đường Bà Triệu, Xã Long Phú','0371720925','12 tháng','NK00000475');
INSERT INTO tamtru VALUES ('TT00000117','Nhà trọ Minh Tâm','Số 120, Đường Trần Phú, Phường 5','0357609328','6 tháng','NK00000929');
INSERT INTO tamtru VALUES ('TT00000118','Nhà trọ Phú Quý','Số 466, Đường Phan Bội Châu, Phường 5','0332018099','6 tháng','NK00000751');
INSERT INTO tamtru VALUES ('TT00000119','Nhà trọ Phú Quý','Số 364, Đường Lê Duẩn, Phường 4','0766568356','24 tháng','NK00000042');
INSERT INTO tamtru VALUES ('TT00000120','Nhà trọ Hoàng Anh','Số 537, Đường Phan Bội Châu, Phường 4','0769202088','12 tháng','NK00000601');
INSERT INTO tamtru VALUES ('TT00000121','Nhà trọ Hoàng Anh','Số 357, Đường Trần Hưng Đạo, Phường 1','0765929767','12 tháng','NK00000456');
INSERT INTO tamtru VALUES ('TT00000122','Nhà trọ Hòa Bình','Số 47, Đường Hai Bà Trưng, Thị trấn Bắc Giang','0328651144','12 tháng','NK00000426');
INSERT INTO tamtru VALUES ('TT00000123','Nhà trọ Bình Minh','Số 350, Đường Trần Phú, Xã Tân Hòa','0323408311','6 tháng','NK00000352');
INSERT INTO tamtru VALUES ('TT00000124','Nhà trọ Thiên An','Số 206, Đường Ngô Quyền, Phường 4','0359340743','12 tháng','NK00000444');
INSERT INTO tamtru VALUES ('TT00000125','Nhà trọ Vạn Lộc','Số 152, Đường Phan Bội Châu, Phường 3','0797519298','3 tháng','NK00000883');
INSERT INTO tamtru VALUES ('TT00000126','Nhà trọ Bình Minh','Số 350, Đường Hùng Vương, Phường 4','0794787410','3 tháng','NK00000944');
INSERT INTO tamtru VALUES ('TT00000127','Nhà trọ Phú Quý','Số 378, Đường Hai Bà Trưng, Phường 2','0778262843','18 tháng','NK00000162');
INSERT INTO tamtru VALUES ('TT00000128','Nhà trọ Bình Minh','Số 505, Đường Ngô Quyền, Thị trấn Bắc Giang','0782332189','18 tháng','NK00000386');
INSERT INTO tamtru VALUES ('TT00000129','Nhà trọ Phú Quý','Số 463, Đường Bà Triệu, Xã Tân Hòa','0974848598','6 tháng','NK00000183');
INSERT INTO tamtru VALUES ('TT00000130','Nhà trọ Bình Minh','Số 232, Đường Đinh Tiên Hoàng, Phường 2','0863825906','24 tháng','NK00000088');
INSERT INTO tamtru VALUES ('TT00000131','Nhà trọ Hòa Bình','Số 26, Đường Trần Hưng Đạo, Xã An Bình','0357559844','18 tháng','NK00000157');
INSERT INTO tamtru VALUES ('TT00000132','Nhà trọ Bình Minh','Số 447, Đường Ngô Quyền, Phường 3','0394038939','6 tháng','NK00000511');
INSERT INTO tamtru VALUES ('TT00000133','Nhà trọ Bình Minh','Số 227, Đường Trần Hưng Đạo, Phường 4','0863207395','3 tháng','NK00000828');
INSERT INTO tamtru VALUES ('TT00000134','Nhà trọ Hoàng Anh','Số 130, Đường Ngô Quyền, Xã An Bình','0782071641','18 tháng','NK00000904');
INSERT INTO tamtru VALUES ('TT00000135','Nhà trọ Thiên An','Số 111, Đường Phan Bội Châu, Thị trấn Bắc Giang','0365760473','3 tháng','NK00000241');
INSERT INTO tamtru VALUES ('TT00000136','Nhà trọ Bình Minh','Số 419, Đường Hùng Vương, Phường 2','0324110497','24 tháng','NK00000036');
INSERT INTO tamtru VALUES ('TT00000137','Nhà trọ Minh Tâm','Số 176, Đường Nguyễn Huệ, Phường 5','0359979178','18 tháng','NK00000868');
INSERT INTO tamtru VALUES ('TT00000138','Nhà trọ Hòa Bình','Số 321, Đường Hoàng Diệu, Phường 5','0702468235','24 tháng','NK00000091');
INSERT INTO tamtru VALUES ('TT00000139','Nhà trọ Hoàng Anh','Số 550, Đường Lê Duẩn, Xã Tân Hòa','0795369650','24 tháng','NK00000191');
INSERT INTO tamtru VALUES ('TT00000140','Nhà trọ Phú Quý','Số 166, Đường Nguyễn Huệ, Xã Long Phú','0868984698','36 tháng','NK00000814');
INSERT INTO tamtru VALUES ('TT00000141','Nhà trọ Bình Minh','Số 413, Đường Nguyễn Huệ, Phường 4','0357803148','18 tháng','NK00000748');
INSERT INTO tamtru VALUES ('TT00000142','Nhà trọ Hoàng Anh','Số 217, Đường Phan Bội Châu, Phường 4','0389183334','12 tháng','NK00000935');
INSERT INTO tamtru VALUES ('TT00000143','Nhà trọ Tân Tiến','Số 371, Đường Bà Triệu, Xã Long Phú','0328181935','24 tháng','NK00000560');
INSERT INTO tamtru VALUES ('TT00000144','Nhà trọ Phú Quý','Số 437, Đường Hoàng Diệu, Xã An Bình','0799407089','12 tháng','NK00000925');
INSERT INTO tamtru VALUES ('TT00000145','Nhà trọ Hòa Bình','Số 63, Đường Phan Bội Châu, Thị trấn Bắc Giang','0390334248','6 tháng','NK00000238');
INSERT INTO tamtru VALUES ('TT00000146','Nhà trọ Bình Minh','Số 317, Đường Trần Hưng Đạo, Phường 1','0976392452','18 tháng','NK00000476');
INSERT INTO tamtru VALUES ('TT00000147','Nhà trọ Minh Tâm','Số 492, Đường Trần Phú, Phường 1','0772654267','18 tháng','NK00000216');
INSERT INTO tamtru VALUES ('TT00000148','Nhà trọ Hưng Thịnh','Số 426, Đường Lê Duẩn, Phường 3','0399298811','18 tháng','NK00000568');
INSERT INTO tamtru VALUES ('TT00000149','Nhà trọ Thành Đạt','Số 395, Đường Trần Hưng Đạo, Xã Tân Hòa','0863023632','36 tháng','NK00000677');
INSERT INTO tamtru VALUES ('TT00000150','Nhà trọ Thiên An','Số 497, Đường Đinh Tiên Hoàng, Xã An Bình','0389942154','18 tháng','NK00000199');
INSERT INTO tamtru VALUES ('TT00000151','Nhà trọ Phú Quý','Số 192, Đường Ngô Quyền, Xã An Bình','0765410028','12 tháng','NK00000543');
INSERT INTO tamtru VALUES ('TT00000152','Nhà trọ Thiên An','Số 193, Đường Lê Duẩn, Phường 5','0785125945','24 tháng','NK00000278');
INSERT INTO tamtru VALUES ('TT00000153','Nhà trọ Bình Minh','Số 346, Đường Đinh Tiên Hoàng, Xã Tân Hòa','0988623045','12 tháng','NK00000719');
INSERT INTO tamtru VALUES ('TT00000154','Nhà trọ Hòa Bình','Số 227, Đường Lê Lợi, Phường 4','0363642171','24 tháng','NK00000235');
INSERT INTO tamtru VALUES ('TT00000155','Nhà trọ Bình Minh','Số 74, Đường Ngô Quyền, Phường 1','0784184461','36 tháng','NK00000094');
INSERT INTO tamtru VALUES ('TT00000156','Nhà trọ Bình Minh','Số 250, Đường Ngô Quyền, Xã Tân Hòa','0334179435','18 tháng','NK00000772');
INSERT INTO tamtru VALUES ('TT00000157','Nhà trọ Thành Đạt','Số 404, Đường Trần Phú, Phường 5','0384740857','12 tháng','NK00000440');
INSERT INTO tamtru VALUES ('TT00000158','Nhà trọ Thành Đạt','Số 527, Đường Lê Duẩn, Xã Long Phú','0369718804','3 tháng','NK00000555');
INSERT INTO tamtru VALUES ('TT00000159','Nhà trọ Hoàng Anh','Số 26, Đường Trần Hưng Đạo, Phường 1','0339355265','24 tháng','NK00000274');
INSERT INTO tamtru VALUES ('TT00000160','Nhà trọ Tân Tiến','Số 159, Đường Đinh Tiên Hoàng, Phường 1','0986936699','6 tháng','NK00000684');
INSERT INTO tamtru VALUES ('TT00000161','Nhà trọ Bình Minh','Số 164, Đường Ngô Quyền, Xã Long Phú','0343823814','12 tháng','NK00000747');
INSERT INTO tamtru VALUES ('TT00000162','Nhà trọ Hưng Thịnh','Số 387, Đường Lý Thường Kiệt, Xã Hùng Sơn','0781302686','36 tháng','NK00000393');
INSERT INTO tamtru VALUES ('TT00000163','Nhà trọ Hưng Thịnh','Số 381, Đường Hoàng Diệu, Xã Tân Hòa','0863617648','36 tháng','NK00000835');
INSERT INTO tamtru VALUES ('TT00000164','Nhà trọ Minh Tâm','Số 556, Đường Nguyễn Huệ, Xã Long Phú','0984956046','36 tháng','NK00000851');
INSERT INTO tamtru VALUES ('TT00000165','Nhà trọ Thiên An','Số 64, Đường Trần Hưng Đạo, Thị trấn Bắc Giang','0767328286','12 tháng','NK00000867');
INSERT INTO tamtru VALUES ('TT00000166','Nhà trọ Hòa Bình','Số 292, Đường Lê Lợi, Xã Long Phú','0332955700','12 tháng','NK00000894');
INSERT INTO tamtru VALUES ('TT00000167','Nhà trọ Hòa Bình','Số 209, Đường Trần Phú, Phường 1','0349781133','24 tháng','NK00000277');
INSERT INTO tamtru VALUES ('TT00000168','Nhà trọ Hoàng Anh','Số 62, Đường Lê Duẩn, Xã Long Phú','0325358612','24 tháng','NK00000767');
INSERT INTO tamtru VALUES ('TT00000169','Nhà trọ Tân Tiến','Số 561, Đường Lê Duẩn, Phường 2','0799413329','18 tháng','NK00000489');
INSERT INTO tamtru VALUES ('TT00000170','Nhà trọ Minh Tâm','Số 293, Đường Đinh Tiên Hoàng, Phường 3','0346811083','18 tháng','NK00000149');
INSERT INTO tamtru VALUES ('TT00000171','Nhà trọ Minh Tâm','Số 595, Đường Hùng Vương, Phường 4','0960781936','18 tháng','NK00000936');
INSERT INTO tamtru VALUES ('TT00000172','Nhà trọ Hòa Bình','Số 11, Đường Trần Hưng Đạo, Xã Hùng Sơn','0337000161','6 tháng','NK00000711');
INSERT INTO tamtru VALUES ('TT00000173','Nhà trọ Phú Quý','Số 592, Đường Trần Hưng Đạo, Xã An Bình','0761579098','6 tháng','NK00000126');
INSERT INTO tamtru VALUES ('TT00000174','Nhà trọ Hòa Bình','Số 526, Đường Trần Hưng Đạo, Phường 5','0971612602','12 tháng','NK00000244');
INSERT INTO tamtru VALUES ('TT00000175','Nhà trọ Thiên An','Số 359, Đường Phan Bội Châu, Xã Long Phú','0771171553','12 tháng','NK00000190');
INSERT INTO tamtru VALUES ('TT00000176','Nhà trọ Bình Minh','Số 111, Đường Lê Duẩn, Phường 5','0985773535','36 tháng','NK00000895');
INSERT INTO tamtru VALUES ('TT00000177','Nhà trọ Vạn Lộc','Số 93, Đường Hùng Vương, Xã Tân Hòa','0770967000','36 tháng','NK00000163');
INSERT INTO tamtru VALUES ('TT00000178','Nhà trọ Phú Quý','Số 73, Đường Ngô Quyền, Thị trấn Bắc Giang','0763621276','36 tháng','NK00000519');
INSERT INTO tamtru VALUES ('TT00000179','Nhà trọ Thành Đạt','Số 107, Đường Ngô Quyền, Xã Long Phú','0985124150','3 tháng','NK00000761');
INSERT INTO tamtru VALUES ('TT00000180','Nhà trọ Phú Quý','Số 568, Đường Ngô Quyền, Thị trấn Bắc Giang','0769237056','18 tháng','NK00000415');
INSERT INTO tamtru VALUES ('TT00000181','Nhà trọ Phú Quý','Số 350, Đường Bà Triệu, Xã Long Phú','0867959605','36 tháng','NK00000150');
INSERT INTO tamtru VALUES ('TT00000182','Nhà trọ Bình Minh','Số 324, Đường Hoàng Diệu, Xã Tân Hòa','0375757420','3 tháng','NK00000308');
INSERT INTO tamtru VALUES ('TT00000183','Nhà trọ Minh Tâm','Số 498, Đường Hai Bà Trưng, Thị trấn Bắc Giang','0772298587','18 tháng','NK00000510');
INSERT INTO tamtru VALUES ('TT00000184','Nhà trọ Bình Minh','Số 344, Đường Ngô Quyền, Phường 5','0709069030','36 tháng','NK00000498');
INSERT INTO tamtru VALUES ('TT00000185','Nhà trọ Thiên An','Số 599, Đường Đinh Tiên Hoàng, Xã An Bình','0399446461','12 tháng','NK00000033');
INSERT INTO tamtru VALUES ('TT00000186','Nhà trọ Hòa Bình','Số 470, Đường Hai Bà Trưng, Phường 1','0980635175','36 tháng','NK00000458');
INSERT INTO tamtru VALUES ('TT00000187','Nhà trọ Hoàng Anh','Số 120, Đường Ngô Quyền, Phường 5','0771265702','12 tháng','NK00000573');
INSERT INTO tamtru VALUES ('TT00000188','Nhà trọ Vạn Lộc','Số 274, Đường Trần Hưng Đạo, Thị trấn Bắc Giang','0344595139','3 tháng','NK00000002');
INSERT INTO tamtru VALUES ('TT00000189','Nhà trọ Vạn Lộc','Số 504, Đường Lê Lợi, Xã Hùng Sơn','0323214250','18 tháng','NK00000225');
INSERT INTO tamtru VALUES ('TT00000190','Nhà trọ Hòa Bình','Số 61, Đường Hai Bà Trưng, Phường 1','0968264357','24 tháng','NK00000355');
INSERT INTO tamtru VALUES ('TT00000191','Nhà trọ Bình Minh','Số 198, Đường Lý Thường Kiệt, Thị trấn Bắc Giang','0347110630','12 tháng','NK00000043');
INSERT INTO tamtru VALUES ('TT00000192','Nhà trọ Thành Đạt','Số 103, Đường Hai Bà Trưng, Phường 2','0779991741','12 tháng','NK00000858');
INSERT INTO tamtru VALUES ('TT00000193','Nhà trọ Hòa Bình','Số 598, Đường Lê Duẩn, Xã Tân Hòa','0332906521','12 tháng','NK00000924');
INSERT INTO tamtru VALUES ('TT00000194','Nhà trọ Hòa Bình','Số 20, Đường Đinh Tiên Hoàng, Xã Hùng Sơn','0985189655','24 tháng','NK00000246');
INSERT INTO tamtru VALUES ('TT00000195','Nhà trọ Minh Tâm','Số 223, Đường Trần Phú, Phường 1','0375533083','36 tháng','NK00000337');
INSERT INTO tamtru VALUES ('TT00000196','Nhà trọ Phú Quý','Số 594, Đường Bà Triệu, Xã Hùng Sơn','0355584128','24 tháng','NK00000994');
INSERT INTO tamtru VALUES ('TT00000197','Nhà trọ Hưng Thịnh','Số 352, Đường Hoàng Diệu, Phường 3','0700084929','36 tháng','NK00000064');
INSERT INTO tamtru VALUES ('TT00000198','Nhà trọ Phú Quý','Số 90, Đường Hoàng Diệu, Phường 4','0390101832','24 tháng','NK00000515');
INSERT INTO tamtru VALUES ('TT00000199','Nhà trọ Hoàng Anh','Số 545, Đường Trần Hưng Đạo, Xã Long Phú','0705482375','6 tháng','NK00000733');
INSERT INTO tamtru VALUES ('TT00000200','Nhà trọ Bình Minh','Số 502, Đường Nguyễn Huệ, Phường 3','0702287413','3 tháng','NK00000109');
INSERT INTO tamtru VALUES ('TT00000201','Nhà trọ Bình Minh','Số 310, Đường Phan Bội Châu, Xã Hùng Sơn','0340042579','36 tháng','NK00000771');
INSERT INTO tamtru VALUES ('TT00000202','Nhà trọ Bình Minh','Số 272, Đường Hoàng Diệu, Phường 5','0701879213','24 tháng','NK00000819');
INSERT INTO tamtru VALUES ('TT00000203','Nhà trọ Phú Quý','Số 466, Đường Trần Hưng Đạo, Xã Tân Hòa','0971253837','24 tháng','NK00000452');
INSERT INTO tamtru VALUES ('TT00000204','Nhà trọ Thiên An','Số 197, Đường Lý Thường Kiệt, Thị trấn Bắc Giang','0774061010','6 tháng','NK00000227');
INSERT INTO tamtru VALUES ('TT00000205','Nhà trọ Phú Quý','Số 350, Đường Lý Thường Kiệt, Thị trấn Bắc Giang','0332977957','36 tháng','NK00000954');
INSERT INTO tamtru VALUES ('TT00000206','Nhà trọ Vạn Lộc','Số 569, Đường Ngô Quyền, Phường 5','0965599300','24 tháng','NK00000646');
INSERT INTO tamtru VALUES ('TT00000207','Nhà trọ Bình Minh','Số 404, Đường Hoàng Diệu, Xã An Bình','0327006767','6 tháng','NK00000810');
INSERT INTO tamtru VALUES ('TT00000208','Nhà trọ Hoàng Anh','Số 86, Đường Phan Bội Châu, Xã Tân Hòa','0962790717','3 tháng','NK00000116');
INSERT INTO tamtru VALUES ('TT00000209','Nhà trọ Thiên An','Số 433, Đường Lý Thường Kiệt, Phường 3','0347010983','18 tháng','NK00000350');
INSERT INTO tamtru VALUES ('TT00000210','Nhà trọ Bình Minh','Số 66, Đường Trần Hưng Đạo, Xã Long Phú','0763271032','24 tháng','NK00000179');
INSERT INTO tamtru VALUES ('TT00000211','Nhà trọ Hoàng Anh','Số 312, Đường Nguyễn Huệ, Phường 1','0336641232','3 tháng','NK00000369');
INSERT INTO tamtru VALUES ('TT00000212','Nhà trọ Thành Đạt','Số 565, Đường Hùng Vương, Phường 2','0793678820','24 tháng','NK00000063');
INSERT INTO tamtru VALUES ('TT00000213','Nhà trọ Tân Tiến','Số 502, Đường Hai Bà Trưng, Xã An Bình','0392943073','12 tháng','NK00000539');
INSERT INTO tamtru VALUES ('TT00000214','Nhà trọ Hưng Thịnh','Số 574, Đường Đinh Tiên Hoàng, Phường 2','0987424246','36 tháng','NK00000864');
INSERT INTO tamtru VALUES ('TT00000215','Nhà trọ Tân Tiến','Số 204, Đường Bà Triệu, Phường 5','0348347287','36 tháng','NK00000089');
INSERT INTO tamtru VALUES ('TT00000216','Nhà trọ Phú Quý','Số 256, Đường Phan Bội Châu, Xã An Bình','0389748270','3 tháng','NK00000551');
INSERT INTO tamtru VALUES ('TT00000217','Nhà trọ Tân Tiến','Số 72, Đường Trần Hưng Đạo, Xã Tân Hòa','0862621849','24 tháng','NK00000576');
INSERT INTO tamtru VALUES ('TT00000218','Nhà trọ Phú Quý','Số 413, Đường Nguyễn Huệ, Phường 1','0985034387','3 tháng','NK00000682');
INSERT INTO tamtru VALUES ('TT00000219','Nhà trọ Vạn Lộc','Số 448, Đường Lê Duẩn, Phường 4','0794332902','3 tháng','NK00000621');
INSERT INTO tamtru VALUES ('TT00000220','Nhà trọ Minh Tâm','Số 413, Đường Bà Triệu, Xã Tân Hòa','0391155756','3 tháng','NK00000427');
INSERT INTO tamtru VALUES ('TT00000221','Nhà trọ Hưng Thịnh','Số 12, Đường Lê Duẩn, Phường 5','0329064787','18 tháng','NK00000281');
INSERT INTO tamtru VALUES ('TT00000222','Nhà trọ Hưng Thịnh','Số 387, Đường Ngô Quyền, Xã An Bình','0392247243','6 tháng','NK00000822');
INSERT INTO tamtru VALUES ('TT00000223','Nhà trọ Minh Tâm','Số 229, Đường Bà Triệu, Xã Tân Hòa','0761138330','3 tháng','NK00000294');
INSERT INTO tamtru VALUES ('TT00000224','Nhà trọ Phú Quý','Số 151, Đường Phan Bội Châu, Phường 5','0860757791','24 tháng','NK00000411');
INSERT INTO tamtru VALUES ('TT00000225','Nhà trọ Hưng Thịnh','Số 380, Đường Đinh Tiên Hoàng, Xã An Bình','0764818853','6 tháng','NK00000575');
INSERT INTO tamtru VALUES ('TT00000226','Nhà trọ Bình Minh','Số 381, Đường Lê Lợi, Phường 2','0359646839','36 tháng','NK00000402');
INSERT INTO tamtru VALUES ('TT00000227','Nhà trọ Phú Quý','Số 170, Đường Lê Lợi, Xã An Bình','0378724780','18 tháng','NK00000969');
INSERT INTO tamtru VALUES ('TT00000228','Nhà trọ Hưng Thịnh','Số 507, Đường Hoàng Diệu, Xã Tân Hòa','0785192815','12 tháng','NK00000357');
INSERT INTO tamtru VALUES ('TT00000229','Nhà trọ Vạn Lộc','Số 151, Đường Lê Duẩn, Phường 3','0799295184','24 tháng','NK00000562');
INSERT INTO tamtru VALUES ('TT00000230','Nhà trọ Bình Minh','Số 449, Đường Hai Bà Trưng, Xã Long Phú','0773504842','12 tháng','NK00000263');
INSERT INTO tamtru VALUES ('TT00000231','Nhà trọ Hưng Thịnh','Số 133, Đường Ngô Quyền, Phường 4','0707935554','6 tháng','NK00000224');
INSERT INTO tamtru VALUES ('TT00000232','Nhà trọ Vạn Lộc','Số 585, Đường Hai Bà Trưng, Phường 5','0967241592','3 tháng','NK00000477');
INSERT INTO tamtru VALUES ('TT00000233','Nhà trọ Tân Tiến','Số 283, Đường Đinh Tiên Hoàng, Thị trấn Bắc Giang','0967989919','3 tháng','NK00000901');
INSERT INTO tamtru VALUES ('TT00000234','Nhà trọ Tân Tiến','Số 423, Đường Lý Thường Kiệt, Phường 3','0984059609','36 tháng','NK00000691');
INSERT INTO tamtru VALUES ('TT00000235','Nhà trọ Hòa Bình','Số 112, Đường Nguyễn Huệ, Xã Hùng Sơn','0706422547','24 tháng','NK00000811');
INSERT INTO tamtru VALUES ('TT00000236','Nhà trọ Bình Minh','Số 124, Đường Ngô Quyền, Phường 5','0345022897','24 tháng','NK00000807');
INSERT INTO tamtru VALUES ('TT00000237','Nhà trọ Hoàng Anh','Số 438, Đường Phan Bội Châu, Thị trấn Bắc Giang','0966212399','12 tháng','NK00000825');
INSERT INTO tamtru VALUES ('TT00000238','Nhà trọ Thành Đạt','Số 434, Đường Lê Duẩn, Phường 1','0783388495','36 tháng','NK00000141');
INSERT INTO tamtru VALUES ('TT00000239','Nhà trọ Hoàng Anh','Số 36, Đường Hùng Vương, Phường 2','0766653295','18 tháng','NK00000806');
INSERT INTO tamtru VALUES ('TT00000240','Nhà trọ Thiên An','Số 561, Đường Hai Bà Trưng, Phường 1','0391698305','36 tháng','NK00000712');
INSERT INTO tamtru VALUES ('TT00000241','Nhà trọ Hưng Thịnh','Số 329, Đường Hoàng Diệu, Phường 1','0331792877','24 tháng','NK00000256');
INSERT INTO tamtru VALUES ('TT00000242','Nhà trọ Bình Minh','Số 512, Đường Phan Bội Châu, Xã An Bình','0761234028','3 tháng','NK00000293');
INSERT INTO tamtru VALUES ('TT00000243','Nhà trọ Tân Tiến','Số 470, Đường Nguyễn Huệ, Phường 5','0388896964','18 tháng','NK00000160');
INSERT INTO tamtru VALUES ('TT00000244','Nhà trọ Minh Tâm','Số 466, Đường Hùng Vương, Phường 3','0323179138','6 tháng','NK00000164');
INSERT INTO tamtru VALUES ('TT00000245','Nhà trọ Phú Quý','Số 584, Đường Ngô Quyền, Xã An Bình','0789679178','18 tháng','NK00000988');
INSERT INTO tamtru VALUES ('TT00000246','Nhà trọ Phú Quý','Số 381, Đường Hai Bà Trưng, Phường 5','0320943837','36 tháng','NK00000198');
INSERT INTO tamtru VALUES ('TT00000247','Nhà trọ Hưng Thịnh','Số 155, Đường Hùng Vương, Xã Tân Hòa','0320700908','18 tháng','NK00000242');
INSERT INTO tamtru VALUES ('TT00000248','Nhà trọ Hoàng Anh','Số 106, Đường Hùng Vương, Phường 2','0986303258','3 tháng','NK00000612');
INSERT INTO tamtru VALUES ('TT00000249','Nhà trọ Bình Minh','Số 80, Đường Đinh Tiên Hoàng, Xã Tân Hòa','0705223533','36 tháng','NK00000315');
INSERT INTO tamtru VALUES ('TT00000250','Nhà trọ Minh Tâm','Số 571, Đường Lê Duẩn, Phường 2','0862332545','36 tháng','NK00000686');
INSERT INTO tamtru VALUES ('TT00000251','Nhà trọ Thành Đạt','Số 300, Đường Nguyễn Huệ, Thị trấn Bắc Giang','0765425660','6 tháng','NK00000201');
INSERT INTO tamtru VALUES ('TT00000252','Nhà trọ Tân Tiến','Số 563, Đường Lý Thường Kiệt, Xã Long Phú','0331614048','24 tháng','NK00000422');
INSERT INTO tamtru VALUES ('TT00000253','Nhà trọ Bình Minh','Số 392, Đường Lê Duẩn, Phường 4','0865935586','12 tháng','NK00000068');
INSERT INTO tamtru VALUES ('TT00000254','Nhà trọ Bình Minh','Số 227, Đường Phan Bội Châu, Xã Tân Hòa','0390795283','18 tháng','NK00000381');
INSERT INTO tamtru VALUES ('TT00000255','Nhà trọ Thành Đạt','Số 43, Đường Ngô Quyền, Phường 5','0336042501','6 tháng','NK00000466');
INSERT INTO tamtru VALUES ('TT00000256','Nhà trọ Thiên An','Số 419, Đường Phan Bội Châu, Xã Hùng Sơn','0798858820','3 tháng','NK00000105');
INSERT INTO tamtru VALUES ('TT00000257','Nhà trọ Hoàng Anh','Số 423, Đường Hai Bà Trưng, Thị trấn Bắc Giang','0393439298','36 tháng','NK00000649');
INSERT INTO tamtru VALUES ('TT00000258','Nhà trọ Vạn Lộc','Số 452, Đường Trần Phú, Xã Tân Hòa','0341113132','6 tháng','NK00000310');
INSERT INTO tamtru VALUES ('TT00000259','Nhà trọ Vạn Lộc','Số 42, Đường Lê Lợi, Xã An Bình','0781065184','3 tháng','NK00000896');
INSERT INTO tamtru VALUES ('TT00000260','Nhà trọ Tân Tiến','Số 83, Đường Phan Bội Châu, Xã Hùng Sơn','0336051632','12 tháng','NK00000542');
INSERT INTO tamtru VALUES ('TT00000261','Nhà trọ Hòa Bình','Số 177, Đường Lê Duẩn, Phường 1','0347232669','24 tháng','NK00000218');
INSERT INTO tamtru VALUES ('TT00000262','Nhà trọ Minh Tâm','Số 82, Đường Hai Bà Trưng, Xã An Bình','0320729664','18 tháng','NK00000189');
INSERT INTO tamtru VALUES ('TT00000263','Nhà trọ Thành Đạt','Số 475, Đường Lê Duẩn, Xã Long Phú','0324430020','24 tháng','NK00000255');
INSERT INTO tamtru VALUES ('TT00000264','Nhà trọ Phú Quý','Số 185, Đường Đinh Tiên Hoàng, Phường 5','0761371280','36 tháng','NK00000193');
INSERT INTO tamtru VALUES ('TT00000265','Nhà trọ Minh Tâm','Số 186, Đường Hai Bà Trưng, Phường 3','0784155213','18 tháng','NK00000087');
INSERT INTO tamtru VALUES ('TT00000266','Nhà trọ Hòa Bình','Số 376, Đường Nguyễn Huệ, Phường 5','0707166486','3 tháng','NK00000154');
INSERT INTO tamtru VALUES ('TT00000267','Nhà trọ Bình Minh','Số 357, Đường Đinh Tiên Hoàng, Phường 1','0765700382','6 tháng','NK00000943');
INSERT INTO tamtru VALUES ('TT00000268','Nhà trọ Thiên An','Số 559, Đường Hoàng Diệu, Phường 4','0974458678','12 tháng','NK00000906');
INSERT INTO tamtru VALUES ('TT00000269','Nhà trọ Hoàng Anh','Số 240, Đường Đinh Tiên Hoàng, Xã Long Phú','0353151827','24 tháng','NK00000158');
INSERT INTO tamtru VALUES ('TT00000270','Nhà trọ Minh Tâm','Số 399, Đường Lê Lợi, Phường 1','0760938711','12 tháng','NK00000548');
INSERT INTO tamtru VALUES ('TT00000271','Nhà trọ Tân Tiến','Số 290, Đường Hai Bà Trưng, Xã Long Phú','0332000159','24 tháng','NK00000693');
INSERT INTO tamtru VALUES ('TT00000272','Nhà trọ Hoàng Anh','Số 398, Đường Lê Lợi, Phường 2','0968359995','12 tháng','NK00000098');
INSERT INTO tamtru VALUES ('TT00000273','Nhà trọ Phú Quý','Số 99, Đường Bà Triệu, Phường 5','0707950056','3 tháng','NK00000995');
INSERT INTO tamtru VALUES ('TT00000274','Nhà trọ Phú Quý','Số 492, Đường Trần Phú, Thị trấn Bắc Giang','0380609474','24 tháng','NK00000428');
INSERT INTO tamtru VALUES ('TT00000275','Nhà trọ Bình Minh','Số 95, Đường Đinh Tiên Hoàng, Xã Tân Hòa','0778470962','6 tháng','NK00000210');
INSERT INTO tamtru VALUES ('TT00000276','Nhà trọ Hưng Thịnh','Số 191, Đường Lê Lợi, Xã An Bình','0395511048','12 tháng','NK00000582');
INSERT INTO tamtru VALUES ('TT00000277','Nhà trọ Hòa Bình','Số 336, Đường Nguyễn Huệ, Phường 4','0368223198','3 tháng','NK00000309');
INSERT INTO tamtru VALUES ('TT00000278','Nhà trọ Thành Đạt','Số 239, Đường Nguyễn Huệ, Thị trấn Bắc Giang','0789085790','6 tháng','NK00000360');
INSERT INTO tamtru VALUES ('TT00000279','Nhà trọ Thiên An','Số 456, Đường Trần Hưng Đạo, Xã An Bình','0362706078','3 tháng','NK00000984');
INSERT INTO tamtru VALUES ('TT00000280','Nhà trọ Thiên An','Số 368, Đường Hùng Vương, Thị trấn Bắc Giang','0387370589','12 tháng','NK00000230');
INSERT INTO tamtru VALUES ('TT00000281','Nhà trọ Hưng Thịnh','Số 198, Đường Hoàng Diệu, Xã Hùng Sơn','0708123109','6 tháng','NK00000816');
INSERT INTO tamtru VALUES ('TT00000282','Nhà trọ Thiên An','Số 419, Đường Hai Bà Trưng, Xã Long Phú','0385600179','12 tháng','NK00000151');
INSERT INTO tamtru VALUES ('TT00000283','Nhà trọ Minh Tâm','Số 146, Đường Lý Thường Kiệt, Phường 3','0372786118','36 tháng','NK00000395');
INSERT INTO tamtru VALUES ('TT00000284','Nhà trọ Thiên An','Số 359, Đường Bà Triệu, Thị trấn Bắc Giang','0970227002','24 tháng','NK00000862');
INSERT INTO tamtru VALUES ('TT00000285','Nhà trọ Thành Đạt','Số 373, Đường Bà Triệu, Xã An Bình','0796122750','12 tháng','NK00000743');
INSERT INTO tamtru VALUES ('TT00000286','Nhà trọ Bình Minh','Số 272, Đường Lý Thường Kiệt, Xã An Bình','0358185612','24 tháng','NK00000776');
INSERT INTO tamtru VALUES ('TT00000287','Nhà trọ Thành Đạt','Số 106, Đường Hai Bà Trưng, Xã Hùng Sơn','0762382968','36 tháng','NK00000788');
INSERT INTO tamtru VALUES ('TT00000288','Nhà trọ Hưng Thịnh','Số 244, Đường Hoàng Diệu, Phường 2','0960054672','3 tháng','NK00000292');
INSERT INTO tamtru VALUES ('TT00000289','Nhà trọ Phú Quý','Số 412, Đường Phan Bội Châu, Thị trấn Bắc Giang','0866420487','6 tháng','NK00000836');
INSERT INTO tamtru VALUES ('TT00000290','Nhà trọ Hoàng Anh','Số 294, Đường Lê Duẩn, Phường 5','0349000064','36 tháng','NK00000304');
INSERT INTO tamtru VALUES ('TT00000291','Nhà trọ Thiên An','Số 67, Đường Trần Phú, Xã An Bình','0970997037','12 tháng','NK00000853');
INSERT INTO tamtru VALUES ('TT00000292','Nhà trọ Thành Đạt','Số 563, Đường Trần Hưng Đạo, Xã Long Phú','0862093421','6 tháng','NK00000893');
INSERT INTO tamtru VALUES ('TT00000293','Nhà trọ Hoàng Anh','Số 185, Đường Trần Phú, Phường 3','0970007825','18 tháng','NK00000037');
INSERT INTO tamtru VALUES ('TT00000294','Nhà trọ Minh Tâm','Số 295, Đường Phan Bội Châu, Phường 3','0339069380','6 tháng','NK00000407');
INSERT INTO tamtru VALUES ('TT00000295','Nhà trọ Thiên An','Số 15, Đường Hai Bà Trưng, Phường 3','0322889775','12 tháng','NK00000483');
INSERT INTO tamtru VALUES ('TT00000296','Nhà trọ Thành Đạt','Số 293, Đường Lê Lợi, Phường 2','0335781825','24 tháng','NK00000459');
INSERT INTO tamtru VALUES ('TT00000297','Nhà trọ Hưng Thịnh','Số 168, Đường Lê Duẩn, Phường 5','0794236247','12 tháng','NK00000676');
INSERT INTO tamtru VALUES ('TT00000298','Nhà trọ Phú Quý','Số 523, Đường Bà Triệu, Phường 3','0781167566','18 tháng','NK00000674');
INSERT INTO tamtru VALUES ('TT00000299','Nhà trọ Minh Tâm','Số 205, Đường Hai Bà Trưng, Xã Long Phú','0362234178','3 tháng','NK00000720');
INSERT INTO tamtru VALUES ('TT00000300','Nhà trọ Hoàng Anh','Số 513, Đường Hùng Vương, Xã Tân Hòa','0967515692','12 tháng','NK00000507');
INSERT INTO tamtru VALUES ('TT00000301','Nhà trọ Minh Tâm','Số 469, Đường Hoàng Diệu, Xã Tân Hòa','0352501887','3 tháng','NK00000549');
INSERT INTO tamtru VALUES ('TT00000302','Nhà trọ Hưng Thịnh','Số 397, Đường Hai Bà Trưng, Phường 1','0369366365','36 tháng','NK00000756');
INSERT INTO tamtru VALUES ('TT00000303','Nhà trọ Minh Tâm','Số 28, Đường Nguyễn Huệ, Xã Long Phú','0794520541','6 tháng','NK00000698');
INSERT INTO tamtru VALUES ('TT00000304','Nhà trọ Bình Minh','Số 214, Đường Hùng Vương, Xã Hùng Sơn','0969696841','36 tháng','NK00000155');
INSERT INTO tamtru VALUES ('TT00000305','Nhà trọ Phú Quý','Số 278, Đường Phan Bội Châu, Xã Hùng Sơn','0399893475','18 tháng','NK00000232');
INSERT INTO tamtru VALUES ('TT00000306','Nhà trọ Hòa Bình','Số 520, Đường Lý Thường Kiệt, Xã Tân Hòa','0352137741','18 tháng','NK00000389');
INSERT INTO tamtru VALUES ('TT00000307','Nhà trọ Thiên An','Số 421, Đường Hùng Vương, Phường 2','0764168286','18 tháng','NK00000261');
INSERT INTO tamtru VALUES ('TT00000308','Nhà trọ Hoàng Anh','Số 14, Đường Ngô Quyền, Xã Hùng Sơn','0794622156','24 tháng','NK00000288');
INSERT INTO tamtru VALUES ('TT00000309','Nhà trọ Hưng Thịnh','Số 296, Đường Lê Duẩn, Phường 4','0790916859','6 tháng','NK00000492');
INSERT INTO tamtru VALUES ('TT00000310','Nhà trọ Minh Tâm','Số 531, Đường Đinh Tiên Hoàng, Phường 3','0378283889','18 tháng','NK00000416');
INSERT INTO tamtru VALUES ('TT00000311','Nhà trọ Phú Quý','Số 504, Đường Ngô Quyền, Phường 1','0978485665','3 tháng','NK00000946');
INSERT INTO tamtru VALUES ('TT00000312','Nhà trọ Vạn Lộc','Số 598, Đường Ngô Quyền, Xã An Bình','0382198952','24 tháng','NK00000286');
INSERT INTO tamtru VALUES ('TT00000313','Nhà trọ Vạn Lộc','Số 156, Đường Hoàng Diệu, Phường 2','0797171480','24 tháng','NK00000003');
INSERT INTO tamtru VALUES ('TT00000314','Nhà trọ Minh Tâm','Số 254, Đường Hùng Vương, Phường 1','0363050242','3 tháng','NK00000619');
INSERT INTO tamtru VALUES ('TT00000315','Nhà trọ Tân Tiến','Số 272, Đường Đinh Tiên Hoàng, Phường 3','0790693322','6 tháng','NK00000978');
INSERT INTO tamtru VALUES ('TT00000316','Nhà trọ Tân Tiến','Số 223, Đường Trần Phú, Phường 1','0385148446','24 tháng','NK00000266');
INSERT INTO tamtru VALUES ('TT00000317','Nhà trọ Bình Minh','Số 75, Đường Lê Lợi, Phường 3','0351373848','36 tháng','NK00000731');
INSERT INTO tamtru VALUES ('TT00000318','Nhà trọ Vạn Lộc','Số 517, Đường Lê Duẩn, Phường 1','0983528103','24 tháng','NK00000629');
INSERT INTO tamtru VALUES ('TT00000319','Nhà trọ Bình Minh','Số 271, Đường Hai Bà Trưng, Thị trấn Bắc Giang','0782087964','24 tháng','NK00000108');
INSERT INTO tamtru VALUES ('TT00000320','Nhà trọ Thành Đạt','Số 335, Đường Lê Lợi, Xã Tân Hòa','0348321766','24 tháng','NK00000960');
INSERT INTO tamtru VALUES ('TT00000321','Nhà trọ Hòa Bình','Số 297, Đường Hai Bà Trưng, Xã Tân Hòa','0764641331','24 tháng','NK00000196');
INSERT INTO tamtru VALUES ('TT00000322','Nhà trọ Thành Đạt','Số 364, Đường Hùng Vương, Phường 1','0789043173','3 tháng','NK00000535');
INSERT INTO tamtru VALUES ('TT00000323','Nhà trọ Hưng Thịnh','Số 174, Đường Hoàng Diệu, Phường 3','0761010590','18 tháng','NK00000047');
INSERT INTO tamtru VALUES ('TT00000324','Nhà trọ Bình Minh','Số 217, Đường Hai Bà Trưng, Phường 5','0971707613','6 tháng','NK00000085');
INSERT INTO tamtru VALUES ('TT00000325','Nhà trọ Minh Tâm','Số 241, Đường Hoàng Diệu, Xã Long Phú','0374071407','36 tháng','NK00000388');
INSERT INTO tamtru VALUES ('TT00000326','Nhà trọ Thành Đạt','Số 548, Đường Lý Thường Kiệt, Xã An Bình','0974972934','18 tháng','NK00000911');
INSERT INTO tamtru VALUES ('TT00000327','Nhà trọ Hưng Thịnh','Số 376, Đường Bà Triệu, Thị trấn Bắc Giang','0327582317','12 tháng','NK00000215');
INSERT INTO tamtru VALUES ('TT00000328','Nhà trọ Thành Đạt','Số 162, Đường Lý Thường Kiệt, Phường 4','0782763253','12 tháng','NK00000435');
INSERT INTO tamtru VALUES ('TT00000329','Nhà trọ Hòa Bình','Số 300, Đường Nguyễn Huệ, Phường 2','0349060428','3 tháng','NK00000928');
INSERT INTO tamtru VALUES ('TT00000330','Nhà trọ Hoàng Anh','Số 495, Đường Lê Duẩn, Phường 4','0392995856','3 tháng','NK00000356');
INSERT INTO tamtru VALUES ('TT00000331','Nhà trọ Hưng Thịnh','Số 216, Đường Đinh Tiên Hoàng, Xã Tân Hòa','0335352461','18 tháng','NK00000972');
INSERT INTO tamtru VALUES ('TT00000332','Nhà trọ Hòa Bình','Số 226, Đường Ngô Quyền, Xã Hùng Sơn','0334686395','36 tháng','NK00000744');
INSERT INTO tamtru VALUES ('TT00000333','Nhà trọ Thiên An','Số 247, Đường Lý Thường Kiệt, Thị trấn Bắc Giang','0987873311','12 tháng','NK00000981');
INSERT INTO tamtru VALUES ('TT00000334','Nhà trọ Tân Tiến','Số 260, Đường Lý Thường Kiệt, Xã Hùng Sơn','0769480293','3 tháng','NK00000501');
INSERT INTO tamtru VALUES ('TT00000335','Nhà trọ Hưng Thịnh','Số 7, Đường Trần Hưng Đạo, Phường 1','0796260834','3 tháng','NK00000200');
INSERT INTO tamtru VALUES ('TT00000336','Nhà trọ Hoàng Anh','Số 487, Đường Phan Bội Châu, Xã Hùng Sơn','0373191622','3 tháng','NK00000041');
INSERT INTO tamtru VALUES ('TT00000337','Nhà trọ Thiên An','Số 588, Đường Lê Lợi, Phường 5','0364139262','12 tháng','NK00000846');
INSERT INTO tamtru VALUES ('TT00000338','Nhà trọ Hoàng Anh','Số 499, Đường Ngô Quyền, Xã An Bình','0799261766','18 tháng','NK00000861');
INSERT INTO tamtru VALUES ('TT00000339','Nhà trọ Bình Minh','Số 507, Đường Trần Hưng Đạo, Phường 4','0385772571','24 tháng','NK00000495');
INSERT INTO tamtru VALUES ('TT00000340','Nhà trọ Bình Minh','Số 335, Đường Trần Hưng Đạo, Phường 3','0978424501','3 tháng','NK00000801');
INSERT INTO tamtru VALUES ('TT00000341','Nhà trọ Vạn Lộc','Số 433, Đường Nguyễn Huệ, Phường 4','0385559022','12 tháng','NK00000297');
INSERT INTO tamtru VALUES ('TT00000342','Nhà trọ Bình Minh','Số 204, Đường Đinh Tiên Hoàng, Phường 1','0782915814','6 tháng','NK00000910');
INSERT INTO tamtru VALUES ('TT00000343','Nhà trọ Thành Đạt','Số 545, Đường Nguyễn Huệ, Thị trấn Bắc Giang','0773251517','18 tháng','NK00000095');
INSERT INTO tamtru VALUES ('TT00000344','Nhà trọ Thiên An','Số 280, Đường Nguyễn Huệ, Xã Tân Hòa','0787336413','24 tháng','NK00000834');
INSERT INTO tamtru VALUES ('TT00000345','Nhà trọ Minh Tâm','Số 437, Đường Hai Bà Trưng, Phường 3','0865651753','24 tháng','NK00000472');
INSERT INTO tamtru VALUES ('TT00000346','Nhà trọ Tân Tiến','Số 457, Đường Hai Bà Trưng, Thị trấn Bắc Giang','0335096232','24 tháng','NK00000260');
INSERT INTO tamtru VALUES ('TT00000347','Nhà trọ Thành Đạt','Số 189, Đường Trần Hưng Đạo, Phường 5','0772431146','18 tháng','NK00000282');
INSERT INTO tamtru VALUES ('TT00000348','Nhà trọ Phú Quý','Số 493, Đường Đinh Tiên Hoàng, Thị trấn Bắc Giang','0782780541','24 tháng','NK00000725');
INSERT INTO tamtru VALUES ('TT00000349','Nhà trọ Phú Quý','Số 103, Đường Trần Phú, Phường 4','0362207925','12 tháng','NK00000681');
INSERT INTO tamtru VALUES ('TT00000350','Nhà trọ Bình Minh','Số 143, Đường Nguyễn Huệ, Phường 5','0377775002','6 tháng','NK00000955');
INSERT INTO tamtru VALUES ('TT00000351','Nhà trọ Thiên An','Số 491, Đường Hoàng Diệu, Xã Tân Hòa','0366062563','12 tháng','NK00000076');
INSERT INTO tamtru VALUES ('TT00000352','Nhà trọ Thiên An','Số 263, Đường Nguyễn Huệ, Phường 5','0772686858','3 tháng','NK00000820');
INSERT INTO tamtru VALUES ('TT00000353','Nhà trọ Phú Quý','Số 295, Đường Bà Triệu, Xã Hùng Sơn','0708336889','12 tháng','NK00000417');
INSERT INTO tamtru VALUES ('TT00000354','Nhà trọ Phú Quý','Số 466, Đường Lê Lợi, Phường 4','0966652551','24 tháng','NK00000222');
INSERT INTO tamtru VALUES ('TT00000355','Nhà trọ Thành Đạt','Số 3, Đường Hùng Vương, Phường 1','0388986364','18 tháng','NK00000842');
INSERT INTO tamtru VALUES ('TT00000356','Nhà trọ Thiên An','Số 227, Đường Bà Triệu, Phường 4','0354479281','6 tháng','NK00000478');
INSERT INTO tamtru VALUES ('TT00000357','Nhà trọ Phú Quý','Số 304, Đường Bà Triệu, Phường 5','0985640857','18 tháng','NK00000859');
INSERT INTO tamtru VALUES ('TT00000358','Nhà trọ Vạn Lộc','Số 124, Đường Lê Lợi, Xã Hùng Sơn','0338646794','36 tháng','NK00000627');
INSERT INTO tamtru VALUES ('TT00000359','Nhà trọ Tân Tiến','Số 385, Đường Phan Bội Châu, Xã Hùng Sơn','0797915900','36 tháng','NK00000044');
INSERT INTO tamtru VALUES ('TT00000360','Nhà trọ Vạn Lộc','Số 40, Đường Đinh Tiên Hoàng, Phường 3','0396594866','36 tháng','NK00000034');
INSERT INTO tamtru VALUES ('TT00000361','Nhà trọ Tân Tiến','Số 21, Đường Hai Bà Trưng, Xã Hùng Sơn','0985845760','24 tháng','NK00000307');
INSERT INTO tamtru VALUES ('TT00000362','Nhà trọ Hưng Thịnh','Số 592, Đường Lý Thường Kiệt, Phường 5','0966398011','3 tháng','NK00000051');
INSERT INTO tamtru VALUES ('TT00000363','Nhà trọ Hưng Thịnh','Số 478, Đường Hai Bà Trưng, Phường 4','0392973594','18 tháng','NK00000487');
INSERT INTO tamtru VALUES ('TT00000364','Nhà trọ Bình Minh','Số 535, Đường Hoàng Diệu, Phường 2','0776307645','24 tháng','NK00000187');
INSERT INTO tamtru VALUES ('TT00000365','Nhà trọ Minh Tâm','Số 1, Đường Bà Triệu, Phường 4','0382094758','36 tháng','NK00000177');
INSERT INTO tamtru VALUES ('TT00000366','Nhà trọ Thành Đạt','Số 303, Đường Lê Lợi, Xã Hùng Sơn','0353310849','12 tháng','NK00000879');
INSERT INTO tamtru VALUES ('TT00000367','Nhà trọ Hoàng Anh','Số 295, Đường Hai Bà Trưng, Xã Tân Hòa','0332314690','24 tháng','NK00000662');
INSERT INTO tamtru VALUES ('TT00000368','Nhà trọ Thiên An','Số 198, Đường Phan Bội Châu, Phường 5','0332449179','36 tháng','NK00000823');
INSERT INTO tamtru VALUES ('TT00000369','Nhà trọ Thiên An','Số 381, Đường Nguyễn Huệ, Phường 1','0985032093','36 tháng','NK00000257');
INSERT INTO tamtru VALUES ('TT00000370','Nhà trọ Tân Tiến','Số 370, Đường Hai Bà Trưng, Xã Tân Hòa','0328706857','6 tháng','NK00000066');
INSERT INTO tamtru VALUES ('TT00000371','Nhà trọ Bình Minh','Số 508, Đường Trần Phú, Xã Tân Hòa','0374903966','12 tháng','NK00000932');
INSERT INTO tamtru VALUES ('TT00000372','Nhà trọ Minh Tâm','Số 419, Đường Nguyễn Huệ, Phường 1','0764555000','18 tháng','NK00000706');
INSERT INTO tamtru VALUES ('TT00000373','Nhà trọ Bình Minh','Số 483, Đường Lê Duẩn, Xã Hùng Sơn','0865519431','18 tháng','NK00000921');
INSERT INTO tamtru VALUES ('TT00000374','Nhà trọ Minh Tâm','Số 429, Đường Hùng Vương, Xã Long Phú','0348019182','24 tháng','NK00000096');
INSERT INTO tamtru VALUES ('TT00000375','Nhà trọ Vạn Lộc','Số 487, Đường Bà Triệu, Phường 5','0979346113','24 tháng','NK00000433');
INSERT INTO tamtru VALUES ('TT00000376','Nhà trọ Minh Tâm','Số 82, Đường Lê Duẩn, Xã An Bình','0797504468','6 tháng','NK00000998');
INSERT INTO tamtru VALUES ('TT00000377','Nhà trọ Phú Quý','Số 144, Đường Hai Bà Trưng, Phường 1','0345098255','12 tháng','NK00000011');
INSERT INTO tamtru VALUES ('TT00000378','Nhà trọ Hoàng Anh','Số 175, Đường Hai Bà Trưng, Xã Hùng Sơn','0320187067','24 tháng','NK00000272');
INSERT INTO tamtru VALUES ('TT00000379','Nhà trọ Hưng Thịnh','Số 292, Đường Trần Phú, Xã Hùng Sơn','0345191207','3 tháng','NK00000250');
INSERT INTO tamtru VALUES ('TT00000380','Nhà trọ Thành Đạt','Số 207, Đường Phan Bội Châu, Xã Tân Hòa','0357865269','24 tháng','NK00000735');
INSERT INTO tamtru VALUES ('TT00000381','Nhà trọ Thiên An','Số 491, Đường Trần Hưng Đạo, Phường 5','0799687526','24 tháng','NK00000659');
INSERT INTO tamtru VALUES ('TT00000382','Nhà trọ Phú Quý','Số 107, Đường Phan Bội Châu, Xã An Bình','0381245721','36 tháng','NK00000554');
INSERT INTO tamtru VALUES ('TT00000383','Nhà trọ Minh Tâm','Số 90, Đường Hai Bà Trưng, Xã Hùng Sơn','0764375810','36 tháng','NK00000081');
INSERT INTO tamtru VALUES ('TT00000384','Nhà trọ Hoàng Anh','Số 118, Đường Phan Bội Châu, Thị trấn Bắc Giang','0798090315','24 tháng','NK00000265');
INSERT INTO tamtru VALUES ('TT00000385','Nhà trọ Minh Tâm','Số 187, Đường Hoàng Diệu, Xã Tân Hòa','0861258127','3 tháng','NK00000115');
INSERT INTO tamtru VALUES ('TT00000386','Nhà trọ Phú Quý','Số 378, Đường Hoàng Diệu, Phường 5','0782206119','6 tháng','NK00000121');
INSERT INTO tamtru VALUES ('TT00000387','Nhà trọ Tân Tiến','Số 110, Đường Bà Triệu, Xã Hùng Sơn','0388836004','12 tháng','NK00000746');
INSERT INTO tamtru VALUES ('TT00000388','Nhà trọ Thiên An','Số 360, Đường Trần Phú, Xã An Bình','0354148957','18 tháng','NK00000148');
INSERT INTO tamtru VALUES ('TT00000389','Nhà trọ Hoàng Anh','Số 534, Đường Trần Phú, Phường 5','0861188933','6 tháng','NK00000850');
INSERT INTO tamtru VALUES ('TT00000390','Nhà trọ Hòa Bình','Số 394, Đường Trần Phú, Phường 3','0975938831','3 tháng','NK00000878');
INSERT INTO tamtru VALUES ('TT00000391','Nhà trọ Hoàng Anh','Số 319, Đường Lê Lợi, Phường 1','0391681418','3 tháng','NK00000558');
INSERT INTO tamtru VALUES ('TT00000392','Nhà trọ Thành Đạt','Số 512, Đường Phan Bội Châu, Phường 1','0336438499','24 tháng','NK00000644');
INSERT INTO tamtru VALUES ('TT00000393','Nhà trọ Phú Quý','Số 346, Đường Hai Bà Trưng, Xã An Bình','0398888406','3 tháng','NK00000443');
INSERT INTO tamtru VALUES ('TT00000394','Nhà trọ Tân Tiến','Số 251, Đường Trần Phú, Xã Long Phú','0366313249','18 tháng','NK00000880');
INSERT INTO tamtru VALUES ('TT00000395','Nhà trọ Tân Tiến','Số 292, Đường Bà Triệu, Phường 2','0793685958','12 tháng','NK00000161');
INSERT INTO tamtru VALUES ('TT00000396','Nhà trọ Minh Tâm','Số 261, Đường Ngô Quyền, Thị trấn Bắc Giang','0378575148','3 tháng','NK00000490');
INSERT INTO tamtru VALUES ('TT00000397','Nhà trọ Thiên An','Số 346, Đường Phan Bội Châu, Thị trấn Bắc Giang','0795347302','3 tháng','NK00000957');
INSERT INTO tamtru VALUES ('TT00000398','Nhà trọ Hưng Thịnh','Số 295, Đường Hai Bà Trưng, Phường 4','0965006003','24 tháng','NK00000442');
INSERT INTO tamtru VALUES ('TT00000399','Nhà trọ Bình Minh','Số 598, Đường Ngô Quyền, Phường 5','0338053519','12 tháng','NK00000021');
INSERT INTO tamtru VALUES ('TT00000400','Nhà trọ Hòa Bình','Số 86, Đường Lê Duẩn, Xã An Bình','0867000918','3 tháng','NK00000018');

-- =====================================================
-- BẢNG: kethon  (200 cặp)
-- =====================================================
INSERT INTO kethon VALUES ('KH00000001','Đào Quốc Lộc','1963-10-14','Mường','Việt Nam','Số 286, Đường Lê Duẩn, Cần Thơ','090796419916','Bùi Hương Ánh','1971-08-21','Mường','Việt Nam','Số 129, Đường Hùng Vương, Hà Nội','036379298600','Phường 5','2013-11-29');
INSERT INTO kethon VALUES ('KH00000002','Phạm Đức Hải','1996-06-14','Tày','Việt Nam','Số 166, Đường Hùng Vương, Quảng Ninh','098752220882','Mai Thị Linh','1972-11-27','Gia Rai','Việt Nam','Số 97, Đường Lê Lợi, Hải Dương','062256673899','Thị trấn Bắc Giang','2019-07-25');
INSERT INTO kethon VALUES ('KH00000003','Lâm Ngọc An','1988-01-25','Hmông','Việt Nam','Số 35, Đường Trần Phú, Thanh Hóa','036435471086','Lý Ngọc Ánh','1992-11-20','Hmông','Việt Nam','Số 238, Đường Lê Duẩn, Thái Nguyên','046652290011','Phường 5','2009-08-11');
INSERT INTO kethon VALUES ('KH00000004','Quách Công Long','1966-01-28','Nùng','Việt Nam','Số 206, Đường Trần Phú, Hải Dương','037404118589','Đỗ Hương Châu','1981-04-25','Sán Chay','Việt Nam','Số 65, Đường Hai Bà Trưng, Thái Nguyên','014673195050','Phường 4','1998-07-05');
INSERT INTO kethon VALUES ('KH00000005','Đỗ Văn Khoa','1981-04-29','Chăm','Việt Nam','Số 313, Đường Lê Duẩn, TP. Hồ Chí Minh','024133999819','Cao Thanh Xuân','1975-03-16','Xơ Đăng','Việt Nam','Số 273, Đường Lê Lợi, Lạng Sơn','090667370644','Phường 2','2020-03-30');
INSERT INTO kethon VALUES ('KH00000006','Phạm Ngọc Giang','1996-05-22','Cơ Ho','Việt Nam','Số 128, Đường Hai Bà Trưng, Bắc Giang','048405243055','Lê Thúy Hà','1970-05-17','Cơ Ho','Việt Nam','Số 174, Đường Đinh Tiên Hoàng, TP. Hồ Chí Minh','075580872165','Thị trấn Bắc Giang','2011-09-29');
INSERT INTO kethon VALUES ('KH00000007','Đặng Hùng Mạnh','1963-01-15','Cơ Ho','Việt Nam','Số 267, Đường Ngô Quyền, Thái Nguyên','066175027067','Đặng Lan Thảo','1979-07-04','Khmer','Việt Nam','Số 101, Đường Nguyễn Huệ, Đà Nẵng','079836094698','Thị trấn Bắc Giang','2000-08-28');
INSERT INTO kethon VALUES ('KH00000008','Phan Xuân Hải','1991-08-04','Thái','Việt Nam','Số 341, Đường Trần Hưng Đạo, Hà Nội','008693797388','Vũ Thúy Trâm','1982-11-17','Dao','Việt Nam','Số 134, Đường Lý Thường Kiệt, Nam Định','052119007065','Phường 4','2018-10-18');
INSERT INTO kethon VALUES ('KH00000009','Đinh Trung Long','1993-11-30','Hmông','Việt Nam','Số 174, Đường Bà Triệu, Lạng Sơn','025032679759','Tô Hoài Xuân','1980-04-07','Nùng','Việt Nam','Số 56, Đường Hai Bà Trưng, Đà Nẵng','091430363665','Phường 3','2002-05-01');
INSERT INTO kethon VALUES ('KH00000010','Phạm Anh Nam','1962-12-25','Gia Rai','Việt Nam','Số 153, Đường Bà Triệu, Nam Định','025294974634','Lưu Thùy Quyên','1978-06-20','Ê Đê','Việt Nam','Số 371, Đường Hai Bà Trưng, Bắc Giang','000823916614','Xã Long Phú','2016-10-18');
INSERT INTO kethon VALUES ('KH00000011','Phan Trung Phúc','1970-07-01','Dao','Việt Nam','Số 222, Đường Hai Bà Trưng, Ninh Bình','072847382219','Phan Ngọc Loan','1967-03-08','Ba Na','Việt Nam','Số 352, Đường Trần Phú, Lạng Sơn','035934613021','Phường 3','2011-05-07');
INSERT INTO kethon VALUES ('KH00000012','Vũ Minh Nam','1985-12-23','Nùng','Việt Nam','Số 280, Đường Hùng Vương, Ninh Bình','055727759491','Nguyễn Tuyết Trang','1973-12-29','Xơ Đăng','Việt Nam','Số 206, Đường Trần Phú, Quảng Ninh','081830628920','Xã Hùng Sơn','2017-07-02');
INSERT INTO kethon VALUES ('KH00000013','Tạ Quốc Sơn','1996-03-12','Xơ Đăng','Việt Nam','Số 307, Đường Hai Bà Trưng, Thanh Hóa','005300906051','Phan Thị Nhung','1964-01-08','Chăm','Việt Nam','Số 349, Đường Lê Duẩn, Bắc Giang','058890377424','Phường 2','2021-03-17');
INSERT INTO kethon VALUES ('KH00000014','Hoàng Minh Hải','1969-11-06','Hmông','Việt Nam','Số 95, Đường Ngô Quyền, Ninh Bình','074178840300','Tống Kiều Loan','1976-01-09','Ba Na','Việt Nam','Số 31, Đường Lê Lợi, Thái Nguyên','085570577146','Phường 4','2002-07-26');
INSERT INTO kethon VALUES ('KH00000015','Phan Anh Kiên','1995-03-11','Mường','Việt Nam','Số 22, Đường Ngô Quyền, Hải Dương','024052104756','Ngô Phương Quyên','1995-10-14','Kinh','Việt Nam','Số 75, Đường Bà Triệu, Thái Nguyên','062633284935','Phường 1','2023-10-05');
INSERT INTO kethon VALUES ('KH00000016','Lưu Gia Linh','1996-03-03','Dao','Việt Nam','Số 216, Đường Phan Bội Châu, Vĩnh Phúc','006555959438','Cao Hoài Hoa','1996-05-25','Nùng','Việt Nam','Số 364, Đường Trần Hưng Đạo, Vĩnh Phúc','008348567346','Thị trấn Bắc Giang','2023-09-04');
INSERT INTO kethon VALUES ('KH00000017','Ngô Viết Sơn','1986-02-06','Ba Na','Việt Nam','Số 395, Đường Hùng Vương, Nam Định','072720890551','Bùi Thanh Uyên','1963-03-08','Khmer','Việt Nam','Số 148, Đường Ngô Quyền, Hải Dương','088537714171','Phường 5','2000-05-03');
INSERT INTO kethon VALUES ('KH00000018','Lý Trung Khải','1996-11-23','Dao','Việt Nam','Số 128, Đường Trần Hưng Đạo, Ninh Bình','064988257846','Dương Ánh Trâm','1999-06-03','Chăm','Việt Nam','Số 78, Đường Trần Hưng Đạo, TP. Hồ Chí Minh','027123540925','Phường 2','2022-07-20');
INSERT INTO kethon VALUES ('KH00000019','Tống Thành Khánh','1985-05-15','Xơ Đăng','Việt Nam','Số 198, Đường Lê Duẩn, Cần Thơ','024980233499','Ngô Mỹ Trang','1970-04-29','Cơ Ho','Việt Nam','Số 363, Đường Hai Bà Trưng, Hà Nội','005764757301','Xã Long Phú','1997-07-30');
INSERT INTO kethon VALUES ('KH00000020','Hà Ngọc Vinh','1976-09-09','Thái','Việt Nam','Số 81, Đường Hùng Vương, Quảng Ninh','069307657183','Ngô Thị An','1998-10-19','Tày','Việt Nam','Số 74, Đường Đinh Tiên Hoàng, Thanh Hóa','005863396540','Phường 2','2018-06-25');
INSERT INTO kethon VALUES ('KH00000021','Hồ Nhật Tuấn','1965-12-20','Chăm','Việt Nam','Số 91, Đường Nguyễn Huệ, Hà Nội','099461860626','Đỗ Tuyết Diệp','1974-04-01','Kinh','Việt Nam','Số 280, Đường Trần Hưng Đạo, Nam Định','083903778506','Phường 1','2019-07-04');
INSERT INTO kethon VALUES ('KH00000022','Đỗ Anh Cường','1982-07-28','Mường','Việt Nam','Số 23, Đường Lý Thường Kiệt, Ninh Bình','050125084355','Phạm Kim Châu','1993-04-03','Nùng','Việt Nam','Số 118, Đường Lê Lợi, Ninh Bình','014811487671','Xã An Bình','1993-10-11');
INSERT INTO kethon VALUES ('KH00000023','Hoàng Khắc Kiên','1982-01-25','Thái','Việt Nam','Số 216, Đường Hai Bà Trưng, Ninh Bình','070222821397','Vương Thanh Thư','1992-01-24','Ê Đê','Việt Nam','Số 353, Đường Trần Hưng Đạo, Nam Định','054819696722','Phường 1','2004-10-23');
INSERT INTO kethon VALUES ('KH00000024','Lý Hùng Duy','1973-07-09','Dao','Việt Nam','Số 248, Đường Hùng Vương, Bắc Giang','092865660021','Đặng Kim Quỳnh','1992-04-11','Nùng','Việt Nam','Số 139, Đường Lý Thường Kiệt, Hà Nội','030522677378','Phường 2','2021-04-02');
INSERT INTO kethon VALUES ('KH00000025','Vũ Đức Hải','1970-11-07','Dao','Việt Nam','Số 88, Đường Trần Hưng Đạo, TP. Hồ Chí Minh','075348446250','Hoàng Tuyết Ngân','1993-08-15','Tày','Việt Nam','Số 265, Đường Hai Bà Trưng, TP. Hồ Chí Minh','058689718157','Xã Hùng Sơn','2008-12-22');
INSERT INTO kethon VALUES ('KH00000026','Đoàn Gia Tuấn','1995-10-23','Ê Đê','Việt Nam','Số 69, Đường Trần Phú, Thanh Hóa','061714850945','Vương Ánh Chi','1988-08-23','Nùng','Việt Nam','Số 215, Đường Trần Phú, Hà Nội','065632792970','Xã Tân Hòa','2017-11-28');
INSERT INTO kethon VALUES ('KH00000027','Tô Công Bảo','1984-07-25','Sán Chay','Việt Nam','Số 137, Đường Hai Bà Trưng, Vĩnh Phúc','019541236698','Đinh Phương Uyên','1970-12-15','Kinh','Việt Nam','Số 53, Đường Phan Bội Châu, Hải Dương','085541164811','Xã Tân Hòa','2009-01-10');
INSERT INTO kethon VALUES ('KH00000028','Ngô Công Duy','1972-04-16','Khmer','Việt Nam','Số 291, Đường Lê Lợi, Lạng Sơn','061328913785','Vũ Thị Thảo','1994-03-22','Cơ Ho','Việt Nam','Số 375, Đường Trần Hưng Đạo, Thanh Hóa','009425881736','Xã An Bình','2018-05-21');
INSERT INTO kethon VALUES ('KH00000029','Bùi Văn Dũng','1962-05-17','Nùng','Việt Nam','Số 13, Đường Đinh Tiên Hoàng, Bắc Giang','040016001695','Vương Thùy Thảo','1968-12-10','Kinh','Việt Nam','Số 143, Đường Hai Bà Trưng, Hà Nội','062174118015','Xã Hùng Sơn','2011-05-23');
INSERT INTO kethon VALUES ('KH00000030','Trần Trung Linh','1980-02-27','Thái','Việt Nam','Số 217, Đường Ngô Quyền, Thanh Hóa','086076336838','Hoàng Tú Hoa','1976-03-09','Chăm','Việt Nam','Số 283, Đường Lê Lợi, Lạng Sơn','026126059223','Thị trấn Bắc Giang','2004-02-14');
INSERT INTO kethon VALUES ('KH00000031','Bùi Tuấn Phong','1996-09-02','Khmer','Việt Nam','Số 17, Đường Nguyễn Huệ, Quảng Ninh','063003292084','Đinh Thanh Nhung','1999-05-27','Kinh','Việt Nam','Số 287, Đường Hai Bà Trưng, TP. Hồ Chí Minh','022286920841','Xã Hùng Sơn','2016-10-07');
INSERT INTO kethon VALUES ('KH00000032','Ngô Xuân Kiên','1979-06-01','Hmông','Việt Nam','Số 362, Đường Hoàng Diệu, Thái Nguyên','059092138018','Đào Thùy Châu','1990-06-04','Ê Đê','Việt Nam','Số 245, Đường Hùng Vương, Đà Nẵng','036711194455','Xã Hùng Sơn','2014-01-16');
INSERT INTO kethon VALUES ('KH00000033','Trịnh Minh Khánh','1966-05-19','Ê Đê','Việt Nam','Số 120, Đường Hoàng Diệu, Bắc Ninh','060420740681','Đặng Ánh Phương','1993-05-12','Ba Na','Việt Nam','Số 96, Đường Phan Bội Châu, Bắc Giang','019586873616','Xã Long Phú','2019-03-09');
INSERT INTO kethon VALUES ('KH00000034','Đặng Bá Phúc','1964-07-27','Tày','Việt Nam','Số 45, Đường Hùng Vương, Thanh Hóa','082227776422','Vũ Lan Ánh','1996-09-23','Xơ Đăng','Việt Nam','Số 130, Đường Bà Triệu, Hải Dương','082303736568','Phường 2','2001-02-22');
INSERT INTO kethon VALUES ('KH00000035','Tống Xuân Kiên','1984-08-16','Chăm','Việt Nam','Số 184, Đường Ngô Quyền, Bắc Giang','044344994307','Đinh Thanh Trâm','1995-08-07','Cơ Ho','Việt Nam','Số 8, Đường Hai Bà Trưng, TP. Hồ Chí Minh','028372402499','Phường 5','2004-07-17');
INSERT INTO kethon VALUES ('KH00000036','Tô Bá Thọ','1978-01-08','Dao','Việt Nam','Số 59, Đường Trần Hưng Đạo, Hải Phòng','058460621731','Đỗ Hương An','1972-08-19','Ba Na','Việt Nam','Số 3, Đường Lý Thường Kiệt, Hải Dương','024635682343','Thị trấn Bắc Giang','2002-09-27');
INSERT INTO kethon VALUES ('KH00000037','Đỗ Đức An','1988-10-14','Hmông','Việt Nam','Số 386, Đường Nguyễn Huệ, Vĩnh Phúc','028452685960','Lý Thị Bích','1970-09-25','Dao','Việt Nam','Số 348, Đường Đinh Tiên Hoàng, Ninh Bình','077494412575','Phường 5','2007-12-20');
INSERT INTO kethon VALUES ('KH00000038','Hoàng Đức Nam','1960-01-29','Mường','Việt Nam','Số 17, Đường Ngô Quyền, Thanh Hóa','057185982053','Nguyễn Lan Lam','1993-03-07','Ê Đê','Việt Nam','Số 277, Đường Hoàng Diệu, Quảng Ninh','036180323444','Thị trấn Bắc Giang','2017-09-07');
INSERT INTO kethon VALUES ('KH00000039','Quách Tất Bảo','1964-08-26','Thái','Việt Nam','Số 175, Đường Lê Duẩn, Hà Nội','058281409245','Phan Thùy Uyên','1982-11-19','Hmông','Việt Nam','Số 31, Đường Trần Hưng Đạo, Nam Định','047893033147','Xã An Bình','2003-09-20');
INSERT INTO kethon VALUES ('KH00000040','Hoàng Anh Bình','1978-01-09','Mường','Việt Nam','Số 244, Đường Lê Lợi, Vĩnh Phúc','073058824007','Vũ Thị Thảo','1984-12-22','Kinh','Việt Nam','Số 118, Đường Trần Hưng Đạo, Hải Phòng','075031731527','Phường 1','2011-08-17');
INSERT INTO kethon VALUES ('KH00000041','Vương Hùng Phúc','1988-02-22','Nùng','Việt Nam','Số 68, Đường Đinh Tiên Hoàng, Bắc Ninh','012404219829','Đỗ Ngọc Chi','1996-02-24','Khmer','Việt Nam','Số 281, Đường Đinh Tiên Hoàng, Hà Nội','076190522248','Phường 4','2023-06-24');
INSERT INTO kethon VALUES ('KH00000042','Hồ Minh Tài','1976-07-15','Xơ Đăng','Việt Nam','Số 124, Đường Trần Phú, Vĩnh Phúc','043312450803','Lâm Thu Loan','1992-08-18','Nùng','Việt Nam','Số 4, Đường Hùng Vương, Hải Phòng','010411266958','Phường 4','2011-04-29');
INSERT INTO kethon VALUES ('KH00000043','Đoàn Hùng Sơn','1983-12-31','Dao','Việt Nam','Số 92, Đường Trần Phú, Cần Thơ','071672174095','Ngô Tuyết Loan','1975-05-01','Cơ Ho','Việt Nam','Số 241, Đường Hoàng Diệu, Bắc Giang','069377024515','Phường 4','2004-08-14');
INSERT INTO kethon VALUES ('KH00000044','Bùi Đức Hải','1961-05-03','Ê Đê','Việt Nam','Số 190, Đường Hùng Vương, TP. Hồ Chí Minh','084961379984','Đào Mỹ Hà','1988-10-10','Hmông','Việt Nam','Số 346, Đường Trần Hưng Đạo, Bắc Ninh','037246492106','Phường 1','2011-10-30');
INSERT INTO kethon VALUES ('KH00000045','Lâm Khắc Linh','1998-11-26','Xơ Đăng','Việt Nam','Số 389, Đường Đinh Tiên Hoàng, Hải Phòng','049263029150','Tô Thị Mai','1990-06-04','Tày','Việt Nam','Số 208, Đường Đinh Tiên Hoàng, Bắc Giang','012176744125','Phường 5','1990-03-29');
INSERT INTO kethon VALUES ('KH00000046','Phạm Nhật Sơn','1990-02-21','Ê Đê','Việt Nam','Số 248, Đường Hùng Vương, Hải Phòng','017555548910','Ngô Bích Trang','1970-11-08','Dao','Việt Nam','Số 66, Đường Nguyễn Huệ, Cần Thơ','028438131611','Xã An Bình','2005-02-14');
INSERT INTO kethon VALUES ('KH00000047','Tô Thành Phúc','1968-12-16','Xơ Đăng','Việt Nam','Số 19, Đường Trần Phú, Thái Nguyên','015632320443','Phạm Hoài Thảo','1981-10-28','Tày','Việt Nam','Số 225, Đường Ngô Quyền, Đà Nẵng','057067140009','Phường 5','2019-04-11');
INSERT INTO kethon VALUES ('KH00000048','Bùi Minh Linh','1981-05-13','Xơ Đăng','Việt Nam','Số 161, Đường Ngô Quyền, Lạng Sơn','096497356313','Đào Tú Trâm','1973-02-18','Ê Đê','Việt Nam','Số 221, Đường Phan Bội Châu, Thái Nguyên','034502669027','Phường 4','2013-12-17');
INSERT INTO kethon VALUES ('KH00000049','Lê Nhật Giang','1961-05-03','Hmông','Việt Nam','Số 258, Đường Lê Lợi, Thanh Hóa','074277080172','Đào Hồng Bích','1964-04-30','Khmer','Việt Nam','Số 219, Đường Nguyễn Huệ, Hải Phòng','022741829670','Phường 4','1998-03-15');
INSERT INTO kethon VALUES ('KH00000050','Cao Gia Cường','1995-02-25','Xơ Đăng','Việt Nam','Số 365, Đường Trần Hưng Đạo, Thanh Hóa','085161127499','Đào Ngọc Ánh','1983-02-03','Tày','Việt Nam','Số 23, Đường Lê Duẩn, TP. Hồ Chí Minh','012015580849','Phường 2','2003-06-05');
INSERT INTO kethon VALUES ('KH00000051','Phan Khắc Duy','1994-11-06','Sán Chay','Việt Nam','Số 340, Đường Trần Hưng Đạo, Lạng Sơn','030347585125','Đoàn Tú An','1989-03-03','Tày','Việt Nam','Số 267, Đường Lý Thường Kiệt, Hải Dương','097614730908','Thị trấn Bắc Giang','1997-01-29');
INSERT INTO kethon VALUES ('KH00000052','Đinh Tuấn Tuấn','1993-03-22','Kinh','Việt Nam','Số 44, Đường Nguyễn Huệ, Vĩnh Phúc','097086201422','Quách Thị Nhung','1986-10-29','Chăm','Việt Nam','Số 198, Đường Đinh Tiên Hoàng, Bắc Giang','094432955924','Xã Long Phú','1999-06-30');
INSERT INTO kethon VALUES ('KH00000053','Võ Bá Khoa','1961-02-02','Ê Đê','Việt Nam','Số 397, Đường Lê Lợi, Hải Phòng','010270283526','Phạm Bích Loan','1964-03-11','Thái','Việt Nam','Số 348, Đường Trần Hưng Đạo, Hải Phòng','054036713240','Xã Tân Hòa','2013-07-24');
INSERT INTO kethon VALUES ('KH00000054','Lý Khắc Hưng','1981-05-24','Gia Rai','Việt Nam','Số 268, Đường Hoàng Diệu, Vĩnh Phúc','018850067268','Đỗ Hương Chi','1963-01-12','Thái','Việt Nam','Số 393, Đường Bà Triệu, Thanh Hóa','077678503542','Xã Long Phú','2023-05-26');
INSERT INTO kethon VALUES ('KH00000055','Phạm Đức Thắng','1990-04-24','Chăm','Việt Nam','Số 213, Đường Nguyễn Huệ, Bắc Ninh','092325900128','Tạ Thùy An','1999-10-09','Tày','Việt Nam','Số 204, Đường Lê Duẩn, Hải Dương','097334486071','Xã Hùng Sơn','1992-02-03');
INSERT INTO kethon VALUES ('KH00000056','Tống Quốc Khoa','1966-12-03','Sán Chay','Việt Nam','Số 259, Đường Hùng Vương, Nam Định','056910131157','Vũ Ánh Hằng','1996-10-02','Xơ Đăng','Việt Nam','Số 210, Đường Hoàng Diệu, Thanh Hóa','053171931638','Phường 1','1992-07-09');
INSERT INTO kethon VALUES ('KH00000057','Hà Quốc Thọ','1975-12-25','Chăm','Việt Nam','Số 102, Đường Hai Bà Trưng, Ninh Bình','026363283799','Hà Tú Lan','1984-07-30','Thái','Việt Nam','Số 355, Đường Phan Bội Châu, Hải Phòng','080105995568','Phường 3','2021-07-18');
INSERT INTO kethon VALUES ('KH00000058','Trịnh Viết Vinh','1981-07-08','Kinh','Việt Nam','Số 144, Đường Trần Phú, Vĩnh Phúc','032861484910','Tô Thùy Lam','1976-05-12','Ba Na','Việt Nam','Số 303, Đường Đinh Tiên Hoàng, Thanh Hóa','024839932232','Thị trấn Bắc Giang','2005-08-25');
INSERT INTO kethon VALUES ('KH00000059','Quách Ngọc Long','1962-01-13','Tày','Việt Nam','Số 259, Đường Nguyễn Huệ, Hải Dương','085521828243','Vương Mai Hằng','1992-04-21','Chăm','Việt Nam','Số 204, Đường Trần Hưng Đạo, TP. Hồ Chí Minh','049489273578','Phường 5','2007-09-18');
INSERT INTO kethon VALUES ('KH00000060','Hoàng Ngọc Giang','1963-11-05','Cơ Ho','Việt Nam','Số 313, Đường Ngô Quyền, Hà Nội','026182866719','Vũ Ánh Quỳnh','1999-06-29','Cơ Ho','Việt Nam','Số 196, Đường Lê Duẩn, Nam Định','055198596089','Phường 1','1996-11-07');
INSERT INTO kethon VALUES ('KH00000061','Trần Khắc Cường','1995-06-23','Mường','Việt Nam','Số 308, Đường Hoàng Diệu, Nam Định','057147336838','Đặng Ngọc Xuân','1991-07-23','Kinh','Việt Nam','Số 399, Đường Lý Thường Kiệt, Nam Định','063721622018','Xã Hùng Sơn','2009-07-09');
INSERT INTO kethon VALUES ('KH00000062','Cao Đình Giang','1993-07-01','Mường','Việt Nam','Số 18, Đường Ngô Quyền, Quảng Ninh','082845708784','Ngô Kiều Bích','1987-09-14','Sán Chay','Việt Nam','Số 8, Đường Đinh Tiên Hoàng, Ninh Bình','038815536506','Phường 3','1996-05-20');
INSERT INTO kethon VALUES ('KH00000063','Đào Minh Hưng','1980-06-18','Sán Chay','Việt Nam','Số 304, Đường Hai Bà Trưng, Hà Nội','041126533568','Võ Hồng Uyên','1986-11-21','Tày','Việt Nam','Số 78, Đường Hai Bà Trưng, Hải Dương','009623857895','Phường 1','2013-04-30');
INSERT INTO kethon VALUES ('KH00000064','Phan Hùng Quân','1971-02-09','Ê Đê','Việt Nam','Số 130, Đường Trần Phú, Lạng Sơn','017196590081','Hà Thúy Thảo','1974-11-13','Khmer','Việt Nam','Số 270, Đường Nguyễn Huệ, Ninh Bình','029192173165','Phường 2','2007-08-22');
INSERT INTO kethon VALUES ('KH00000065','Vũ Nhật Khánh','1981-02-28','Thái','Việt Nam','Số 140, Đường Bà Triệu, Bắc Giang','094739650579','Đỗ Thị Lam','1983-12-15','Cơ Ho','Việt Nam','Số 321, Đường Lê Duẩn, Thái Nguyên','069964115533','Phường 3','1995-09-26');
INSERT INTO kethon VALUES ('KH00000066','Nguyễn Hữu Phong','1992-03-04','Chăm','Việt Nam','Số 384, Đường Nguyễn Huệ, Đà Nẵng','097640520923','Hoàng Lan Diệp','1968-12-25','Hmông','Việt Nam','Số 142, Đường Trần Phú, Hải Phòng','037601531517','Phường 3','2014-11-21');
INSERT INTO kethon VALUES ('KH00000067','Đặng Trung Bình','1970-10-04','Tày','Việt Nam','Số 330, Đường Lý Thường Kiệt, Thanh Hóa','024171770147','Nguyễn Thị Nhung','1976-02-01','Thái','Việt Nam','Số 358, Đường Hoàng Diệu, Quảng Ninh','012115946123','Xã Hùng Sơn','2011-06-07');
INSERT INTO kethon VALUES ('KH00000068','Vương Xuân Bình','1972-11-12','Hmông','Việt Nam','Số 84, Đường Ngô Quyền, Thái Nguyên','088174294685','Hồ Kiều Hoa','1988-04-19','Mường','Việt Nam','Số 388, Đường Lê Lợi, Cần Thơ','062628231588','Xã Long Phú','2009-11-17');
INSERT INTO kethon VALUES ('KH00000069','Quách Công Phúc','1969-09-29','Dao','Việt Nam','Số 247, Đường Hai Bà Trưng, Hà Nội','021302615333','Trần Mỹ An','1963-10-28','Dao','Việt Nam','Số 380, Đường Ngô Quyền, Thái Nguyên','070079188191','Xã Hùng Sơn','2008-10-28');
INSERT INTO kethon VALUES ('KH00000070','Tạ Gia Duy','1971-04-28','Mường','Việt Nam','Số 186, Đường Nguyễn Huệ, Thái Nguyên','075008499742','Huỳnh Diệu Thảo','1972-11-29','Khmer','Việt Nam','Số 61, Đường Bà Triệu, Thanh Hóa','023805861024','Xã Long Phú','1990-12-14');
INSERT INTO kethon VALUES ('KH00000071','Mai Bá Bảo','1962-12-21','Cơ Ho','Việt Nam','Số 48, Đường Trần Hưng Đạo, Lạng Sơn','079803220431','Đỗ Tuyết Lan','1984-12-11','Hmông','Việt Nam','Số 347, Đường Đinh Tiên Hoàng, Cần Thơ','098711557129','Xã Long Phú','2023-04-26');
INSERT INTO kethon VALUES ('KH00000072','Ngô Nhật Tuấn','1974-11-08','Ba Na','Việt Nam','Số 226, Đường Ngô Quyền, Đà Nẵng','042422948358','Phan Hương Yến','1987-05-17','Sán Chay','Việt Nam','Số 133, Đường Bà Triệu, TP. Hồ Chí Minh','076137527277','Phường 3','2014-04-25');
INSERT INTO kethon VALUES ('KH00000073','Đào Đình Cường','1985-05-29','Ba Na','Việt Nam','Số 234, Đường Trần Phú, TP. Hồ Chí Minh','065295485693','Hoàng Tuyết Oanh','1997-06-10','Tày','Việt Nam','Số 380, Đường Lê Lợi, TP. Hồ Chí Minh','021162652112','Phường 1','1998-09-01');
INSERT INTO kethon VALUES ('KH00000074','Tô Tất Dũng','1971-11-20','Xơ Đăng','Việt Nam','Số 220, Đường Hoàng Diệu, Đà Nẵng','059499613267','Trịnh Mai Ánh','1988-05-24','Nùng','Việt Nam','Số 206, Đường Ngô Quyền, Hải Dương','058255483945','Phường 4','2009-12-19');
INSERT INTO kethon VALUES ('KH00000075','Hoàng Khắc Phúc','1993-09-30','Mường','Việt Nam','Số 367, Đường Lê Lợi, Thanh Hóa','093091452451','Lê Thu Lan','1996-09-12','Xơ Đăng','Việt Nam','Số 263, Đường Trần Phú, Cần Thơ','027685575847','Phường 5','2007-06-04');
INSERT INTO kethon VALUES ('KH00000076','Ngô Ngọc Phúc','1973-09-12','Dao','Việt Nam','Số 319, Đường Trần Hưng Đạo, Bắc Giang','047446157262','Hồ Mỹ Yến','1996-06-08','Sán Chay','Việt Nam','Số 144, Đường Hùng Vương, Đà Nẵng','063318728489','Phường 1','2012-10-24');
INSERT INTO kethon VALUES ('KH00000077','Mai Thành Phong','1961-09-09','Thái','Việt Nam','Số 241, Đường Lê Lợi, Cần Thơ','085331578735','Đặng Mai Chi','1967-11-06','Chăm','Việt Nam','Số 289, Đường Lê Duẩn, Hà Nội','094565044832','Phường 4','2012-08-16');
INSERT INTO kethon VALUES ('KH00000078','Đinh Minh Quân','1975-10-12','Xơ Đăng','Việt Nam','Số 72, Đường Đinh Tiên Hoàng, Vĩnh Phúc','009203792371','Vũ Kim Nhi','1990-05-22','Dao','Việt Nam','Số 302, Đường Nguyễn Huệ, TP. Hồ Chí Minh','023709951584','Phường 3','1996-07-31');
INSERT INTO kethon VALUES ('KH00000079','Đào Ngọc Kiên','1985-02-24','Hmông','Việt Nam','Số 384, Đường Trần Phú, TP. Hồ Chí Minh','019927618999','Vương Hoài Diệp','2000-12-23','Sán Chay','Việt Nam','Số 250, Đường Trần Hưng Đạo, Hà Nội','062754906156','Xã Hùng Sơn','1996-05-13');
INSERT INTO kethon VALUES ('KH00000080','Trần Công Lộc','1990-10-10','Mường','Việt Nam','Số 238, Đường Bà Triệu, TP. Hồ Chí Minh','059456121479','Phạm Diệu Trâm','1969-04-16','Ê Đê','Việt Nam','Số 33, Đường Đinh Tiên Hoàng, Hải Dương','040554264953','Phường 4','1997-04-14');
INSERT INTO kethon VALUES ('KH00000081','Đinh Tuấn Sơn','1966-10-08','Chăm','Việt Nam','Số 338, Đường Trần Hưng Đạo, Nam Định','068265599294','Lê Thu Lam','1992-07-09','Chăm','Việt Nam','Số 234, Đường Phan Bội Châu, Quảng Ninh','082830832821','Thị trấn Bắc Giang','2009-07-21');
INSERT INTO kethon VALUES ('KH00000082','Đào Anh Quân','1988-11-23','Xơ Đăng','Việt Nam','Số 142, Đường Đinh Tiên Hoàng, Hải Phòng','014377426746','Võ Phương Thảo','1999-06-18','Chăm','Việt Nam','Số 113, Đường Nguyễn Huệ, Lạng Sơn','078521397129','Xã Long Phú','1996-12-16');
INSERT INTO kethon VALUES ('KH00000083','Huỳnh Đức Hải','1980-01-29','Gia Rai','Việt Nam','Số 11, Đường Trần Hưng Đạo, Hải Dương','065852027981','Vũ Lan Chi','1989-10-20','Thái','Việt Nam','Số 377, Đường Phan Bội Châu, Hải Phòng','011084471320','Xã Hùng Sơn','2000-11-15');
INSERT INTO kethon VALUES ('KH00000084','Hoàng Tuấn Vinh','1968-03-07','Nùng','Việt Nam','Số 230, Đường Trần Hưng Đạo, Vĩnh Phúc','058207758753','Lý Ánh Yến','1978-12-13','Kinh','Việt Nam','Số 214, Đường Nguyễn Huệ, Đà Nẵng','012048995874','Xã Hùng Sơn','2011-07-07');
INSERT INTO kethon VALUES ('KH00000085','Trần Minh Bình','1988-04-08','Dao','Việt Nam','Số 105, Đường Đinh Tiên Hoàng, Hà Nội','011073040650','Phan Thúy Phương','1966-10-09','Thái','Việt Nam','Số 378, Đường Phan Bội Châu, Nam Định','014229642858','Phường 1','1997-06-07');
INSERT INTO kethon VALUES ('KH00000086','Đào Hùng Quang','1973-05-23','Nùng','Việt Nam','Số 282, Đường Lý Thường Kiệt, Ninh Bình','001767319946','Phan Kim Hà','1969-05-09','Gia Rai','Việt Nam','Số 335, Đường Hai Bà Trưng, Nam Định','075770246935','Xã Hùng Sơn','1997-10-12');
INSERT INTO kethon VALUES ('KH00000087','Cao Đình Khánh','1965-07-14','Cơ Ho','Việt Nam','Số 59, Đường Hai Bà Trưng, Bắc Ninh','029304262602','Lưu Lan Xuân','1991-01-13','Xơ Đăng','Việt Nam','Số 376, Đường Bà Triệu, Bắc Giang','036265047175','Xã Long Phú','1990-09-18');
INSERT INTO kethon VALUES ('KH00000088','Quách Hùng Duy','1968-01-28','Dao','Việt Nam','Số 384, Đường Ngô Quyền, Nam Định','004614885921','Dương Thanh An','1998-04-15','Hmông','Việt Nam','Số 351, Đường Ngô Quyền, Thái Nguyên','057359347782','Thị trấn Bắc Giang','2018-07-10');
INSERT INTO kethon VALUES ('KH00000089','Tạ Thành Linh','1985-05-04','Chăm','Việt Nam','Số 149, Đường Hoàng Diệu, Thanh Hóa','055361690580','Tạ Thu Phương','1976-02-21','Gia Rai','Việt Nam','Số 355, Đường Lý Thường Kiệt, Lạng Sơn','059080381128','Xã Long Phú','2018-01-03');
INSERT INTO kethon VALUES ('KH00000090','Mai Xuân Kiên','1983-10-25','Cơ Ho','Việt Nam','Số 332, Đường Hoàng Diệu, Ninh Bình','011670568008','Đỗ Lan Nhung','1999-12-16','Dao','Việt Nam','Số 321, Đường Lê Duẩn, Hà Nội','012408535978','Phường 4','2022-07-04');
INSERT INTO kethon VALUES ('KH00000091','Bùi Gia Tài','1967-08-19','Tày','Việt Nam','Số 8, Đường Lê Duẩn, TP. Hồ Chí Minh','019835910389','Phan Thị Ngân','1967-03-18','Xơ Đăng','Việt Nam','Số 141, Đường Hùng Vương, Hải Phòng','058519206803','Phường 1','2001-02-02');
INSERT INTO kethon VALUES ('KH00000092','Cao Đức Quang','1984-03-04','Cơ Ho','Việt Nam','Số 187, Đường Bà Triệu, Thanh Hóa','099676078833','Phạm Mỹ Quỳnh','1979-10-02','Dao','Việt Nam','Số 191, Đường Hoàng Diệu, Bắc Ninh','009615866666','Phường 1','1995-04-20');
INSERT INTO kethon VALUES ('KH00000093','Phạm Tất Tuấn','1991-03-16','Sán Chay','Việt Nam','Số 22, Đường Trần Phú, TP. Hồ Chí Minh','011926972088','Huỳnh Kiều Quyên','1991-12-08','Ê Đê','Việt Nam','Số 129, Đường Lê Duẩn, Lạng Sơn','016982221120','Xã Hùng Sơn','1994-11-23');
INSERT INTO kethon VALUES ('KH00000094','Hà Viết Quân','1988-02-25','Dao','Việt Nam','Số 214, Đường Hoàng Diệu, Cần Thơ','070273469635','Bùi Thị Hoa','1963-10-03','Sán Chay','Việt Nam','Số 273, Đường Lê Duẩn, Thanh Hóa','021986717019','Xã Long Phú','2022-09-02');
INSERT INTO kethon VALUES ('KH00000095','Vương Khắc Phong','1960-08-13','Ba Na','Việt Nam','Số 68, Đường Phan Bội Châu, Hà Nội','009098488690','Đặng Thị Chi','1982-08-23','Thái','Việt Nam','Số 253, Đường Hùng Vương, Bắc Ninh','007435957949','Phường 2','2000-10-10');
INSERT INTO kethon VALUES ('KH00000096','Tô Viết Mạnh','1969-06-02','Ba Na','Việt Nam','Số 185, Đường Trần Hưng Đạo, Hà Nội','096108712781','Cao Phương Chi','1967-01-06','Tày','Việt Nam','Số 199, Đường Hoàng Diệu, Quảng Ninh','001170911470','Xã Tân Hòa','2016-05-13');
INSERT INTO kethon VALUES ('KH00000097','Cao Gia Tài','1975-02-14','Sán Chay','Việt Nam','Số 136, Đường Hùng Vương, Lạng Sơn','048229461386','Nguyễn Thùy Trâm','1983-09-03','Nùng','Việt Nam','Số 220, Đường Lê Lợi, Đà Nẵng','033641235402','Phường 4','2019-03-27');
INSERT INTO kethon VALUES ('KH00000098','Ngô Thành Đạt','1985-09-15','Xơ Đăng','Việt Nam','Số 327, Đường Ngô Quyền, Thái Nguyên','064168292011','Đỗ Kim Dung','1974-08-04','Khmer','Việt Nam','Số 27, Đường Hùng Vương, Lạng Sơn','064398876527','Phường 5','2000-08-15');
INSERT INTO kethon VALUES ('KH00000099','Hồ Thành Nam','1978-03-09','Nùng','Việt Nam','Số 271, Đường Phan Bội Châu, Thanh Hóa','097299820539','Tống Thị Phương','1988-09-04','Dao','Việt Nam','Số 58, Đường Phan Bội Châu, TP. Hồ Chí Minh','004594624295','Phường 2','1995-10-23');
INSERT INTO kethon VALUES ('KH00000100','Hoàng Anh Linh','1997-11-23','Ê Đê','Việt Nam','Số 312, Đường Ngô Quyền, Hà Nội','087962620711','Tô Tuyết Châu','1995-04-30','Chăm','Việt Nam','Số 201, Đường Trần Phú, Đà Nẵng','048560419859','Xã Long Phú','2016-08-20');
INSERT INTO kethon VALUES ('KH00000101','Cao Hữu Mạnh','1966-03-12','Sán Chay','Việt Nam','Số 340, Đường Phan Bội Châu, Bắc Giang','001662579613','Mai Thúy Nhung','1974-04-09','Khmer','Việt Nam','Số 65, Đường Phan Bội Châu, TP. Hồ Chí Minh','020248979304','Xã Long Phú','2006-06-13');
INSERT INTO kethon VALUES ('KH00000102','Huỳnh Xuân Hải','1964-12-16','Hmông','Việt Nam','Số 350, Đường Lê Duẩn, Đà Nẵng','029263698215','Quách Tú Yến','1994-06-06','Kinh','Việt Nam','Số 106, Đường Bà Triệu, Thanh Hóa','084187378609','Xã An Bình','1993-03-21');
INSERT INTO kethon VALUES ('KH00000103','Đào Khắc Tuấn','1998-05-21','Thái','Việt Nam','Số 95, Đường Đinh Tiên Hoàng, Lạng Sơn','072741766343','Phạm Bích Phương','1970-06-29','Chăm','Việt Nam','Số 103, Đường Ngô Quyền, Hà Nội','040811934278','Thị trấn Bắc Giang','1997-03-10');
INSERT INTO kethon VALUES ('KH00000104','Huỳnh Công Thọ','1967-01-10','Xơ Đăng','Việt Nam','Số 297, Đường Lê Duẩn, Thanh Hóa','067245867817','Trần Kiều Diệp','1980-03-02','Ba Na','Việt Nam','Số 163, Đường Phan Bội Châu, Hà Nội','039585705364','Thị trấn Bắc Giang','1997-12-23');
INSERT INTO kethon VALUES ('KH00000105','Tạ Anh Thọ','1979-10-27','Thái','Việt Nam','Số 186, Đường Phan Bội Châu, Bắc Giang','066178043622','Tạ Kim Bích','1974-02-19','Kinh','Việt Nam','Số 32, Đường Lê Lợi, Thái Nguyên','026043275875','Xã Long Phú','1996-08-12');
INSERT INTO kethon VALUES ('KH00000106','Huỳnh Xuân Bình','1991-01-09','Nùng','Việt Nam','Số 160, Đường Phan Bội Châu, Hải Phòng','009082361782','Tạ Tú Trang','1964-11-29','Kinh','Việt Nam','Số 159, Đường Hai Bà Trưng, Hải Dương','017729372209','Phường 2','1999-08-07');
INSERT INTO kethon VALUES ('KH00000107','Trịnh Anh Linh','1994-01-20','Mường','Việt Nam','Số 198, Đường Hoàng Diệu, Hải Dương','096134974694','Tạ Tuyết Nhung','1997-04-03','Mường','Việt Nam','Số 175, Đường Lý Thường Kiệt, Bắc Giang','031245563711','Phường 4','2019-02-11');
INSERT INTO kethon VALUES ('KH00000108','Trần Công Tuấn','1964-06-24','Xơ Đăng','Việt Nam','Số 355, Đường Nguyễn Huệ, Thái Nguyên','081173967926','Lê Kiều Lan','1976-09-28','Nùng','Việt Nam','Số 108, Đường Lê Duẩn, Ninh Bình','035053508493','Phường 1','2004-08-03');
INSERT INTO kethon VALUES ('KH00000109','Đào Xuân Thọ','1987-08-26','Sán Chay','Việt Nam','Số 8, Đường Hai Bà Trưng, Hà Nội','062524220268','Ngô Diệu Mai','1994-11-03','Ê Đê','Việt Nam','Số 112, Đường Đinh Tiên Hoàng, TP. Hồ Chí Minh','063124996283','Phường 5','1994-06-18');
INSERT INTO kethon VALUES ('KH00000110','Lâm Đức Khánh','1960-10-22','Ê Đê','Việt Nam','Số 372, Đường Phan Bội Châu, Quảng Ninh','042887055446','Tạ Thị Xuân','1986-11-24','Ê Đê','Việt Nam','Số 158, Đường Bà Triệu, Bắc Giang','054097147371','Phường 1','1993-06-29');
INSERT INTO kethon VALUES ('KH00000111','Lưu Quốc An','1973-05-04','Kinh','Việt Nam','Số 372, Đường Trần Hưng Đạo, Đà Nẵng','047469909772','Trịnh Thu Quyên','1972-09-13','Kinh','Việt Nam','Số 46, Đường Hoàng Diệu, Quảng Ninh','066254869958','Phường 2','1992-04-19');
INSERT INTO kethon VALUES ('KH00000112','Dương Công Phúc','1995-07-12','Gia Rai','Việt Nam','Số 299, Đường Lê Lợi, Quảng Ninh','027727484578','Lưu Thanh Quỳnh','1969-02-16','Thái','Việt Nam','Số 258, Đường Lê Lợi, TP. Hồ Chí Minh','016067935748','Xã Tân Hòa','2001-10-27');
INSERT INTO kethon VALUES ('KH00000113','Trần Bá Long','1985-01-12','Gia Rai','Việt Nam','Số 384, Đường Trần Hưng Đạo, Bắc Ninh','053375187497','Quách Tuyết Thảo','1986-10-24','Hmông','Việt Nam','Số 65, Đường Hai Bà Trưng, Quảng Ninh','081143463619','Xã Tân Hòa','2017-04-30');
INSERT INTO kethon VALUES ('KH00000114','Tạ Gia Thọ','1991-08-01','Dao','Việt Nam','Số 391, Đường Hai Bà Trưng, Lạng Sơn','095959041071','Phan Hoài Ngân','1977-07-21','Xơ Đăng','Việt Nam','Số 368, Đường Lê Lợi, Thái Nguyên','024007882466','Phường 3','2018-04-20');
INSERT INTO kethon VALUES ('KH00000115','Lý Khắc Bình','1966-03-25','Hmông','Việt Nam','Số 126, Đường Hùng Vương, Vĩnh Phúc','040607452942','Nguyễn Thúy Vân','1990-04-06','Nùng','Việt Nam','Số 299, Đường Ngô Quyền, Thanh Hóa','088962490107','Phường 2','2002-06-26');
INSERT INTO kethon VALUES ('KH00000116','Hà Bá Cường','1965-09-25','Khmer','Việt Nam','Số 321, Đường Hùng Vương, Đà Nẵng','040529653248','Võ Thị Nhung','1972-12-08','Ba Na','Việt Nam','Số 26, Đường Lý Thường Kiệt, Nam Định','042000904381','Phường 4','2001-02-25');
INSERT INTO kethon VALUES ('KH00000117','Tạ Đức Dũng','1997-11-11','Dao','Việt Nam','Số 79, Đường Trần Hưng Đạo, Thái Nguyên','056390822688','Đào Mai Ánh','1966-11-12','Kinh','Việt Nam','Số 121, Đường Lê Lợi, Lạng Sơn','090957488781','Phường 4','2021-03-04');
INSERT INTO kethon VALUES ('KH00000118','Tô Minh Khoa','1963-10-07','Kinh','Việt Nam','Số 50, Đường Đinh Tiên Hoàng, Đà Nẵng','048636292964','Mai Thu Linh','1972-05-01','Cơ Ho','Việt Nam','Số 95, Đường Lê Duẩn, Thái Nguyên','070414896021','Xã An Bình','2019-01-24');
INSERT INTO kethon VALUES ('KH00000119','Trịnh Văn Thọ','1965-09-24','Cơ Ho','Việt Nam','Số 263, Đường Lê Lợi, Hải Phòng','001566080941','Hồ Thanh Yến','1992-04-19','Kinh','Việt Nam','Số 354, Đường Phan Bội Châu, Ninh Bình','075347793013','Xã Long Phú','2011-06-24');
INSERT INTO kethon VALUES ('KH00000120','Cao Minh Phúc','1998-04-07','Tày','Việt Nam','Số 240, Đường Trần Hưng Đạo, Ninh Bình','062094508196','Vũ Ngọc Quỳnh','1990-04-11','Tày','Việt Nam','Số 30, Đường Phan Bội Châu, Hải Dương','010057527444','Xã Hùng Sơn','2000-06-18');
INSERT INTO kethon VALUES ('KH00000121','Ngô Quốc Lộc','1994-05-20','Khmer','Việt Nam','Số 101, Đường Lê Duẩn, Cần Thơ','085334085138','Dương Hoài Ngân','1992-10-28','Cơ Ho','Việt Nam','Số 337, Đường Đinh Tiên Hoàng, Bắc Giang','019339231052','Thị trấn Bắc Giang','2012-12-07');
INSERT INTO kethon VALUES ('KH00000122','Đỗ Tất Vinh','1978-09-02','Kinh','Việt Nam','Số 202, Đường Lê Lợi, TP. Hồ Chí Minh','012008498228','Đinh Phương Trang','1969-03-12','Cơ Ho','Việt Nam','Số 39, Đường Lý Thường Kiệt, Hải Phòng','079968633606','Xã Hùng Sơn','2001-07-17');
INSERT INTO kethon VALUES ('KH00000123','Vương Hữu Khánh','1966-05-18','Dao','Việt Nam','Số 399, Đường Đinh Tiên Hoàng, Bắc Ninh','020975906097','Huỳnh Kim Oanh','1970-11-08','Nùng','Việt Nam','Số 15, Đường Ngô Quyền, TP. Hồ Chí Minh','029620055298','Phường 4','1999-12-19');
INSERT INTO kethon VALUES ('KH00000124','Dương Tất Vinh','1992-08-19','Mường','Việt Nam','Số 143, Đường Lê Duẩn, Bắc Ninh','039400261542','Nguyễn Mai Châu','1976-04-05','Ba Na','Việt Nam','Số 99, Đường Phan Bội Châu, TP. Hồ Chí Minh','009599669828','Phường 5','2014-04-24');
INSERT INTO kethon VALUES ('KH00000125','Mai Nhật Sơn','1965-09-28','Kinh','Việt Nam','Số 193, Đường Đinh Tiên Hoàng, Quảng Ninh','047268607546','Ngô Hồng Thư','1978-01-31','Xơ Đăng','Việt Nam','Số 94, Đường Phan Bội Châu, Lạng Sơn','025329259547','Phường 3','2006-12-20');
INSERT INTO kethon VALUES ('KH00000126','Bùi Viết Nam','1986-01-29','Tày','Việt Nam','Số 34, Đường Lê Lợi, Quảng Ninh','044965343652','Mai Mỹ Xuân','1988-12-17','Kinh','Việt Nam','Số 28, Đường Hai Bà Trưng, Nam Định','061731507697','Phường 4','2023-07-07');
INSERT INTO kethon VALUES ('KH00000127','Quách Đức Hưng','1963-02-01','Kinh','Việt Nam','Số 307, Đường Nguyễn Huệ, Hải Phòng','066255472816','Ngô Mỹ Lam','1991-01-09','Sán Chay','Việt Nam','Số 383, Đường Đinh Tiên Hoàng, Bắc Giang','041556693171','Phường 4','2018-10-04');
INSERT INTO kethon VALUES ('KH00000128','Đỗ Đình Duy','1998-03-18','Khmer','Việt Nam','Số 169, Đường Lê Duẩn, Bắc Giang','008718000829','Tô Hoài Hằng','1994-04-12','Kinh','Việt Nam','Số 105, Đường Phan Bội Châu, Quảng Ninh','076701408162','Phường 5','2008-12-08');
INSERT INTO kethon VALUES ('KH00000129','Phan Xuân Tuấn','1976-09-30','Chăm','Việt Nam','Số 216, Đường Phan Bội Châu, Bắc Giang','061116559697','Đào Thị Nhung','1967-04-05','Chăm','Việt Nam','Số 169, Đường Phan Bội Châu, Hải Dương','033906058995','Phường 2','2003-12-04');
INSERT INTO kethon VALUES ('KH00000130','Mai Văn Mạnh','1984-06-19','Ba Na','Việt Nam','Số 23, Đường Phan Bội Châu, Hải Dương','076055643963','Trịnh Ngọc Trang','1983-04-20','Hmông','Việt Nam','Số 244, Đường Trần Hưng Đạo, Hà Nội','038275776373','Phường 5','1990-11-20');
INSERT INTO kethon VALUES ('KH00000131','Đào Minh Hưng','1962-04-27','Gia Rai','Việt Nam','Số 42, Đường Bà Triệu, Thanh Hóa','001876029429','Đỗ Kiều Quỳnh','1975-10-06','Chăm','Việt Nam','Số 40, Đường Lý Thường Kiệt, TP. Hồ Chí Minh','009055328278','Xã Tân Hòa','2011-08-29');
INSERT INTO kethon VALUES ('KH00000132','Phạm Nhật Linh','1991-09-24','Ê Đê','Việt Nam','Số 196, Đường Phan Bội Châu, Vĩnh Phúc','011327535005','Lê Ánh Nhung','1973-09-18','Sán Chay','Việt Nam','Số 78, Đường Hai Bà Trưng, Thái Nguyên','056170688281','Phường 3','2015-10-16');
INSERT INTO kethon VALUES ('KH00000133','Bùi Xuân Thắng','1989-09-21','Dao','Việt Nam','Số 177, Đường Hùng Vương, TP. Hồ Chí Minh','035988387802','Vương Ánh Thảo','1963-06-25','Nùng','Việt Nam','Số 352, Đường Lê Lợi, Đà Nẵng','062676299044','Xã An Bình','2012-05-18');
INSERT INTO kethon VALUES ('KH00000134','Lê Viết Lộc','1961-09-03','Dao','Việt Nam','Số 371, Đường Lê Lợi, Thái Nguyên','000025224848','Trần Tuyết Hằng','1987-02-28','Cơ Ho','Việt Nam','Số 306, Đường Hai Bà Trưng, Hải Dương','085448181055','Thị trấn Bắc Giang','2014-07-15');
INSERT INTO kethon VALUES ('KH00000135','Phạm Trung Duy','1990-02-10','Thái','Việt Nam','Số 67, Đường Bà Triệu, Hà Nội','042929648971','Cao Kim Diệp','1966-12-12','Hmông','Việt Nam','Số 80, Đường Trần Hưng Đạo, Lạng Sơn','009821378468','Thị trấn Bắc Giang','2013-04-08');
INSERT INTO kethon VALUES ('KH00000136','Vương Công Thắng','1984-01-12','Mường','Việt Nam','Số 372, Đường Ngô Quyền, Hải Phòng','005340722692','Phạm Tuyết Mai','1979-03-23','Tày','Việt Nam','Số 10, Đường Hoàng Diệu, Nam Định','029567651675','Phường 4','2007-05-30');
INSERT INTO kethon VALUES ('KH00000137','Đinh Khắc An','1988-05-27','Dao','Việt Nam','Số 27, Đường Hùng Vương, Vĩnh Phúc','090850470824','Trần Thúy Hà','1977-04-11','Hmông','Việt Nam','Số 278, Đường Đinh Tiên Hoàng, Hà Nội','080820630314','Xã Hùng Sơn','2016-03-06');
INSERT INTO kethon VALUES ('KH00000138','Vũ Ngọc Tuấn','1994-08-30','Ba Na','Việt Nam','Số 215, Đường Nguyễn Huệ, Thanh Hóa','044917917547','Tạ Bích Quỳnh','1986-04-28','Ba Na','Việt Nam','Số 148, Đường Phan Bội Châu, Bắc Ninh','020824184780','Phường 1','1999-10-06');
INSERT INTO kethon VALUES ('KH00000139','Hà Hữu Kiên','1975-07-04','Kinh','Việt Nam','Số 49, Đường Lý Thường Kiệt, Đà Nẵng','082670226641','Phan Thu Dung','1980-04-22','Nùng','Việt Nam','Số 350, Đường Nguyễn Huệ, Bắc Ninh','062497888514','Phường 4','1992-10-25');
INSERT INTO kethon VALUES ('KH00000140','Quách Xuân Khoa','1978-09-25','Chăm','Việt Nam','Số 222, Đường Hai Bà Trưng, Thái Nguyên','028944857716','Trịnh Phương Hoa','1984-11-20','Ê Đê','Việt Nam','Số 334, Đường Lý Thường Kiệt, Hải Dương','091587118482','Xã An Bình','2004-05-21');
INSERT INTO kethon VALUES ('KH00000141','Huỳnh Khắc Tài','1971-12-06','Nùng','Việt Nam','Số 154, Đường Trần Hưng Đạo, Nam Định','034041420624','Huỳnh Hoài Hằng','1963-02-03','Dao','Việt Nam','Số 253, Đường Nguyễn Huệ, Đà Nẵng','094510140223','Xã An Bình','2019-05-24');
INSERT INTO kethon VALUES ('KH00000142','Hoàng Gia Thắng','1962-03-08','Cơ Ho','Việt Nam','Số 352, Đường Hoàng Diệu, Bắc Ninh','071507513366','Võ Lan Quỳnh','1996-05-10','Ba Na','Việt Nam','Số 24, Đường Đinh Tiên Hoàng, Lạng Sơn','059741481662','Phường 3','2017-11-10');
INSERT INTO kethon VALUES ('KH00000143','Huỳnh Đình Quang','1991-01-26','Ê Đê','Việt Nam','Số 99, Đường Hoàng Diệu, Đà Nẵng','003072127319','Đặng Hoài An','1967-11-13','Chăm','Việt Nam','Số 222, Đường Lê Duẩn, Nam Định','035272296386','Phường 4','2003-09-30');
INSERT INTO kethon VALUES ('KH00000144','Trịnh Thành An','1997-10-02','Thái','Việt Nam','Số 321, Đường Bà Triệu, Hải Dương','053361260435','Hoàng Thúy Mai','1974-12-30','Xơ Đăng','Việt Nam','Số 120, Đường Hùng Vương, Thanh Hóa','018415184148','Phường 3','2008-02-28');
INSERT INTO kethon VALUES ('KH00000145','Hoàng Tuấn Khải','1966-09-26','Cơ Ho','Việt Nam','Số 194, Đường Lê Duẩn, Vĩnh Phúc','072078872469','Phạm Phương Oanh','1975-08-27','Gia Rai','Việt Nam','Số 399, Đường Phan Bội Châu, Thái Nguyên','085406948941','Xã Tân Hòa','2010-12-10');
INSERT INTO kethon VALUES ('KH00000146','Vũ Trung Xuân','1961-09-18','Dao','Việt Nam','Số 209, Đường Ngô Quyền, Cần Thơ','035090169683','Đào Ánh Lan','1978-07-10','Chăm','Việt Nam','Số 60, Đường Nguyễn Huệ, Ninh Bình','020073937294','Xã Tân Hòa','2021-11-10');
INSERT INTO kethon VALUES ('KH00000147','Dương Nhật Giang','1960-12-24','Khmer','Việt Nam','Số 260, Đường Lý Thường Kiệt, Cần Thơ','085453760767','Lâm Ngọc Hằng','1979-11-07','Nùng','Việt Nam','Số 181, Đường Nguyễn Huệ, Bắc Giang','026926890779','Phường 5','2021-05-20');
INSERT INTO kethon VALUES ('KH00000148','Vũ Trung Hưng','1972-03-02','Dao','Việt Nam','Số 34, Đường Lê Duẩn, Bắc Giang','082003704878','Đào Tuyết Thảo','1968-08-01','Kinh','Việt Nam','Số 272, Đường Hùng Vương, Thái Nguyên','084594927243','Phường 1','2021-05-14');
INSERT INTO kethon VALUES ('KH00000149','Đào Đức Khải','1989-07-26','Kinh','Việt Nam','Số 360, Đường Hùng Vương, Thanh Hóa','013478774895','Dương Phương Quỳnh','1977-11-30','Xơ Đăng','Việt Nam','Số 140, Đường Phan Bội Châu, Ninh Bình','009746533087','Thị trấn Bắc Giang','2006-03-20');
INSERT INTO kethon VALUES ('KH00000150','Phan Đức Khánh','1974-02-21','Nùng','Việt Nam','Số 219, Đường Hùng Vương, Ninh Bình','010475575512','Tống Ánh Nhi','1963-12-23','Dao','Việt Nam','Số 90, Đường Trần Phú, Hải Phòng','040137283027','Xã Hùng Sơn','2000-07-03');
INSERT INTO kethon VALUES ('KH00000151','Võ Đức An','1987-05-04','Tày','Việt Nam','Số 379, Đường Nguyễn Huệ, Bắc Giang','078498111500','Dương Bích Nhi','1963-12-29','Ba Na','Việt Nam','Số 253, Đường Trần Hưng Đạo, Nam Định','020749779828','Xã Long Phú','2007-08-26');
INSERT INTO kethon VALUES ('KH00000152','Hà Văn Hưng','1980-11-28','Ê Đê','Việt Nam','Số 325, Đường Hùng Vương, Quảng Ninh','057938714170','Lâm Kiều Bích','1984-10-21','Ê Đê','Việt Nam','Số 213, Đường Bà Triệu, Cần Thơ','049111683773','Xã An Bình','2020-07-24');
INSERT INTO kethon VALUES ('KH00000153','Lê Tất Sơn','1963-07-23','Cơ Ho','Việt Nam','Số 195, Đường Đinh Tiên Hoàng, Hà Nội','026804166376','Quách Lan Thảo','1979-07-25','Hmông','Việt Nam','Số 35, Đường Hoàng Diệu, TP. Hồ Chí Minh','061635649909','Xã Tân Hòa','2005-09-24');
INSERT INTO kethon VALUES ('KH00000154','Bùi Ngọc Giang','1968-05-09','Nùng','Việt Nam','Số 265, Đường Ngô Quyền, Đà Nẵng','018606887062','Hoàng Thị Linh','1971-03-12','Nùng','Việt Nam','Số 38, Đường Trần Hưng Đạo, Lạng Sơn','025215811926','Xã An Bình','1997-02-22');
INSERT INTO kethon VALUES ('KH00000155','Huỳnh Anh Khoa','1979-08-07','Dao','Việt Nam','Số 172, Đường Lê Duẩn, Nam Định','075105523101','Đỗ Kim Xuân','1990-06-24','Nùng','Việt Nam','Số 172, Đường Nguyễn Huệ, Thanh Hóa','010753442324','Phường 5','2007-02-02');
INSERT INTO kethon VALUES ('KH00000156','Lâm Thành Quang','1962-07-24','Tày','Việt Nam','Số 354, Đường Phan Bội Châu, Hải Phòng','055832616174','Ngô Tuyết Dung','1998-07-23','Chăm','Việt Nam','Số 394, Đường Lý Thường Kiệt, Nam Định','046092509299','Phường 1','1990-03-01');
INSERT INTO kethon VALUES ('KH00000157','Lê Đức Khải','1972-08-08','Mường','Việt Nam','Số 254, Đường Hoàng Diệu, Vĩnh Phúc','069590534645','Đỗ Ánh Diệp','1968-02-25','Chăm','Việt Nam','Số 202, Đường Ngô Quyền, Bắc Ninh','046913987005','Phường 2','2017-06-15');
INSERT INTO kethon VALUES ('KH00000158','Đỗ Viết Long','1968-09-08','Cơ Ho','Việt Nam','Số 150, Đường Phan Bội Châu, TP. Hồ Chí Minh','042030715942','Đào Bích Loan','1995-09-21','Gia Rai','Việt Nam','Số 274, Đường Lý Thường Kiệt, Hải Phòng','074804042705','Phường 1','2018-10-23');
INSERT INTO kethon VALUES ('KH00000159','Cao Công Cường','1995-01-07','Hmông','Việt Nam','Số 240, Đường Hùng Vương, Hà Nội','001401541646','Võ Hồng Thảo','1988-01-19','Ê Đê','Việt Nam','Số 88, Đường Phan Bội Châu, Ninh Bình','043424607936','Xã Tân Hòa','1999-10-25');
INSERT INTO kethon VALUES ('KH00000160','Cao Xuân Khải','1965-05-26','Khmer','Việt Nam','Số 344, Đường Hùng Vương, Đà Nẵng','010305942368','Trần Hương Nhung','1993-01-27','Ê Đê','Việt Nam','Số 119, Đường Trần Hưng Đạo, Vĩnh Phúc','048422071358','Phường 2','2012-08-06');
INSERT INTO kethon VALUES ('KH00000161','Phan Trung Mạnh','1989-03-11','Ê Đê','Việt Nam','Số 106, Đường Hoàng Diệu, Hải Dương','045782036184','Vương Thùy Châu','2000-01-23','Ba Na','Việt Nam','Số 155, Đường Lê Lợi, Bắc Ninh','069910709033','Thị trấn Bắc Giang','2018-01-04');
INSERT INTO kethon VALUES ('KH00000162','Tống Xuân Dũng','1979-08-24','Dao','Việt Nam','Số 130, Đường Đinh Tiên Hoàng, Bắc Ninh','028969456984','Tô Phương Hoa','1991-09-24','Ê Đê','Việt Nam','Số 127, Đường Phan Bội Châu, Lạng Sơn','062185755162','Phường 2','2019-01-21');
INSERT INTO kethon VALUES ('KH00000163','Ngô Viết Cường','1966-03-19','Ê Đê','Việt Nam','Số 50, Đường Hoàng Diệu, Hải Dương','092209505282','Phạm Thanh Nhung','1979-04-21','Khmer','Việt Nam','Số 397, Đường Hùng Vương, Hải Phòng','010308758638','Phường 4','2017-01-27');
INSERT INTO kethon VALUES ('KH00000164','Quách Văn Kiên','1977-02-18','Nùng','Việt Nam','Số 18, Đường Lý Thường Kiệt, Lạng Sơn','007932288976','Đặng Thị Trâm','1987-01-24','Thái','Việt Nam','Số 174, Đường Bà Triệu, Bắc Giang','059580061477','Phường 1','2005-06-24');
INSERT INTO kethon VALUES ('KH00000165','Phan Ngọc Khải','1978-08-05','Mường','Việt Nam','Số 35, Đường Lý Thường Kiệt, Bắc Giang','023760174260','Phạm Diệu Ánh','1984-02-15','Mường','Việt Nam','Số 242, Đường Trần Hưng Đạo, TP. Hồ Chí Minh','056390117925','Xã Tân Hòa','1993-04-08');
INSERT INTO kethon VALUES ('KH00000166','Lưu Văn Linh','1989-07-03','Hmông','Việt Nam','Số 178, Đường Hùng Vương, Hải Dương','039061927281','Đinh Ánh Ánh','1986-02-04','Hmông','Việt Nam','Số 171, Đường Lý Thường Kiệt, Thái Nguyên','044589522371','Thị trấn Bắc Giang','2020-04-08');
INSERT INTO kethon VALUES ('KH00000167','Quách Khắc Đạt','1972-11-22','Sán Chay','Việt Nam','Số 330, Đường Ngô Quyền, Hải Phòng','060174106768','Lý Ánh Châu','1966-07-01','Kinh','Việt Nam','Số 59, Đường Lê Lợi, Ninh Bình','058532783388','Phường 4','1998-09-19');
INSERT INTO kethon VALUES ('KH00000168','Ngô Thành Khải','1961-03-28','Cơ Ho','Việt Nam','Số 332, Đường Ngô Quyền, Quảng Ninh','084625521406','Nguyễn Kim Chi','1999-06-11','Tày','Việt Nam','Số 330, Đường Lê Lợi, Vĩnh Phúc','057474664699','Thị trấn Bắc Giang','2003-01-18');
INSERT INTO kethon VALUES ('KH00000169','Trần Hùng Bình','1975-07-12','Gia Rai','Việt Nam','Số 325, Đường Lê Lợi, TP. Hồ Chí Minh','068051273675','Nguyễn Hoài An','1989-03-21','Xơ Đăng','Việt Nam','Số 285, Đường Đinh Tiên Hoàng, Lạng Sơn','027726018793','Xã Tân Hòa','2011-03-18');
INSERT INTO kethon VALUES ('KH00000170','Tạ Trung Bảo','1975-03-05','Cơ Ho','Việt Nam','Số 67, Đường Lê Lợi, Hải Dương','002674088771','Hà Kiều Lam','1972-05-02','Gia Rai','Việt Nam','Số 192, Đường Hoàng Diệu, Bắc Ninh','059955500160','Phường 2','2014-02-05');
INSERT INTO kethon VALUES ('KH00000171','Đinh Quốc Tài','1972-06-29','Thái','Việt Nam','Số 330, Đường Lê Duẩn, Hải Phòng','057378510270','Lê Hương Quỳnh','1974-02-03','Sán Chay','Việt Nam','Số 135, Đường Hoàng Diệu, Thanh Hóa','045465496337','Phường 3','2022-01-14');
INSERT INTO kethon VALUES ('KH00000172','Bùi Ngọc Thọ','1973-09-14','Thái','Việt Nam','Số 271, Đường Lê Duẩn, Đà Nẵng','032445761127','Đỗ Lan Hằng','1998-12-22','Mường','Việt Nam','Số 250, Đường Hùng Vương, Hải Phòng','070704053254','Thị trấn Bắc Giang','2004-10-12');
INSERT INTO kethon VALUES ('KH00000173','Mai Hùng An','1969-02-26','Gia Rai','Việt Nam','Số 83, Đường Bà Triệu, Lạng Sơn','076500795690','Lý Mỹ Bích','1986-01-15','Dao','Việt Nam','Số 230, Đường Nguyễn Huệ, Thanh Hóa','009347283821','Phường 5','2001-12-23');
INSERT INTO kethon VALUES ('KH00000174','Lý Xuân Khoa','1980-12-18','Hmông','Việt Nam','Số 221, Đường Lý Thường Kiệt, TP. Hồ Chí Minh','024830199134','Mai Ngọc Quỳnh','1976-04-12','Gia Rai','Việt Nam','Số 1, Đường Hoàng Diệu, Hải Phòng','008291434157','Xã Long Phú','2014-12-31');
INSERT INTO kethon VALUES ('KH00000175','Lê Bá Hưng','1968-09-15','Ê Đê','Việt Nam','Số 309, Đường Trần Phú, Lạng Sơn','059620999047','Trịnh Tuyết Uyên','1974-08-22','Ê Đê','Việt Nam','Số 280, Đường Ngô Quyền, Lạng Sơn','094656209501','Thị trấn Bắc Giang','2017-04-11');
INSERT INTO kethon VALUES ('KH00000176','Vũ Hữu Quang','1963-11-04','Nùng','Việt Nam','Số 63, Đường Nguyễn Huệ, Thái Nguyên','044791945647','Vương Hồng Xuân','1968-03-18','Thái','Việt Nam','Số 283, Đường Hoàng Diệu, Ninh Bình','030341695560','Phường 4','1999-02-23');
INSERT INTO kethon VALUES ('KH00000177','Đinh Thành Quang','1988-04-02','Hmông','Việt Nam','Số 115, Đường Lê Duẩn, Lạng Sơn','094212698021','Đỗ Bích Thảo','1990-12-08','Tày','Việt Nam','Số 95, Đường Trần Phú, Cần Thơ','085015396631','Phường 3','1991-07-06');
INSERT INTO kethon VALUES ('KH00000178','Huỳnh Khắc Giang','1975-05-18','Xơ Đăng','Việt Nam','Số 94, Đường Ngô Quyền, Thái Nguyên','034120999526','Tống Lan Chi','2000-01-03','Ê Đê','Việt Nam','Số 198, Đường Trần Phú, Vĩnh Phúc','006682543881','Phường 1','2009-05-13');
INSERT INTO kethon VALUES ('KH00000179','Lê Đình Thọ','1982-09-22','Thái','Việt Nam','Số 130, Đường Ngô Quyền, Quảng Ninh','098948260869','Cao Phương Nhung','1979-06-21','Thái','Việt Nam','Số 7, Đường Bà Triệu, Quảng Ninh','097455253813','Phường 5','1994-08-07');
INSERT INTO kethon VALUES ('KH00000180','Lưu Viết Bảo','1979-08-14','Thái','Việt Nam','Số 133, Đường Hai Bà Trưng, Thanh Hóa','084629210675','Dương Thùy Châu','1993-08-08','Tày','Việt Nam','Số 176, Đường Lý Thường Kiệt, Bắc Ninh','070109523566','Phường 1','2023-04-10');
INSERT INTO kethon VALUES ('KH00000181','Lê Viết Dũng','1973-05-07','Ê Đê','Việt Nam','Số 268, Đường Bà Triệu, Hải Dương','059603482077','Lê Thị Chi','1993-05-23','Gia Rai','Việt Nam','Số 261, Đường Lý Thường Kiệt, Vĩnh Phúc','048680674097','Phường 5','2020-08-12');
INSERT INTO kethon VALUES ('KH00000182','Hoàng Nhật Khánh','1988-07-15','Xơ Đăng','Việt Nam','Số 316, Đường Hai Bà Trưng, Bắc Ninh','050304615865','Lê Mai Yến','2000-08-16','Tày','Việt Nam','Số 297, Đường Ngô Quyền, Đà Nẵng','007343275598','Thị trấn Bắc Giang','2013-02-24');
INSERT INTO kethon VALUES ('KH00000183','Vũ Bá Thọ','1961-03-11','Sán Chay','Việt Nam','Số 361, Đường Trần Phú, Lạng Sơn','060539183185','Quách Mai Ngân','1970-02-04','Gia Rai','Việt Nam','Số 58, Đường Trần Hưng Đạo, Ninh Bình','083450804814','Phường 5','1997-03-14');
INSERT INTO kethon VALUES ('KH00000184','Trịnh Xuân Khải','1994-02-12','Cơ Ho','Việt Nam','Số 83, Đường Bà Triệu, Lạng Sơn','029797808915','Đoàn Ngọc Hà','1981-06-03','Gia Rai','Việt Nam','Số 398, Đường Phan Bội Châu, Cần Thơ','096566982289','Phường 4','2018-12-30');
INSERT INTO kethon VALUES ('KH00000185','Đinh Khắc Lộc','1967-05-12','Hmông','Việt Nam','Số 107, Đường Nguyễn Huệ, Hà Nội','080527775395','Hoàng Kim Oanh','1992-09-23','Gia Rai','Việt Nam','Số 145, Đường Hai Bà Trưng, Hà Nội','091074545938','Xã Long Phú','2004-09-12');
INSERT INTO kethon VALUES ('KH00000186','Quách Ngọc Khải','1994-12-17','Xơ Đăng','Việt Nam','Số 325, Đường Lê Lợi, Bắc Giang','046447240782','Trịnh Kiều Ánh','1990-03-09','Dao','Việt Nam','Số 283, Đường Hùng Vương, Ninh Bình','083992198551','Phường 5','2008-11-11');
INSERT INTO kethon VALUES ('KH00000187','Hoàng Hữu Tài','1967-04-14','Gia Rai','Việt Nam','Số 266, Đường Lý Thường Kiệt, Lạng Sơn','001857574853','Hà Thúy Hằng','1992-08-30','Tày','Việt Nam','Số 186, Đường Đinh Tiên Hoàng, Bắc Ninh','026808537765','Phường 3','1994-09-01');
INSERT INTO kethon VALUES ('KH00000188','Đặng Thành Tài','1991-02-07','Ba Na','Việt Nam','Số 110, Đường Nguyễn Huệ, Thanh Hóa','003678282489','Vũ Bích Hoa','1964-03-13','Gia Rai','Việt Nam','Số 206, Đường Lê Duẩn, Nam Định','011811192501','Phường 1','2011-02-17');
INSERT INTO kethon VALUES ('KH00000189','Ngô Tuấn Lộc','1975-09-24','Ê Đê','Việt Nam','Số 281, Đường Ngô Quyền, Thái Nguyên','090571375666','Trần Hương Chi','1988-10-04','Dao','Việt Nam','Số 80, Đường Trần Phú, Cần Thơ','020111573387','Phường 3','1990-07-16');
INSERT INTO kethon VALUES ('KH00000190','Huỳnh Đình An','1989-01-01','Gia Rai','Việt Nam','Số 184, Đường Phan Bội Châu, Thái Nguyên','037675992936','Quách Tú Quyên','1970-10-04','Mường','Việt Nam','Số 108, Đường Đinh Tiên Hoàng, Thanh Hóa','093904001949','Phường 3','2000-03-21');
INSERT INTO kethon VALUES ('KH00000191','Hoàng Trung Phong','1969-02-12','Khmer','Việt Nam','Số 97, Đường Trần Phú, Vĩnh Phúc','077562753607','Vương Hoài Châu','1992-03-04','Dao','Việt Nam','Số 376, Đường Đinh Tiên Hoàng, Thanh Hóa','018510148408','Xã An Bình','1997-06-20');
INSERT INTO kethon VALUES ('KH00000192','Đặng Viết Bình','1977-08-07','Cơ Ho','Việt Nam','Số 200, Đường Trần Phú, Cần Thơ','091772446850','Đoàn Hồng Lam','1967-04-09','Khmer','Việt Nam','Số 24, Đường Nguyễn Huệ, Nam Định','013106061949','Phường 4','2013-05-14');
INSERT INTO kethon VALUES ('KH00000193','Huỳnh Bá An','1990-07-10','Khmer','Việt Nam','Số 316, Đường Trần Phú, Ninh Bình','093465946873','Ngô Bích Mai','1985-06-08','Cơ Ho','Việt Nam','Số 208, Đường Trần Hưng Đạo, Nam Định','038870931106','Xã Tân Hòa','2023-04-04');
INSERT INTO kethon VALUES ('KH00000194','Đỗ Công Hải','1974-07-19','Mường','Việt Nam','Số 346, Đường Nguyễn Huệ, Hải Dương','045386434776','Lê Thúy Quyên','1980-06-20','Cơ Ho','Việt Nam','Số 126, Đường Trần Phú, Bắc Ninh','079917637837','Phường 4','2003-05-15');
INSERT INTO kethon VALUES ('KH00000195','Hà Hùng Khoa','1969-01-25','Chăm','Việt Nam','Số 206, Đường Bà Triệu, Vĩnh Phúc','033075383907','Trần Lan Nhi','1979-07-23','Hmông','Việt Nam','Số 217, Đường Hoàng Diệu, Bắc Giang','084564067300','Xã Hùng Sơn','1995-03-06');
INSERT INTO kethon VALUES ('KH00000196','Đặng Khắc Duy','1975-02-22','Kinh','Việt Nam','Số 129, Đường Hai Bà Trưng, Cần Thơ','015516628140','Đào Kiều Dung','1974-03-08','Tày','Việt Nam','Số 4, Đường Hùng Vương, Thái Nguyên','061415490473','Phường 3','2007-06-04');
INSERT INTO kethon VALUES ('KH00000197','Hà Nhật Khánh','1985-11-27','Mường','Việt Nam','Số 326, Đường Đinh Tiên Hoàng, Vĩnh Phúc','010028796795','Cao Bích Hoa','1996-06-12','Gia Rai','Việt Nam','Số 71, Đường Trần Phú, Hải Phòng','040951302257','Phường 2','1994-07-09');
INSERT INTO kethon VALUES ('KH00000198','Hoàng Xuân Tài','1992-12-17','Gia Rai','Việt Nam','Số 157, Đường Hoàng Diệu, Lạng Sơn','081053611380','Vương Thu Mai','1991-01-31','Gia Rai','Việt Nam','Số 26, Đường Hoàng Diệu, Lạng Sơn','047767039702','Phường 2','2009-07-17');
INSERT INTO kethon VALUES ('KH00000199','Dương Văn Khoa','1986-10-04','Kinh','Việt Nam','Số 378, Đường Lê Lợi, Ninh Bình','059042872538','Huỳnh Bích Ngân','1986-09-26','Xơ Đăng','Việt Nam','Số 218, Đường Nguyễn Huệ, Hải Dương','099478952878','Xã Tân Hòa','1999-04-06');
INSERT INTO kethon VALUES ('KH00000200','Trần Đình Giang','1961-04-19','Mường','Việt Nam','Số 163, Đường Lê Duẩn, Bắc Ninh','029140113942','Nguyễn Diệu Linh','1999-12-16','Ê Đê','Việt Nam','Số 184, Đường Lý Thường Kiệt, Quảng Ninh','055372796215','Xã Tân Hòa','1991-08-10');

-- =====================================================
-- BẢNG: chungtu  (120 khai tử)
-- =====================================================
INSERT INTO chungtu VALUES ('CT00000001','Mai Anh Cường','Số 190, Đường Phan Bội Châu, Bắc Giang','Vợ','Đặng Hoài Thảo','1930-09-20','Xơ Đăng','Việt Nam','035511427841','2019-11-30','06:53','Phường 5','2019-12-02');
INSERT INTO chungtu VALUES ('CT00000002','Dương Hương Hoa','Số 274, Đường Bà Triệu, Ninh Bình','Em gái','Vũ Hữu Thọ','1936-05-30','Gia Rai','Việt Nam','068371104573','2014-09-09','17:08','Xã Tân Hòa','2014-09-27');
INSERT INTO chungtu VALUES ('CT00000003','Tống Kiều Hoa','Số 116, Đường Lý Thường Kiệt, Nam Định','Anh','Huỳnh Quốc Thắng','1975-12-29','Tày','Việt Nam','081161235509','2005-05-26','06:09','Phường 1','2005-06-03');
INSERT INTO chungtu VALUES ('CT00000004','Phạm Thanh An','Số 366, Đường Nguyễn Huệ, Bắc Giang','Chồng','Đinh Lan Hà','1962-01-03','Thái','Việt Nam','030195276018','2004-05-31','17:03','Xã An Bình','2004-06-05');
INSERT INTO chungtu VALUES ('CT00000005','Đinh Minh Tài','Số 251, Đường Hoàng Diệu, Thanh Hóa','Anh','Đoàn Quốc Kiên','1928-10-23','Khmer','Việt Nam','035146699263','2016-08-24','02:32','Xã Tân Hòa','2016-09-12');
INSERT INTO chungtu VALUES ('CT00000006','Lý Kim Ánh','Số 242, Đường Bà Triệu, TP. Hồ Chí Minh','Cha','Trịnh Trung Mạnh','1944-06-08','Hmông','Việt Nam','087873656853','2000-08-19','03:52','Thị trấn Bắc Giang','2000-09-16');
INSERT INTO chungtu VALUES ('CT00000007','Đặng Phương Nhung','Số 188, Đường Phan Bội Châu, Bắc Ninh','Em gái','Đào Quốc Hải','1925-03-28','Thái','Việt Nam','044003563323','2005-01-19','19:04','Xã Hùng Sơn','2005-02-01');
INSERT INTO chungtu VALUES ('CT00000008','Trịnh Ánh Loan','Số 382, Đường Bà Triệu, Ninh Bình','Cha','Phạm Thanh Loan','1960-10-21','Tày','Việt Nam','000698521781','2009-10-05','05:48','Xã Long Phú','2009-10-29');
INSERT INTO chungtu VALUES ('CT00000009','Đoàn Bích Oanh','Số 308, Đường Lê Lợi, Quảng Ninh','Em gái','Đỗ Phương Mai','1953-01-13','Thái','Việt Nam','091805389679','2002-01-10','00:40','Phường 1','2002-02-07');
INSERT INTO chungtu VALUES ('CT00000010','Lý Xuân Khải','Số 373, Đường Bà Triệu, Nam Định','Con trai','Mai Tú Mai','1937-02-01','Hmông','Việt Nam','084137077472','2006-08-12','18:03','Phường 5','2006-08-20');
INSERT INTO chungtu VALUES ('CT00000011','Lê Bá Long','Số 84, Đường Ngô Quyền, Thái Nguyên','Em gái','Nguyễn Tuấn Phong','1948-08-26','Hmông','Việt Nam','065362573282','2014-01-09','09:25','Phường 1','2014-01-17');
INSERT INTO chungtu VALUES ('CT00000012','Hoàng Xuân An','Số 310, Đường Hai Bà Trưng, Bắc Giang','Chồng','Đoàn Lan Nhi','1933-04-29','Sán Chay','Việt Nam','005943865003','2022-04-17','13:42','Phường 2','2022-04-20');
INSERT INTO chungtu VALUES ('CT00000013','Lý Trung Mạnh','Số 63, Đường Trần Phú, TP. Hồ Chí Minh','Chồng','Trần Kiều Bích','1950-08-13','Xơ Đăng','Việt Nam','072017464446','2023-04-29','06:24','Xã Long Phú','2023-05-12');
INSERT INTO chungtu VALUES ('CT00000014','Quách Phương Trang','Số 86, Đường Bà Triệu, Thái Nguyên','Em gái','Tô Diệu Lan','1927-04-15','Gia Rai','Việt Nam','044909849688','2022-02-10','04:07','Phường 3','2022-02-19');
INSERT INTO chungtu VALUES ('CT00000015','Hồ Hoài Trâm','Số 307, Đường Hai Bà Trưng, Bắc Ninh','Mẹ','Đinh Bá Tuấn','1924-06-21','Mường','Việt Nam','073282738504','2020-07-20','12:14','Phường 4','2020-08-11');
INSERT INTO chungtu VALUES ('CT00000016','Bùi Thanh An','Số 204, Đường Trần Hưng Đạo, Cần Thơ','Con trai','Quách Nhật Quang','1945-04-04','Sán Chay','Việt Nam','077564821893','2001-11-05','17:53','Phường 2','2001-11-16');
INSERT INTO chungtu VALUES ('CT00000017','Trần Viết Thắng','Số 136, Đường Lê Lợi, Nam Định','Cha','Đinh Diệu Lan','1954-01-05','Hmông','Việt Nam','028825863898','2013-12-25','23:55','Phường 2','2014-01-19');
INSERT INTO chungtu VALUES ('CT00000018','Lý Mai Hằng','Số 20, Đường Hoàng Diệu, Cần Thơ','Cha','Vũ Bá Dũng','1970-06-24','Hmông','Việt Nam','023018770034','2003-06-29','17:46','Thị trấn Bắc Giang','2003-07-22');
INSERT INTO chungtu VALUES ('CT00000019','Bùi Viết Cường','Số 173, Đường Ngô Quyền, TP. Hồ Chí Minh','Mẹ','Lâm Kim Linh','1920-04-26','Khmer','Việt Nam','097527221595','2024-05-05','20:39','Xã An Bình','2024-05-18');
INSERT INTO chungtu VALUES ('CT00000020','Nguyễn Tất Hưng','Số 175, Đường Phan Bội Châu, Ninh Bình','Con gái','Tô Hồng Dung','1942-04-30','Ba Na','Việt Nam','029788014361','2020-12-11','17:41','Phường 3','2020-12-21');
INSERT INTO chungtu VALUES ('CT00000021','Ngô Thị Diệp','Số 267, Đường Ngô Quyền, Quảng Ninh','Con trai','Đào Tuyết Hoa','1963-02-16','Gia Rai','Việt Nam','043273751482','2020-11-03','11:52','Xã Hùng Sơn','2020-11-06');
INSERT INTO chungtu VALUES ('CT00000022','Dương Thu Loan','Số 125, Đường Hoàng Diệu, Vĩnh Phúc','Anh','Mai Hữu Hưng','1955-07-22','Xơ Đăng','Việt Nam','099698442505','2021-01-01','18:32','Phường 2','2021-01-27');
INSERT INTO chungtu VALUES ('CT00000023','Tạ Thành Kiên','Số 381, Đường Hùng Vương, Nam Định','Chồng','Tạ Hương Yến','1957-04-17','Ba Na','Việt Nam','047680112611','2019-04-22','11:30','Xã Long Phú','2019-04-30');
INSERT INTO chungtu VALUES ('CT00000024','Trịnh Phương Chi','Số 381, Đường Hoàng Diệu, Thanh Hóa','Con gái','Mai Ánh Lan','1950-11-30','Cơ Ho','Việt Nam','046042606844','2019-09-06','14:56','Thị trấn Bắc Giang','2019-09-25');
INSERT INTO chungtu VALUES ('CT00000025','Hà Xuân Khoa','Số 90, Đường Phan Bội Châu, Nam Định','Chồng','Lưu Viết Đạt','1943-05-10','Tày','Việt Nam','083760518444','2001-02-05','08:45','Thị trấn Bắc Giang','2001-03-02');
INSERT INTO chungtu VALUES ('CT00000026','Lưu Tú Linh','Số 375, Đường Hoàng Diệu, TP. Hồ Chí Minh','Cháu','Tô Ngọc Mạnh','1944-09-12','Hmông','Việt Nam','005125779074','2007-07-26','11:57','Phường 5','2007-07-31');
INSERT INTO chungtu VALUES ('CT00000027','Lưu Ngọc Vân','Số 5, Đường Lý Thường Kiệt, Thái Nguyên','Mẹ','Lâm Bá Cường','1945-09-09','Mường','Việt Nam','028065270708','2014-08-08','18:41','Xã Long Phú','2014-08-20');
INSERT INTO chungtu VALUES ('CT00000028','Lưu Trung Khải','Số 243, Đường Đinh Tiên Hoàng, Quảng Ninh','Cháu','Tạ Ngọc Mai','1951-11-24','Nùng','Việt Nam','049765192850','2010-06-11','14:10','Thị trấn Bắc Giang','2010-06-13');
INSERT INTO chungtu VALUES ('CT00000029','Đào Mỹ Oanh','Số 31, Đường Hoàng Diệu, TP. Hồ Chí Minh','Cha','Hoàng Đức Hải','1949-05-06','Xơ Đăng','Việt Nam','030949662623','2017-11-19','07:29','Xã An Bình','2017-12-10');
INSERT INTO chungtu VALUES ('CT00000030','Phan Hồng Loan','Số 296, Đường Ngô Quyền, Quảng Ninh','Chồng','Võ Khắc Cường','1964-11-17','Ê Đê','Việt Nam','015533069146','2003-09-16','17:18','Xã Long Phú','2003-09-21');
INSERT INTO chungtu VALUES ('CT00000031','Lưu Đình Mạnh','Số 277, Đường Phan Bội Châu, Quảng Ninh','Cháu','Dương Thị Hà','1959-03-27','Cơ Ho','Việt Nam','035091584988','2005-03-11','04:06','Xã Hùng Sơn','2005-03-15');
INSERT INTO chungtu VALUES ('CT00000032','Trần Quốc Bình','Số 397, Đường Hai Bà Trưng, Cần Thơ','Cháu','Lưu Tuyết Ngân','1948-04-17','Ê Đê','Việt Nam','081423095647','2010-05-04','12:57','Phường 3','2010-05-29');
INSERT INTO chungtu VALUES ('CT00000033','Đinh Ngọc Thọ','Số 324, Đường Trần Hưng Đạo, Bắc Giang','Mẹ','Dương Thị Yến','1951-12-31','Thái','Việt Nam','085109222163','2022-12-15','13:38','Phường 4','2023-01-04');
INSERT INTO chungtu VALUES ('CT00000034','Đào Gia Duy','Số 240, Đường Lê Lợi, Hải Dương','Mẹ','Huỳnh Ngọc Nam','1938-10-29','Mường','Việt Nam','028193944270','2010-06-14','17:52','Phường 5','2010-06-29');
INSERT INTO chungtu VALUES ('CT00000035','Hoàng Văn Hải','Số 300, Đường Trần Phú, Đà Nẵng','Vợ','Hoàng Thanh Yến','1961-11-06','Tày','Việt Nam','066486600965','2017-03-19','22:17','Phường 2','2017-04-09');
INSERT INTO chungtu VALUES ('CT00000036','Tống Nhật Mạnh','Số 193, Đường Lý Thường Kiệt, Bắc Ninh','Cháu','Nguyễn Thanh Uyên','1927-12-13','Hmông','Việt Nam','017230696146','2000-01-30','01:47','Xã Tân Hòa','2000-02-03');
INSERT INTO chungtu VALUES ('CT00000037','Mai Bích Trang','Số 247, Đường Trần Phú, TP. Hồ Chí Minh','Anh','Bùi Thu Lam','1961-08-17','Chăm','Việt Nam','079503803678','2001-09-01','12:26','Thị trấn Bắc Giang','2001-09-15');
INSERT INTO chungtu VALUES ('CT00000038','Tô Hồng Xuân','Số 5, Đường Trần Hưng Đạo, Bắc Ninh','Em gái','Ngô Thu Thư','1970-01-19','Gia Rai','Việt Nam','045423149104','2001-07-13','15:41','Xã An Bình','2001-07-17');
INSERT INTO chungtu VALUES ('CT00000039','Trần Thúy Phương','Số 240, Đường Nguyễn Huệ, Hải Dương','Con gái','Tạ Đức Hưng','1926-02-17','Gia Rai','Việt Nam','063892958713','2007-07-19','08:04','Phường 3','2007-08-03');
INSERT INTO chungtu VALUES ('CT00000040','Hoàng Hồng Thư','Số 28, Đường Bà Triệu, Hà Nội','Em gái','Lý Viết Phong','1964-08-13','Ê Đê','Việt Nam','051387588841','2023-10-22','05:08','Phường 1','2023-11-02');
INSERT INTO chungtu VALUES ('CT00000041','Đào Thúy Diệp','Số 223, Đường Hoàng Diệu, Bắc Ninh','Con trai','Đoàn Diệu Loan','1926-08-31','Cơ Ho','Việt Nam','022447712877','2011-02-06','13:29','Xã Hùng Sơn','2011-02-15');
INSERT INTO chungtu VALUES ('CT00000042','Tô Hương Lan','Số 74, Đường Bà Triệu, Bắc Giang','Anh','Tống Đình Kiên','1932-08-19','Ba Na','Việt Nam','057222307811','2014-05-09','09:00','Phường 5','2014-05-23');
INSERT INTO chungtu VALUES ('CT00000043','Hồ Ánh Linh','Số 149, Đường Hùng Vương, Vĩnh Phúc','Con gái','Hồ Mỹ Thảo','1946-07-24','Xơ Đăng','Việt Nam','060455283400','2006-08-14','06:50','Phường 3','2006-08-18');
INSERT INTO chungtu VALUES ('CT00000044','Đinh Hùng Vinh','Số 144, Đường Bà Triệu, Vĩnh Phúc','Cháu','Võ Nhật Bảo','1971-10-26','Ê Đê','Việt Nam','002488442021','2018-04-05','12:16','Xã Long Phú','2018-04-10');
INSERT INTO chungtu VALUES ('CT00000045','Đoàn Diệu Quỳnh','Số 216, Đường Lý Thường Kiệt, Quảng Ninh','Mẹ','Trịnh Hương Hằng','1930-04-05','Cơ Ho','Việt Nam','055242856739','2019-05-16','06:45','Phường 5','2019-05-31');
INSERT INTO chungtu VALUES ('CT00000046','Trần Anh Xuân','Số 141, Đường Trần Phú, Hải Dương','Mẹ','Lâm Xuân Duy','1928-07-16','Ba Na','Việt Nam','017764105005','2001-03-02','04:40','Phường 4','2001-03-13');
INSERT INTO chungtu VALUES ('CT00000047','Tạ Hoài Mai','Số 42, Đường Nguyễn Huệ, TP. Hồ Chí Minh','Vợ','Đào Văn Bình','1961-12-15','Dao','Việt Nam','045232063044','2010-07-12','05:04','Xã Tân Hòa','2010-07-22');
INSERT INTO chungtu VALUES ('CT00000048','Đinh Ánh Chi','Số 74, Đường Lý Thường Kiệt, TP. Hồ Chí Minh','Chồng','Huỳnh Thị Oanh','1960-01-02','Chăm','Việt Nam','063886476219','2014-04-16','02:33','Phường 2','2014-05-10');
INSERT INTO chungtu VALUES ('CT00000049','Tô Ngọc Dung','Số 324, Đường Hùng Vương, Hải Dương','Anh','Dương Quốc Xuân','1947-05-09','Tày','Việt Nam','024278530188','2018-03-21','00:15','Phường 5','2018-04-03');
INSERT INTO chungtu VALUES ('CT00000050','Vương Thành Đạt','Số 310, Đường Đinh Tiên Hoàng, Quảng Ninh','Con gái','Bùi Minh Khải','1975-04-08','Hmông','Việt Nam','016664978542','2019-07-20','12:48','Xã Hùng Sơn','2019-08-10');
INSERT INTO chungtu VALUES ('CT00000051','Cao Tuấn Bảo','Số 59, Đường Đinh Tiên Hoàng, Ninh Bình','Cháu','Trần Lan Vân','1930-08-29','Nùng','Việt Nam','056404298370','2014-09-07','12:52','Xã Tân Hòa','2014-09-25');
INSERT INTO chungtu VALUES ('CT00000052','Tạ Hồng Quỳnh','Số 189, Đường Phan Bội Châu, Hà Nội','Cha','Nguyễn Đình Phong','1940-04-22','Gia Rai','Việt Nam','065382594081','2017-10-24','23:42','Thị trấn Bắc Giang','2017-11-21');
INSERT INTO chungtu VALUES ('CT00000053','Đoàn Hùng Quân','Số 369, Đường Hùng Vương, Hải Phòng','Mẹ','Đinh Ngọc Nhung','1922-02-18','Cơ Ho','Việt Nam','057256438011','2017-07-07','08:27','Xã An Bình','2017-07-26');
INSERT INTO chungtu VALUES ('CT00000054','Đoàn Kim Hằng','Số 300, Đường Ngô Quyền, Vĩnh Phúc','Con trai','Tạ Đức Thọ','1932-02-11','Thái','Việt Nam','077707824467','2015-02-14','20:28','Xã Long Phú','2015-03-12');
INSERT INTO chungtu VALUES ('CT00000055','Nguyễn Thanh Xuân','Số 399, Đường Trần Phú, Thái Nguyên','Chồng','Dương Diệu Bích','1970-03-18','Sán Chay','Việt Nam','099350128040','2002-09-11','10:12','Xã Hùng Sơn','2002-09-26');
INSERT INTO chungtu VALUES ('CT00000056','Đào Bích Diệp','Số 52, Đường Lý Thường Kiệt, Lạng Sơn','Con gái','Lê Phương Dung','1960-04-11','Cơ Ho','Việt Nam','094582985687','2019-04-28','06:04','Xã Tân Hòa','2019-05-16');
INSERT INTO chungtu VALUES ('CT00000057','Vũ Tất Sơn','Số 92, Đường Đinh Tiên Hoàng, Bắc Ninh','Cháu','Phan Lan An','1968-04-15','Chăm','Việt Nam','071139789558','2016-10-11','05:58','Phường 4','2016-10-19');
INSERT INTO chungtu VALUES ('CT00000058','Phan Xuân Vinh','Số 71, Đường Phan Bội Châu, Thanh Hóa','Con trai','Lâm Quốc Bình','1972-07-22','Sán Chay','Việt Nam','018187461955','2009-03-06','14:29','Xã Tân Hòa','2009-03-27');
INSERT INTO chungtu VALUES ('CT00000059','Cao Hùng Thắng','Số 305, Đường Hai Bà Trưng, Thái Nguyên','Cháu','Huỳnh Mỹ Uyên','1936-06-05','Mường','Việt Nam','039841737666','2011-08-06','07:03','Phường 1','2011-08-24');
INSERT INTO chungtu VALUES ('CT00000060','Phạm Ngọc Khoa','Số 173, Đường Lê Lợi, Bắc Giang','Anh','Hoàng Thanh Trâm','1973-04-11','Nùng','Việt Nam','042282025653','2003-07-28','05:48','Phường 1','2003-08-12');
INSERT INTO chungtu VALUES ('CT00000061','Bùi Kiều Nhi','Số 255, Đường Nguyễn Huệ, Thanh Hóa','Cháu','Vương Quốc Thọ','1928-02-24','Dao','Việt Nam','089141482669','2010-05-25','10:26','Phường 2','2010-06-10');
INSERT INTO chungtu VALUES ('CT00000062','Nguyễn Anh Đạt','Số 60, Đường Ngô Quyền, Thái Nguyên','Em gái','Đoàn Gia Tài','1943-08-01','Mường','Việt Nam','093853897801','2020-09-20','17:15','Xã An Bình','2020-09-22');
INSERT INTO chungtu VALUES ('CT00000063','Bùi Thành Duy','Số 289, Đường Hai Bà Trưng, Thanh Hóa','Mẹ','Lâm Gia Tuấn','1973-06-24','Nùng','Việt Nam','052832583842','2017-07-12','07:56','Phường 3','2017-08-02');
INSERT INTO chungtu VALUES ('CT00000064','Lý Văn Hưng','Số 141, Đường Hai Bà Trưng, Thái Nguyên','Con trai','Ngô Mỹ Quyên','1941-11-11','Chăm','Việt Nam','018966352775','2000-04-30','07:23','Phường 3','2000-05-17');
INSERT INTO chungtu VALUES ('CT00000065','Đinh Thanh Xuân','Số 181, Đường Nguyễn Huệ, TP. Hồ Chí Minh','Chồng','Lâm Viết Dũng','1935-09-26','Mường','Việt Nam','065459926137','2012-06-21','08:34','Xã Hùng Sơn','2012-07-03');
INSERT INTO chungtu VALUES ('CT00000066','Tô Tuyết Xuân','Số 275, Đường Ngô Quyền, Hải Phòng','Con trai','Cao Trung Vinh','1964-03-26','Tày','Việt Nam','031460674216','2005-11-22','05:30','Thị trấn Bắc Giang','2005-12-12');
INSERT INTO chungtu VALUES ('CT00000067','Hà Hoài Lam','Số 181, Đường Ngô Quyền, Thanh Hóa','Mẹ','Lưu Lan Ngân','1950-06-01','Thái','Việt Nam','053847522119','2017-01-19','03:02','Phường 2','2017-01-22');
INSERT INTO chungtu VALUES ('CT00000068','Dương Văn Phúc','Số 334, Đường Lê Duẩn, Bắc Ninh','Chồng','Hồ Lan Loan','1937-10-07','Hmông','Việt Nam','021860680290','2016-09-14','19:17','Phường 2','2016-10-08');
INSERT INTO chungtu VALUES ('CT00000069','Đinh Viết Cường','Số 55, Đường Phan Bội Châu, Nam Định','Anh','Lâm Thanh Oanh','1920-07-18','Nùng','Việt Nam','030232013243','2014-11-09','08:31','Xã Hùng Sơn','2014-11-19');
INSERT INTO chungtu VALUES ('CT00000070','Trần Nhật Quân','Số 127, Đường Hùng Vương, Thái Nguyên','Em gái','Nguyễn Quốc Thọ','1934-05-25','Sán Chay','Việt Nam','086275019195','2010-07-13','10:03','Xã Tân Hòa','2010-08-08');
INSERT INTO chungtu VALUES ('CT00000071','Phạm Khắc Đạt','Số 243, Đường Nguyễn Huệ, TP. Hồ Chí Minh','Em gái','Tạ Hương Vân','1924-09-24','Tày','Việt Nam','008724976504','2021-10-24','09:03','Phường 5','2021-11-19');
INSERT INTO chungtu VALUES ('CT00000072','Đặng Hoài Xuân','Số 308, Đường Ngô Quyền, Thái Nguyên','Con gái','Dương Hữu Hưng','1975-10-05','Xơ Đăng','Việt Nam','052209138358','2003-08-20','01:11','Xã Hùng Sơn','2003-09-02');
INSERT INTO chungtu VALUES ('CT00000073','Quách Thanh Hằng','Số 9, Đường Đinh Tiên Hoàng, TP. Hồ Chí Minh','Em gái','Hồ Thùy Dung','1967-04-24','Khmer','Việt Nam','037260748843','2013-04-18','05:25','Xã Tân Hòa','2013-05-02');
INSERT INTO chungtu VALUES ('CT00000074','Vũ Ánh Thư','Số 317, Đường Bà Triệu, Quảng Ninh','Em gái','Huỳnh Thùy Trâm','1933-06-03','Xơ Đăng','Việt Nam','000088137513','2002-08-17','05:49','Phường 2','2002-08-18');
INSERT INTO chungtu VALUES ('CT00000075','Hồ Ngọc Châu','Số 384, Đường Trần Phú, Bắc Ninh','Cha','Tống Hương Diệp','1960-03-28','Cơ Ho','Việt Nam','016473974790','2005-10-11','17:37','Phường 2','2005-11-05');
INSERT INTO chungtu VALUES ('CT00000076','Vương Minh Sơn','Số 38, Đường Bà Triệu, Bắc Giang','Cha','Lý Hùng Cường','1969-01-16','Mường','Việt Nam','017929499630','2008-12-05','03:59','Thị trấn Bắc Giang','2008-12-06');
INSERT INTO chungtu VALUES ('CT00000077','Hà Tất Khoa','Số 60, Đường Trần Hưng Đạo, Thanh Hóa','Mẹ','Võ Thúy Mai','1964-12-01','Chăm','Việt Nam','090376455605','2018-01-13','04:01','Phường 1','2018-01-29');
INSERT INTO chungtu VALUES ('CT00000078','Đoàn Viết Bình','Số 83, Đường Lê Lợi, Thanh Hóa','Mẹ','Tạ Bích Thảo','1961-03-17','Thái','Việt Nam','031086597269','2008-05-16','18:23','Phường 5','2008-05-27');
INSERT INTO chungtu VALUES ('CT00000079','Võ Đức Quang','Số 259, Đường Phan Bội Châu, Lạng Sơn','Anh','Hoàng Tú Ngân','1939-04-10','Dao','Việt Nam','017621541426','2024-12-16','20:44','Phường 3','2024-12-29');
INSERT INTO chungtu VALUES ('CT00000080','Đặng Đức Quang','Số 112, Đường Nguyễn Huệ, TP. Hồ Chí Minh','Mẹ','Hoàng Kim Linh','1968-10-24','Mường','Việt Nam','036103512686','2008-11-17','10:12','Phường 4','2008-12-11');
INSERT INTO chungtu VALUES ('CT00000081','Đoàn Ánh An','Số 252, Đường Lý Thường Kiệt, Đà Nẵng','Vợ','Phạm Lan Chi','1971-01-11','Dao','Việt Nam','086397430124','2018-05-24','03:38','Thị trấn Bắc Giang','2018-06-07');
INSERT INTO chungtu VALUES ('CT00000082','Phạm Thùy Yến','Số 395, Đường Lê Lợi, Hà Nội','Vợ','Hồ Đình Duy','1973-04-11','Tày','Việt Nam','012403679942','2024-02-28','03:46','Xã An Bình','2024-03-25');
INSERT INTO chungtu VALUES ('CT00000083','Vương Xuân Thắng','Số 95, Đường Nguyễn Huệ, Quảng Ninh','Cháu','Lê Hương Mai','1933-10-11','Thái','Việt Nam','079645408303','2015-03-16','23:59','Phường 4','2015-04-07');
INSERT INTO chungtu VALUES ('CT00000084','Phan Mai Lan','Số 82, Đường Ngô Quyền, Lạng Sơn','Mẹ','Đoàn Quốc Sơn','1962-10-15','Gia Rai','Việt Nam','013485437073','2021-08-19','21:35','Phường 2','2021-08-27');
INSERT INTO chungtu VALUES ('CT00000085','Vũ Quốc Tài','Số 239, Đường Lê Duẩn, Thanh Hóa','Cha','Đặng Tuyết Diệp','1921-04-02','Gia Rai','Việt Nam','092063063484','2005-11-11','16:07','Xã An Bình','2005-11-15');
INSERT INTO chungtu VALUES ('CT00000086','Trần Lan Quyên','Số 48, Đường Nguyễn Huệ, Quảng Ninh','Em gái','Lý Phương Nhung','1974-03-27','Ba Na','Việt Nam','006776938026','2015-07-28','07:10','Xã Tân Hòa','2015-08-04');
INSERT INTO chungtu VALUES ('CT00000087','Võ Khắc Giang','Số 244, Đường Lê Lợi, Hà Nội','Mẹ','Tống Tuấn Khánh','1946-04-02','Ê Đê','Việt Nam','059742010866','2005-04-09','08:16','Phường 1','2005-04-13');
INSERT INTO chungtu VALUES ('CT00000088','Ngô Tú Nhung','Số 310, Đường Lý Thường Kiệt, Hải Phòng','Cha','Vũ Nhật Thọ','1927-02-08','Tày','Việt Nam','094402015336','2011-09-29','23:53','Xã Hùng Sơn','2011-10-10');
INSERT INTO chungtu VALUES ('CT00000089','Lâm Anh Lộc','Số 33, Đường Trần Hưng Đạo, Nam Định','Cha','Võ Văn Tài','1927-04-15','Xơ Đăng','Việt Nam','084621463983','2003-08-21','03:22','Xã Long Phú','2003-09-13');
INSERT INTO chungtu VALUES ('CT00000090','Vũ Thị Lam','Số 38, Đường Phan Bội Châu, Quảng Ninh','Em gái','Lê Minh Nam','1961-03-27','Thái','Việt Nam','008474884801','2021-03-13','05:49','Xã Tân Hòa','2021-04-09');
INSERT INTO chungtu VALUES ('CT00000091','Tạ Xuân Tuấn','Số 35, Đường Lý Thường Kiệt, Vĩnh Phúc','Em gái','Đặng Trung Phúc','1964-02-16','Ê Đê','Việt Nam','087769989703','2015-02-10','21:39','Phường 1','2015-02-23');
INSERT INTO chungtu VALUES ('CT00000092','Vương Viết Tuấn','Số 396, Đường Lý Thường Kiệt, Thanh Hóa','Vợ','Hồ Hương Uyên','1922-04-20','Dao','Việt Nam','006243982796','2020-04-26','10:59','Phường 2','2020-05-01');
INSERT INTO chungtu VALUES ('CT00000093','Tạ Tú Mai','Số 159, Đường Trần Hưng Đạo, Bắc Giang','Anh','Tống Thúy Thảo','1968-01-06','Nùng','Việt Nam','062967177964','2011-01-19','15:51','Phường 4','2011-01-23');
INSERT INTO chungtu VALUES ('CT00000094','Đinh Anh Bình','Số 46, Đường Lê Duẩn, Hà Nội','Em gái','Đoàn Hương Phương','1957-01-10','Nùng','Việt Nam','094307280429','2007-01-08','00:59','Xã Hùng Sơn','2007-01-30');
INSERT INTO chungtu VALUES ('CT00000095','Võ Mỹ Lam','Số 332, Đường Trần Phú, Nam Định','Cháu','Bùi Minh Dũng','1942-08-02','Ê Đê','Việt Nam','090809376134','2019-01-21','05:18','Xã An Bình','2019-01-23');
INSERT INTO chungtu VALUES ('CT00000096','Đỗ Khắc Hải','Số 74, Đường Trần Hưng Đạo, Nam Định','Vợ','Bùi Hoài Hoa','1923-05-05','Hmông','Việt Nam','058497664287','2009-11-05','09:04','Phường 5','2009-12-04');
INSERT INTO chungtu VALUES ('CT00000097','Lê Khắc Kiên','Số 201, Đường Hoàng Diệu, Quảng Ninh','Chồng','Phạm Thanh Lam','1933-12-02','Hmông','Việt Nam','087931129034','2016-04-10','19:00','Phường 4','2016-04-28');
INSERT INTO chungtu VALUES ('CT00000098','Huỳnh Kim Quỳnh','Số 384, Đường Lê Lợi, Vĩnh Phúc','Mẹ','Lê Ngọc Hải','1957-06-06','Dao','Việt Nam','088562898768','2021-08-21','00:22','Phường 1','2021-08-23');
INSERT INTO chungtu VALUES ('CT00000099','Đỗ Ngọc Lan','Số 228, Đường Trần Phú, Hải Phòng','Chồng','Đào Thị Hà','1927-03-04','Khmer','Việt Nam','046442760674','2000-03-05','11:18','Xã Hùng Sơn','2000-03-16');
INSERT INTO chungtu VALUES ('CT00000100','Mai Bích Nhung','Số 5, Đường Hoàng Diệu, Bắc Giang','Mẹ','Đặng Mỹ Thảo','1927-10-19','Nùng','Việt Nam','002779121926','2019-07-10','21:11','Phường 3','2019-08-07');
INSERT INTO chungtu VALUES ('CT00000101','Vũ Văn Kiên','Số 246, Đường Hoàng Diệu, Đà Nẵng','Vợ','Ngô Mỹ Quỳnh','1951-01-04','Ba Na','Việt Nam','012997935028','2015-07-08','13:08','Xã Long Phú','2015-07-23');
INSERT INTO chungtu VALUES ('CT00000102','Trịnh Văn Thọ','Số 254, Đường Lê Duẩn, Bắc Giang','Vợ','Bùi Mỹ Dung','1948-05-03','Mường','Việt Nam','044737627050','2014-02-28','02:57','Phường 5','2014-03-28');
INSERT INTO chungtu VALUES ('CT00000103','Võ Thúy Ngân','Số 378, Đường Hai Bà Trưng, Cần Thơ','Mẹ','Đào Gia Bình','1941-08-23','Xơ Đăng','Việt Nam','013791168031','2000-12-24','23:55','Phường 2','2001-01-17');
INSERT INTO chungtu VALUES ('CT00000104','Lưu Bích Dung','Số 118, Đường Bà Triệu, Nam Định','Con gái','Hồ Kim Oanh','1974-04-17','Khmer','Việt Nam','010170072164','2018-07-24','22:32','Phường 4','2018-08-22');
INSERT INTO chungtu VALUES ('CT00000105','Trần Minh An','Số 295, Đường Hoàng Diệu, TP. Hồ Chí Minh','Chồng','Phan Mai Bích','1938-12-23','Kinh','Việt Nam','054985974941','2004-01-22','12:25','Phường 5','2004-02-13');
INSERT INTO chungtu VALUES ('CT00000106','Đào Đức Khoa','Số 178, Đường Trần Hưng Đạo, Quảng Ninh','Con gái','Mai Đình Nam','1951-07-20','Kinh','Việt Nam','002519780348','2007-09-06','01:20','Phường 4','2007-10-01');
INSERT INTO chungtu VALUES ('CT00000107','Lý Xuân Dũng','Số 280, Đường Lý Thường Kiệt, Đà Nẵng','Anh','Tô Quốc Khải','1965-04-08','Chăm','Việt Nam','098268779271','2010-02-28','12:03','Phường 2','2010-03-24');
INSERT INTO chungtu VALUES ('CT00000108','Bùi Viết Nam','Số 221, Đường Phan Bội Châu, Hải Phòng','Chồng','Võ Lan Lan','1975-07-08','Chăm','Việt Nam','063299125579','2001-12-02','02:59','Phường 2','2001-12-23');
INSERT INTO chungtu VALUES ('CT00000109','Võ Mai Phương','Số 330, Đường Nguyễn Huệ, Lạng Sơn','Anh','Trịnh Thu Thảo','1945-11-29','Kinh','Việt Nam','095264195887','2011-05-02','19:20','Phường 3','2011-06-01');
INSERT INTO chungtu VALUES ('CT00000110','Hà Thu Quỳnh','Số 357, Đường Hai Bà Trưng, Hải Dương','Con trai','Phan Khắc Hưng','1967-03-01','Ê Đê','Việt Nam','045556639302','2022-09-03','15:04','Phường 1','2022-09-04');
INSERT INTO chungtu VALUES ('CT00000111','Đào Gia Sơn','Số 81, Đường Phan Bội Châu, Thái Nguyên','Chồng','Quách Hồng Lam','1955-07-08','Gia Rai','Việt Nam','096567940056','2000-04-16','02:58','Phường 3','2000-05-10');
INSERT INTO chungtu VALUES ('CT00000112','Bùi Ánh Châu','Số 115, Đường Đinh Tiên Hoàng, Thanh Hóa','Con trai','Lý Đình Kiên','1945-10-07','Sán Chay','Việt Nam','091461478471','2013-02-19','08:25','Xã Long Phú','2013-03-01');
INSERT INTO chungtu VALUES ('CT00000113','Tô Văn Dũng','Số 179, Đường Hùng Vương, Cần Thơ','Anh','Ngô Văn Lộc','1965-03-06','Mường','Việt Nam','004184013996','2001-09-28','19:02','Xã Long Phú','2001-10-22');
INSERT INTO chungtu VALUES ('CT00000114','Lâm Hùng Phúc','Số 169, Đường Hai Bà Trưng, Bắc Ninh','Cháu','Nguyễn Kim Lam','1968-10-26','Sán Chay','Việt Nam','081854815385','2017-11-23','17:27','Phường 4','2017-11-28');
INSERT INTO chungtu VALUES ('CT00000115','Nguyễn Ngọc Vinh','Số 134, Đường Trần Phú, TP. Hồ Chí Minh','Em gái','Phan Nhật Bình','1933-05-05','Cơ Ho','Việt Nam','050449912599','2012-03-20','20:29','Xã Hùng Sơn','2012-04-08');
INSERT INTO chungtu VALUES ('CT00000116','Tống Đức Phong','Số 380, Đường Hoàng Diệu, Thanh Hóa','Cháu','Lê Gia Đạt','1943-12-24','Sán Chay','Việt Nam','018412749522','2020-08-05','21:24','Thị trấn Bắc Giang','2020-09-04');
INSERT INTO chungtu VALUES ('CT00000117','Ngô Công Vinh','Số 211, Đường Trần Phú, Nam Định','Em gái','Mai Bá Tuấn','1920-06-26','Gia Rai','Việt Nam','000532404903','2006-02-08','19:33','Xã An Bình','2006-02-28');
INSERT INTO chungtu VALUES ('CT00000118','Vương Đình Xuân','Số 294, Đường Nguyễn Huệ, Lạng Sơn','Anh','Đoàn Minh Mạnh','1958-02-27','Khmer','Việt Nam','025579254985','2002-06-23','07:28','Xã Tân Hòa','2002-07-11');
INSERT INTO chungtu VALUES ('CT00000119','Đinh Hoài Chi','Số 156, Đường Lê Duẩn, Hải Phòng','Mẹ','Huỳnh Diệu Quyên','1975-08-04','Dao','Việt Nam','096253894322','2008-04-26','05:13','Phường 2','2008-05-26');
INSERT INTO chungtu VALUES ('CT00000120','Đào Công Quân','Số 135, Đường Ngô Quyền, Nam Định','Cha','Tạ Quốc Thắng','1968-10-06','Sán Chay','Việt Nam','076448458880','2011-06-29','04:30','Phường 4','2011-07-01');

SET FOREIGN_KEY_CHECKS = 1;

-- =====================================================
-- KIỂM TRA NHANH SAU KHI IMPORT
-- =====================================================
/*
SELECT 'hokhau'       AS Bang, COUNT(*) AS SoBanGhi FROM hokhau       UNION ALL
SELECT 'nhankhau',             COUNT(*)             FROM nhankhau      UNION ALL
SELECT 'tienantiensu',         COUNT(*)             FROM tienantiensu  UNION ALL
SELECT 'tamtru',               COUNT(*)             FROM tamtru        UNION ALL
SELECT 'kethon',               COUNT(*)             FROM kethon        UNION ALL
SELECT 'chungtu',              COUNT(*)             FROM chungtu       UNION ALL
SELECT 'canbo',                COUNT(*)             FROM canbo;
*/